transaction_id,device_id,merchant_id,timestamp,transaction_amount,retry_count,device_uptime_hrs,firmware_version,last_ping_gap_sec,geo_city,geo_lat,geo_lon,ip_consistency_flag,label,fraud_type
737cbcc9-90b6-40ca-8643-75d6d83cecb3,POS-43D83AB1,MER-C30AE6,2026-08-01T00:18:51.193524,3235.57,0,185.0,v2.2.0,2.24,Kolkata,22.5726,88.3639,1,normal,
2a8215ab-5321-4e9b-a664-36b622b341b0,POS-CD16D1EF,MER-7BDF7F,2026-08-01T00:28:59.184944,4372.43,1,55.6,v2.1.0,2.55,Mumbai,19.076,72.8777,1,normal,
85fbcf82-6fb0-4dd0-95b1-09bf2dc868c0,POS-B7140521,MER-A41052,2026-08-01T00:31:17.132779,2410.19,0,297.2,v2.1.0,1.8,Nagpur,21.1458,79.0882,1,normal,
faaf196c-a9dd-4af3-911d-d219b81b971d,POS-9CD505AA,MER-1F157D,2026-08-01T00:35:06.697777,929.28,0,307.9,v2.1.1,1.84,Pune,18.5204,73.8567,1,normal,
7235b85c-5f18-4f7f-9616-830a34671196,POS-3BF5E359,MER-A82822,2026-08-01T01:03:16.325787,1807.94,0,274.3,v2.2.0,1.43,Mumbai,19.076,72.8777,1,normal,
d6096ec7-fb32-4258-b8da-4ed755b6b355,POS-7249E858,MER-AE0327,2026-08-01T01:11:13.491125,3881.97,0,365.7,v2.3.0-beta,1.65,Kolkata,22.5726,88.3639,1,normal,
f1157caf-d25f-4d02-841f-d45bd18b4f56,POS-70E04A75,MER-F51428,2026-08-01T01:20:30.778539,1343.36,0,189.6,v2.1.1,2.09,Pune,18.5204,73.8567,1,normal,
8e5d37c4-44cf-4ef2-a318-8954553d2edc,POS-15DBCFD0,MER-2D83F7,2026-08-01T01:23:07.258822,2910.99,0,422.4,v2.2.0,1.42,Hyderabad,17.385,78.4867,1,normal,
c035f725-85e4-437e-b375-9059274f3071,POS-0E673AA4,MER-A73341,2026-08-01T01:28:50.297631,4359.18,1,362.9,v2.2.0,2.72,Hyderabad,17.385,78.4867,1,normal,
5f245013-aa49-4f2b-86cc-b14d027a2cd5,POS-87CA5368,MER-503568,2026-08-01T01:32:05.643695,382.94,0,355.3,v2.3.0-beta,0.6,Pune,18.5204,73.8567,1,normal,
3c9be383-2002-4369-8972-adbe75753d77,POS-D2E37BD7,MER-94832D,2026-08-01T01:36:06.992274,4157.84,1,328.4,v2.3.0-beta,2.21,Kolkata,22.5726,88.3639,1,normal,
6641e646-e16c-4317-8319-0ba8fa5154a6,POS-A8756576,MER-414EF8,2026-08-01T01:50:37.481542,3968.38,0,105.9,v2.1.0,2.29,Pune,18.5204,73.8567,1,normal,
a57e5ceb-cb1b-4c53-bd34-7bda78ff854a,POS-5CD2AFE7,MER-C65F5C,2026-08-01T02:19:09.493245,1268.57,0,356.4,v2.3.0-beta,2.1,Hyderabad,17.385,78.4867,1,normal,
11ee527c-f216-43d1-a896-fb7d85edc849,POS-F66B7F18,MER-589763,2026-08-01T02:24:25.150774,2632.66,0,463.4,v2.2.0,0.98,Pune,18.5204,73.8567,1,normal,
65276492-3532-4180-a904-0b8eb5b82dbc,POS-47CB19EB,MER-7848E9,2026-08-01T02:25:28.213784,1075.32,1,328.9,v2.2.0,1.19,Bengaluru,12.9716,77.5946,1,normal,
b965c612-1f68-4428-a951-fe608b94a679,POS-4167FD28,MER-DA1B0B,2026-08-01T02:28:35.242949,1013.31,0,440.2,v2.1.0,2.52,Delhi,28.7041,77.1025,1,normal,
944e7426-ba1d-42dc-a813-06d4b3d04062,POS-FCC69214,MER-85878E,2026-08-01T02:34:23.782429,2547.48,1,152.0,v2.2.0,1.49,Hyderabad,17.385,78.4867,1,normal,
09129cce-d467-48a3-ac48-d5dd3cd00cb4,POS-D122D405,MER-F03908,2026-08-01T02:37:26.422582,1034.88,0,303.9,v2.1.0,0.89,Mumbai,19.076,72.8777,1,normal,
225820d1-2dff-4c9c-b286-7edc4dc68fb0,POS-BB11FCF8,MER-275B28,2026-08-01T02:41:48.939650,3833.31,1,255.7,v2.1.0,1.11,Mumbai,19.076,72.8777,1,normal,
43c0e14b-7163-4516-b2be-e73276da9596,POS-B66D5760,MER-221884,2026-08-01T02:43:22.127638,4702.94,0,484.4,v2.1.0,1.38,Hyderabad,17.385,78.4867,1,normal,
51170c77-a58f-4af5-9c30-55032a8a6590,POS-81C99677,MER-2280B3,2026-08-01T03:02:59.637070,4149.7,0,5.3,v2.1.0,1.31,Nagpur,21.1458,79.0882,1,normal,
c1c4bcf9-ec73-446a-821e-5c1b08331892,POS-DEE4DD42,MER-D53081,2026-08-01T03:04:54.290089,883.57,1,1.8,v2.1.0,0.67,Mumbai,19.076,72.8777,1,normal,
f50a6a8d-3477-4ca3-9c55-60ce1c763ee7,POS-B27C0D31,MER-6BDAEB,2026-08-01T03:13:43.439949,1836.88,0,422.5,v2.1.1,1.82,Pune,18.5204,73.8567,1,normal,
3ecf156a-167c-4b30-a22c-43e8a16ac724,POS-FB95985B,MER-7765F7,2026-08-01T03:28:57.666922,4026.89,1,480.8,v2.1.0,0.75,Hyderabad,17.385,78.4867,1,normal,
aaeed0a7-032e-4cf9-9e99-b6578f98c962,POS-AD5BA00A,MER-5FE21C,2026-08-01T03:41:08.154777,172.63,0,403.7,v2.3.0-beta,1.25,Pune,18.5204,73.8567,1,normal,
3f8b1329-f3dc-40ad-8c2f-e64a912585ce,POS-6C1EE20B,MER-F3F810,2026-08-01T03:42:37.278552,3747.72,0,65.5,v2.1.1,1.83,Bengaluru,12.9716,77.5946,1,normal,
b1790d9e-823b-4d41-8ce0-66888db9b000,POS-EBF11023,MER-16D60A,2026-08-01T03:47:35.059495,1434.91,0,350.4,v2.2.0,1.62,Hyderabad,17.385,78.4867,1,normal,
57121ee1-2bc3-4ba7-b03a-5e1b9eee94a6,POS-659CC7FB,MER-F997E8,2026-08-01T04:04:11.246774,1815.41,0,479.4,v2.1.1,1.75,Mumbai,19.076,72.8777,1,normal,
22a804b8-a12c-47ae-8952-6ab4a9f95e1a,POS-BB11FCF8,MER-275B28,2026-08-01T04:17:10.790977,257.87,1,344.5,v2.1.0,0.89,Mumbai,19.076,72.8777,1,normal,
7ae03caa-8c74-480e-bf59-8c2ef2131b99,POS-3637119B,MER-7355A0,2026-08-01T04:22:39.466890,833.66,0,175.1,v2.1.1,2.27,Hyderabad,17.385,78.4867,1,normal,
8b946da2-0d86-4808-bff8-0bcb78f2474b,POS-1B73B11B,MER-95FEFA,2026-08-01T04:27:05.380828,2617.18,0,347.8,v2.2.0,2.41,Hyderabad,17.385,78.4867,1,normal,
597000e8-2a33-46d2-8ed4-2560a9883029,POS-70A8C312,MER-778AE7,2026-08-01T04:27:27.845467,3493.21,0,494.1,v2.1.0,1.56,Chennai,13.0827,80.2707,1,normal,
7b71394c-4a6f-4955-bb26-59f6d68f93c4,POS-3BD6788B,MER-FA377E,2026-08-01T04:40:01.675283,4169.28,0,144.4,v2.1.0,1.5,Pune,18.5204,73.8567,1,normal,
56aab3d6-6169-4559-b172-a2c8b28f3e6a,POS-CC8EC905,MER-15DD11,2026-08-01T04:43:51.337742,1721.15,0,142.8,v2.1.0,1.1,Hyderabad,17.385,78.4867,1,normal,
f67d9725-a90f-446a-909a-ac2ccf9f0358,POS-32F79BA7,MER-9F2DF0,2026-08-01T04:44:53.534465,1821.54,0,72.1,v2.2.0,1.6,Hyderabad,17.385,78.4867,1,normal,
ff14ea87-d03b-4acc-8f91-e8f7973f41d2,POS-BB11FCF8,MER-275B28,2026-08-01T04:52:37.586269,36688.26,0,616.4,v2.1.0,0.96,Mumbai,19.076,72.8777,1,fraud,bust_out
9b825e97-4e88-4979-98ba-6d6eef922521,POS-E2ABAA01,MER-94FBB2,2026-08-01T04:57:13.378630,709.36,0,487.2,v2.1.0,1.49,Nagpur,21.1458,79.0882,1,normal,
06651b18-81c9-4dec-9e39-e14cdbcb404b,POS-D780167B,MER-226112,2026-08-01T05:04:22.286110,3007.93,0,194.5,v2.3.0-beta,1.02,Kolkata,22.5726,88.3639,1,normal,
c308f755-59d3-45cc-b0d1-5d3a93032b1c,POS-9CD505AA,MER-1F157D,2026-08-01T05:12:59.171802,4171.77,1,277.5,v2.1.1,2.57,Pune,18.5204,73.8567,1,normal,
21afa4b9-19c6-4033-870c-d8968abccc23,POS-AF1B4891,MER-875B51,2026-08-01T05:22:22.577000,346.97,0,57.3,v2.1.0,2.16,Mumbai,19.076,72.8777,1,normal,
356ff6b0-d72d-4dc8-815d-941a896763e6,POS-76F7895E,MER-F17607,2026-08-01T05:32:17.876215,3861.66,0,14.9,v2.1.1,2.27,Pune,18.5204,73.8567,1,normal,
11fb60ad-3b01-4a60-b6cb-c6ecfe70bec3,POS-D9E1B170,MER-4FA9A0,2026-08-01T05:33:45.202811,3286.4,1,211.8,v2.1.1,0.64,Delhi,28.7041,77.1025,1,normal,
4886171f-57ac-458e-9589-6bb44a96006f,POS-EF533CFF,MER-837BC2,2026-08-01T05:35:22.330843,4675.14,1,426.1,v2.2.0,2.67,Nagpur,21.1458,79.0882,1,normal,
b74c0d2e-ac3d-4bd9-8c96-354d89ce9476,POS-0E2B0643,MER-16DFEB,2026-08-01T05:44:21.563237,4160.34,0,66.2,v2.3.0-beta,2.56,Bengaluru,12.9716,77.5946,1,normal,
229ebbae-f8a4-4b0a-b825-074a711606f2,POS-4167FD28,MER-DA1B0B,2026-08-01T05:55:58.448040,4348.24,0,489.0,v2.1.0,2.17,Delhi,28.7041,77.1025,1,normal,
63948e50-6eb3-450b-baf4-04524b6baad5,POS-F66B7F18,MER-589763,2026-08-01T06:18:06.937311,532.27,0,224.4,v2.2.0,0.87,Pune,18.5204,73.8567,1,normal,
239b9d13-ae0e-4b54-b2a6-63ad77d80ff2,POS-862B6369,MER-4CCB87,2026-08-01T06:47:28.378618,2693.97,0,23.7,v2.1.1,0.64,Nagpur,21.1458,79.0882,1,normal,
32f06a48-2c31-4cd2-9ece-8739eab4ed8a,POS-105BE397,MER-3B97DB,2026-08-01T06:48:34.752895,4487.68,0,250.2,v2.1.0,1.29,Chennai,13.0827,80.2707,1,normal,
a265c857-85e1-4443-b5ab-5e02ce283a68,POS-CDFD9F1A,MER-243265,2026-08-01T06:59:35.039784,2386.08,6,24.6,v2.1.0,10.55,Bengaluru,12.9716,77.5946,1,fraud,retry_storm
8fb95c47-d4a1-469f-a9b0-1fc31d3e813b,POS-34F01FAC,MER-FE16C9,2026-08-01T07:04:04.535411,1125.08,1,156.5,v2.1.1,2.5,Chennai,13.0827,80.2707,1,normal,
e183f864-6b1d-4b8e-ab7d-368d535a1b9d,POS-52FC2A7B,MER-31B3EE,2026-08-01T07:07:09.959100,1708.5,1,468.6,v2.1.1,2.22,Delhi,28.7041,77.1025,1,normal,
e98036e5-7b08-4ceb-a9e7-352fe782d0fb,POS-3BD6788B,MER-FA377E,2026-08-01T07:12:24.206679,2399.2,1,241.1,v2.1.0,1.74,Pune,18.5204,73.8567,1,normal,
a1b46044-7a26-4d12-8cb4-516ec677d5b3,POS-81C99677,MER-2280B3,2026-08-01T07:29:03.666579,252.72,0,412.9,v2.1.0,0.81,Nagpur,21.1458,79.0882,1,normal,
4ec21424-f86d-4f1d-9fd4-7df4bfa1b343,POS-7F1981DF,MER-B33B9B,2026-08-01T07:34:29.712307,1363.57,0,371.1,v2.2.0,1.82,Nagpur,21.1458,79.0882,1,normal,
33dab639-7a6d-4e79-a599-21e4f0ad9111,POS-C9DBE224,MER-11AEAE,2026-08-01T07:37:11.336726,3474.63,0,304.8,v2.3.0-beta,0.51,Bengaluru,12.9716,77.5946,1,normal,
0f55dd09-4b92-4618-bcc1-4e6875213f8b,POS-7F1981DF,MER-B33B9B,2026-08-01T07:38:42.427087,989.46,0,454.5,v2.2.0,2.25,Nagpur,21.1458,79.0882,1,normal,
6c87f87c-0f97-4393-b4d2-8916cdde280b,POS-520C7452,MER-52D41B,2026-08-01T07:39:31.164031,4460.69,1,495.9,v2.2.0,1.41,Kolkata,22.5726,88.3639,1,normal,
d7de0bee-614f-4ca8-b8b0-4aa17930b3db,POS-2D6C822A,MER-CA6F11,2026-08-01T07:48:32.302817,3715.56,1,90.6,v2.1.0,0.96,Kolkata,22.5726,88.3639,1,normal,
50b33aca-87ba-49ff-8a52-eaa41007575d,POS-80C06FB8,MER-0D360C,2026-08-01T07:48:47.429820,3473.74,1,231.2,v2.1.0,1.45,Delhi,28.7041,77.1025,1,normal,
832507c7-f287-4cc1-993b-0d68ac4597a8,POS-8E1D47A7,MER-9204E3,2026-08-01T07:48:54.176900,4650.69,0,221.2,v2.1.0,0.5,Delhi,28.7041,77.1025,1,normal,
a08613c1-804d-401e-a0cf-ac6b551f7b14,POS-383A0EE8,MER-ECE86F,2026-08-01T08:13:47.896827,1210.38,1,192.9,v2.1.1,2.97,Mumbai,19.076,72.8777,1,normal,
347d2cdb-2b15-4f10-94d8-cf67d272cc30,POS-C2744B6C,MER-4093C0,2026-08-01T08:21:58.364934,2203.73,0,266.3,v2.1.1,1.82,Nagpur,21.1458,79.0882,1,normal,
2cc67aef-a0f9-4cb8-b473-deaf7c1e7e61,POS-00CFCF07,MER-73C8B8,2026-08-01T08:25:03.705833,7.64,0,71.7,v2.3.0-beta,1.03,Kolkata,22.5726,88.3639,1,fraud,card_testing
71b96b15-e8f0-4633-a595-520a380c12eb,POS-00CFCF07,MER-73C8B8,2026-08-01T08:25:04.789164,8.01,2,463.8,v2.3.0-beta,0.48,Kolkata,22.5726,88.3639,1,fraud,card_testing
2ab188ce-042a-4513-baf6-58d5dd53c318,POS-00CFCF07,MER-73C8B8,2026-08-01T08:25:07.420858,2.36,1,110.0,v2.3.0-beta,0.48,Kolkata,22.5726,88.3639,1,fraud,card_testing
a29fd650-b21e-4991-8adf-179562b5ac40,POS-00CFCF07,MER-73C8B8,2026-08-01T08:25:09.565548,15.39,2,291.2,v2.3.0-beta,0.58,Kolkata,22.5726,88.3639,1,fraud,card_testing
689c7e51-f1ed-401c-b631-add62edc8cfa,POS-00CFCF07,MER-73C8B8,2026-08-01T08:25:10.638198,13.7,0,323.2,v2.3.0-beta,0.51,Kolkata,22.5726,88.3639,1,fraud,card_testing
91bb8353-a219-4b64-8ab2-9c68257d8fa8,POS-00CFCF07,MER-73C8B8,2026-08-01T08:25:15.739874,5.92,2,14.5,v2.3.0-beta,1.1,Kolkata,22.5726,88.3639,1,fraud,card_testing
743db862-b10c-4aed-ac42-4d6bc06e52c6,POS-00CFCF07,MER-73C8B8,2026-08-01T08:25:17.838324,4.7,2,54.4,v2.3.0-beta,1.09,Kolkata,22.5726,88.3639,1,fraud,card_testing
7defbf54-1f72-4492-bcec-3d688ef654f0,POS-00CFCF07,MER-73C8B8,2026-08-01T08:25:18.042178,6.64,0,22.3,v2.3.0-beta,0.75,Kolkata,22.5726,88.3639,1,fraud,card_testing
6f29ebbc-b300-44e2-87a1-934a5a04543e,POS-00CFCF07,MER-73C8B8,2026-08-01T08:25:18.765970,17.26,0,409.6,v2.3.0-beta,0.4,Kolkata,22.5726,88.3639,1,fraud,card_testing
2d77317e-2618-41bb-bc4c-3e77771ceb80,POS-00CFCF07,MER-73C8B8,2026-08-01T08:25:24.476226,13.59,0,355.9,v2.3.0-beta,0.95,Kolkata,22.5726,88.3639,1,fraud,card_testing
5eb7e507-32f9-4e6f-adca-7bdd7d0ecfb8,POS-00CFCF07,MER-73C8B8,2026-08-01T08:25:29.952628,1.77,1,287.4,v2.3.0-beta,1.32,Kolkata,22.5726,88.3639,1,fraud,card_testing
5a3d046d-3caa-4bb1-b21f-558cb58f974f,POS-00CFCF07,MER-73C8B8,2026-08-01T08:25:39.220945,2.79,0,391.3,v2.3.0-beta,0.75,Kolkata,22.5726,88.3639,1,fraud,card_testing
51696943-6a64-44aa-a6f8-ca45b1885624,POS-75E7B52C,MER-837894,2026-08-01T08:30:02.512870,1881.54,0,105.5,v2.2.0,1.32,Chennai,13.0827,80.2707,1,normal,
9e0f493d-e63b-4efc-9213-80da0ef5d138,POS-BC46E34D,MER-0DC332,2026-08-01T08:43:00.754398,885.2,0,333.7,v2.2.0,0.68,Mumbai,19.076,72.8777,1,normal,
269559e3-920c-4769-838a-f758fd013527,POS-32F79BA7,MER-9F2DF0,2026-08-01T08:45:02.369304,1578.89,0,171.5,v2.2.0,2.42,Hyderabad,17.385,78.4867,1,normal,
1e52844c-c3e5-498d-9c0f-4157e3732efa,POS-CBC618C2,MER-07EDD3,2026-08-01T09:00:25.562480,2513.62,0,466.5,v2.3.0-beta,2.16,Mumbai,19.076,72.8777,1,normal,
5e7627ab-0899-4917-be21-3defbcc26e30,POS-10016958,MER-25A16E,2026-08-01T09:14:33.903740,3839.41,1,12.7,v2.1.1,2.29,Delhi,28.7041,77.1025,1,normal,
2f566b46-6d08-4e89-afe8-056845584ce8,POS-3BF5E359,MER-A82822,2026-08-01T09:33:55.566527,2416.05,0,459.0,v2.2.0,1.0,Mumbai,19.076,72.8777,1,normal,
c1d1b5ea-6e2c-4ef0-a563-b1b9898f84fa,POS-9C17BF21,MER-B0A7FE,2026-08-01T09:47:32.516146,3050.49,0,341.7,v2.1.0,0.74,Nagpur,21.1458,79.0882,1,normal,
f660b27e-b108-45bf-826d-f486e7e956d4,POS-77136499,MER-3E00AA,2026-08-01T09:47:35.127330,2375.01,0,492.9,v2.3.0-beta,1.44,Bengaluru,12.9716,77.5946,1,normal,
8744e678-8b8a-4384-90f9-cc2c231c43bd,POS-8BA2BC27,MER-CDDE89,2026-08-01T09:51:28.981784,2649.62,0,317.8,v2.1.1,0.77,Bengaluru,12.9716,77.5946,1,normal,
3fef8c99-367a-469f-bb59-31c68c3c8a8b,POS-6C3D83AB,MER-BCAE45,2026-08-01T09:57:09.453754,163.7,0,453.5,v2.1.0,2.94,Bengaluru,12.9716,77.5946,1,normal,
42c5f94a-c393-46ba-913f-4a6a7ec15511,POS-5B84BAFA,MER-54F0E4,2026-08-01T10:15:12.500390,1412.53,0,411.3,v2.1.1,1.09,Chennai,13.0827,80.2707,1,normal,
f366d112-a0b7-4303-b799-adada6b0e675,POS-E2ABAA01,MER-94FBB2,2026-08-01T10:18:13.367211,4604.85,0,166.4,v2.1.0,0.72,Nagpur,21.1458,79.0882,1,normal,
dda2e328-d762-4968-9e01-62afbdf684da,POS-D8B3BBA8,MER-81983E,2026-08-01T10:18:58.224484,4222.26,0,11.5,v2.3.0-beta,2.19,Hyderabad,17.385,78.4867,1,normal,
1a08d53d-a097-4265-b825-cac3083d7423,POS-20AF02F8,MER-8C904C,2026-08-01T10:27:50.715772,369.14,1,404.8,v2.1.0,0.73,Hyderabad,17.385,78.4867,1,normal,
b5d7a346-efa8-4c1b-a6e0-86866bb72fbf,POS-81C99677,MER-2280B3,2026-08-01T10:31:51.625101,4158.69,1,138.0,v2.1.0,1.91,Nagpur,21.1458,79.0882,1,normal,
8e3639f6-7f48-4bb1-b2b0-18f9def06c89,POS-74235C6B,MER-4BCD8F,2026-08-01T10:32:38.221400,3562.19,1,0.2,v2.1.0,9.36,Bengaluru,12.9716,77.5946,0,fraud,device_spoof
bb312076-55ba-4f6b-b9cc-941a20485f40,POS-B41DA6C4,MER-9C5AB9,2026-08-01T10:46:26.753931,263.56,0,68.2,v2.1.1,1.78,Mumbai,19.076,72.8777,1,normal,
4c68b9db-5e6b-4352-a598-2a33da7407fa,POS-A9C6662D,MER-C0726A,2026-08-01T11:03:09.946849,3837.03,0,441.0,v2.3.0-beta,1.73,Pune,18.5204,73.8567,1,normal,
d245a60e-7be7-4894-b4bc-c363ef7a4283,POS-EEE16951,MER-D3A1BB,2026-08-01T11:16:57.699832,203.93,0,104.3,v2.3.0-beta,2.57,Bengaluru,12.9716,77.5946,1,normal,
f6c4135a-93bc-4fc3-99fe-df904099487a,POS-00CFCF07,MER-73C8B8,2026-08-01T11:24:05.090866,3598.5,0,44.7,v2.3.0-beta,0.64,Kolkata,22.5726,88.3639,1,normal,
6b131f1e-6e7f-4098-a268-29bff4a50ebf,POS-8BA2BC27,MER-CDDE89,2026-08-01T11:29:13.569332,876.33,0,67.1,v2.1.1,2.67,Bengaluru,12.9716,77.5946,1,normal,
0abc165d-28d0-49cc-93ac-b7c300da23de,POS-6C1EE20B,MER-F3F810,2026-08-01T11:34:20.827815,477.57,0,332.7,v2.1.1,1.62,Bengaluru,12.9716,77.5946,1,normal,
a9e659bc-b57b-44a3-abd3-eb112e6aa043,POS-055D6FBC,MER-294500,2026-08-01T11:37:41.142357,3232.37,0,239.9,v2.2.0,0.61,Kolkata,22.5726,88.3639,1,normal,
be0c36de-0d72-45f1-b0b0-485c14f686bf,POS-A9C6662D,MER-C0726A,2026-08-01T11:51:53.043617,2236.36,0,323.0,v2.3.0-beta,1.4,Pune,18.5204,73.8567,1,normal,
ca9d3db3-61b1-4314-a49c-ac1a73891052,POS-81C99677,MER-2280B3,2026-08-01T12:08:10.224065,3275.59,1,40.3,v2.1.0,1.66,Nagpur,21.1458,79.0882,1,normal,
daade8a1-7e1c-4c2a-a038-517bf32dbd8e,POS-B93996C3,MER-901889,2026-08-01T12:10:30.038277,4982.1,0,245.1,v2.3.0-beta,0.66,Delhi,28.7041,77.1025,1,normal,
0d7578fe-8395-417b-9719-d9b2b7daefc5,POS-BC46E34D,MER-0DC332,2026-08-01T12:19:35.778318,658.33,0,475.6,v2.2.0,2.38,Mumbai,19.076,72.8777,1,normal,
d57d738e-11fd-4d7e-89cb-9dd97fa8b494,POS-A9C6662D,MER-C0726A,2026-08-01T12:26:12.243513,3037.86,0,135.8,v2.3.0-beta,1.83,Pune,18.5204,73.8567,1,normal,
9939a144-3144-48d6-b210-ef1055747299,POS-055D6FBC,MER-294500,2026-08-01T12:36:06.620752,4648.97,0,15.4,v2.2.0,1.18,Kolkata,22.5726,88.3639,1,normal,
f4ca64bc-ccf4-4d61-af10-06dc91957972,POS-D122D405,MER-F03908,2026-08-01T12:40:57.423903,3845.51,0,378.2,v2.1.0,2.04,Mumbai,19.076,72.8777,1,normal,
5bd9812e-1b65-4a9a-93d2-abf266e9596d,POS-6C3D83AB,MER-BCAE45,2026-08-01T12:52:59.545385,62.11,0,150.8,v2.1.0,2.1,Bengaluru,12.9716,77.5946,1,normal,
b672fe17-6361-4f88-b4c6-8055354fde5b,POS-5CD2AFE7,MER-C65F5C,2026-08-01T13:07:41.015490,4517.58,0,4.3,v2.3.0-beta,2.58,Hyderabad,17.385,78.4867,1,normal,
ff9f7853-1b56-409e-921e-93e9432ee5a9,POS-FC0168BE,MER-ABA7C3,2026-08-01T13:10:34.446543,295.77,0,428.7,v2.2.0,2.12,Hyderabad,17.385,78.4867,1,normal,
5e218aa9-13d0-44ab-9db6-89f11f7061fb,POS-10016958,MER-25A16E,2026-08-01T13:16:45.528736,3374.7,0,196.0,v2.1.1,2.02,Delhi,28.7041,77.1025,1,normal,
e95dc0d9-7752-412e-9228-e7f16a0a515e,POS-B81706F4,MER-CC7ACE,2026-08-01T13:27:48.429788,1446.92,0,33.6,v2.3.0-beta,1.99,Nagpur,21.1458,79.0882,1,normal,
e675ad1b-28f6-4f6c-ab3b-4da03fe4649f,POS-CC8EC905,MER-15DD11,2026-08-01T13:30:37.992831,273.34,0,175.1,v2.1.0,2.36,Hyderabad,17.385,78.4867,1,normal,
b0418e9a-783a-47f8-8dcc-fc0a77923847,POS-BB11FCF8,MER-275B28,2026-08-01T13:39:08.786651,3835.36,1,497.2,v2.1.0,0.67,Mumbai,19.076,72.8777,1,normal,
b0e04220-24a7-40d3-81a3-0201e8d54396,POS-0E2B0643,MER-16DFEB,2026-08-01T13:51:26.396539,3168.61,0,355.2,v2.3.0-beta,1.28,Bengaluru,12.9716,77.5946,1,normal,
b0f583d2-1b73-4087-8bd3-546ecf8efb76,POS-4A5BFB60,MER-B81D68,2026-08-01T13:52:30.324536,3186.03,0,135.3,v2.1.1,2.91,Chennai,13.0827,80.2707,1,normal,
71344443-5568-4b94-bc83-ba284f9c29a4,POS-AD5BA00A,MER-5FE21C,2026-08-01T13:55:54.888868,1713.84,1,362.4,v2.3.0-beta,2.6,Pune,18.5204,73.8567,1,normal,
82ac66ab-5c7d-40f6-b0f6-0896b0125e4c,POS-F1C56238,MER-7963AE,2026-08-01T14:03:29.978222,286.78,0,70.2,v2.2.0,2.98,Kolkata,22.5726,88.3639,1,normal,
a374f548-4dad-41d3-94f8-2868429d734a,POS-3BF5E359,MER-A82822,2026-08-01T14:03:56.379807,4062.91,0,30.2,v2.2.0,2.98,Mumbai,19.076,72.8777,1,normal,
2764a887-b673-4838-8f3e-5a2edb552ddf,POS-C72F113B,MER-DDFFD5,2026-08-01T14:09:31.884653,735.9,0,364.1,v2.3.0-beta,2.85,Bengaluru,12.9716,77.5946,1,normal,
dc8f9986-90e9-4212-8342-2319bece843d,POS-383A0EE8,MER-ECE86F,2026-08-01T14:16:02.239689,3702.1,0,249.6,v2.1.1,0.57,Mumbai,19.076,72.8777,1,normal,
4dcdb871-c856-41cf-8b6d-b7d842773300,POS-FB95985B,MER-7765F7,2026-08-01T14:23:38.701469,3245.8,0,248.3,v2.1.0,1.83,Hyderabad,17.385,78.4867,1,normal,
420638fc-1afd-443e-8f6a-ddd7b172b832,POS-055D6FBC,MER-294500,2026-08-01T14:26:59.839343,737.8,0,153.5,v2.2.0,2.34,Kolkata,22.5726,88.3639,1,normal,
8ced1018-6772-4783-a631-66e2532898a5,POS-A275E8CD,MER-DFFA45,2026-08-01T14:29:20.942061,1857.96,0,123.3,v2.1.1,0.53,Kolkata,22.5726,88.3639,1,normal,
bb147d63-5465-4f24-a280-a23c04713143,POS-70A8C312,MER-778AE7,2026-08-01T14:33:50.400751,241.93,0,403.8,v2.1.0,1.28,Chennai,13.0827,80.2707,1,normal,
bbf537e1-6fd5-45db-82e1-576be2db8f2a,POS-62F7C65F,MER-BAFD17,2026-08-01T14:50:03.278159,2909.04,1,180.4,v2.1.0,2.36,Delhi,28.7041,77.1025,1,normal,
a390d524-aefd-438e-b45a-bfd7f91f0557,POS-94086F72,MER-6D8C2C,2026-08-01T15:02:06.582942,3025.33,1,32.1,v2.1.0,2.52,Mumbai,19.076,72.8777,1,normal,
7874c763-2001-43c7-8a80-4031b9d59898,POS-CBA73359,MER-269861,2026-08-01T15:21:19.792703,1448.47,1,50.8,v2.1.1,1.61,Hyderabad,17.385,78.4867,1,normal,
5860d129-273d-4586-8b07-da20f48e7bc5,POS-94086F72,MER-6D8C2C,2026-08-01T15:32:37.379778,3031.82,0,320.2,v2.1.0,0.76,Mumbai,19.076,72.8777,1,normal,
4b8e07c0-5c69-4ace-a864-c546682792eb,POS-D2E37BD7,MER-94832D,2026-08-01T15:32:37.792636,340.31,0,308.5,v2.3.0-beta,2.77,Kolkata,22.5726,88.3639,1,normal,
c281e3c2-59a6-469e-bff6-97ef8ceaeb18,POS-6439ED84,MER-ADB4F6,2026-08-01T16:05:51.695695,2209.64,1,34.4,v2.2.0,0.72,Hyderabad,17.385,78.4867,1,normal,
f12f14ac-9509-494f-afc6-a09348dca74c,POS-4A5BFB60,MER-B81D68,2026-08-01T16:13:07.916130,1060.25,1,278.2,v2.1.1,0.96,Chennai,13.0827,80.2707,1,normal,
0da3d60b-805b-4d47-8523-5de4b33aa67a,POS-4A5BFB60,MER-B81D68,2026-08-01T16:43:00.469536,4794.64,1,90.6,v2.1.1,1.5,Chennai,13.0827,80.2707,1,normal,
7bd20b5f-a672-4f52-960f-e16fb33be496,POS-FC80D3D1,MER-FD74EE,2026-08-01T16:53:32.104207,1801.6,1,192.1,v2.1.1,1.82,Mumbai,19.076,72.8777,1,normal,
ea65392b-6139-4c64-a62a-605e88237b35,POS-EF533CFF,MER-837BC2,2026-08-01T17:00:50.747297,42954.31,0,615.8,v2.2.0,1.53,Nagpur,21.1458,79.0882,1,fraud,bust_out
306cf00f-6063-41dd-820e-057eec0626cb,POS-FCC69214,MER-85878E,2026-08-01T17:27:21.389505,4607.84,1,428.3,v2.2.0,0.95,Hyderabad,17.385,78.4867,1,normal,
92a101df-c64b-4dca-baff-329d83793259,POS-36A2CBE2,MER-7D9478,2026-08-01T17:27:43.745322,981.0,0,9.5,v2.1.1,2.16,Mumbai,19.076,72.8777,1,normal,
3dd74837-c724-4a88-8a5b-403368ffce79,POS-A320C8AA,MER-9451DE,2026-08-01T17:36:52.641182,485.9,0,162.3,v2.2.0,2.93,Nagpur,21.1458,79.0882,1,normal,
8e998918-3982-4398-95d3-738f0813c5d8,POS-BC359428,MER-C5AB1A,2026-08-01T17:42:04.609307,750.87,0,236.1,v2.1.0,2.8,Kolkata,22.5726,88.3639,1,normal,
484a3397-5854-461e-ac68-54f2747ce969,POS-0EF33479,MER-87BA54,2026-08-01T17:45:42.502059,1825.68,0,204.9,v2.1.1,1.95,Delhi,28.7041,77.1025,1,normal,
d3ef7ecc-b228-49f4-a245-1d59747a2e3f,POS-D780167B,MER-226112,2026-08-01T17:45:50.161546,2690.66,0,169.4,v2.3.0-beta,0.54,Kolkata,22.5726,88.3639,1,normal,
4a079b13-12d3-4597-80f0-2944ed14d086,POS-87CA5368,MER-503568,2026-08-01T17:46:15.787128,2880.83,1,190.8,v2.3.0-beta,1.02,Pune,18.5204,73.8567,1,normal,
a027773d-d559-457c-a183-54ce2e45799e,POS-AD42C2FB,MER-96DF46,2026-08-01T17:50:14.497771,2190.81,1,206.8,v2.1.1,2.93,Mumbai,19.076,72.8777,1,normal,
c01e2665-852d-4229-b6e3-68f45ad25216,POS-FA8E124D,MER-079B19,2026-08-01T18:21:48.437026,3003.03,0,364.5,v2.1.1,1.28,Delhi,28.7041,77.1025,1,normal,
2487eaf7-1a6f-44ee-ab59-ec4a23eb8c0c,POS-2F039298,MER-2CFF75,2026-08-01T18:36:56.216129,4453.39,0,345.6,v2.3.0-beta,0.62,Bengaluru,12.9716,77.5946,1,normal,
af47a778-e0b5-4f31-99ba-d87904a8382a,POS-8E1D47A7,MER-9204E3,2026-08-01T18:45:38.049560,940.65,15,451.0,v2.1.0,8.22,Delhi,28.7041,77.1025,1,fraud,retry_storm
698a62a8-768e-419e-990b-9557840eee21,POS-94086F72,MER-6D8C2C,2026-08-01T18:54:11.186012,2582.96,0,248.8,v2.1.0,2.82,Mumbai,19.076,72.8777,1,normal,
9ff1714d-302a-4c8a-b230-0885ea111c81,POS-C72F113B,MER-DDFFD5,2026-08-01T19:07:00.817427,349.32,1,253.8,v2.3.0-beta,2.07,Bengaluru,12.9716,77.5946,1,normal,
8cf4c6d3-ec8e-4e74-86b7-05739ee3f4a1,POS-00CFCF07,MER-73C8B8,2026-08-01T19:10:17.338347,4646.71,0,387.1,v2.3.0-beta,2.06,Kolkata,22.5726,88.3639,1,normal,
7f5ee2e3-5ea4-42d4-aa32-ce043a287d4a,POS-24B8E3FE,MER-C60B06,2026-08-01T19:18:42.265169,3065.23,0,46.6,v2.3.0-beta,0.98,Bengaluru,12.9716,77.5946,1,normal,
59f08ec1-21d7-4143-8b49-7c453a501d0d,POS-5E1A46C9,MER-4361C1,2026-08-01T19:20:07.540662,808.86,0,153.2,v2.1.1,1.44,Delhi,28.7041,77.1025,1,normal,
240a054d-ae28-4da3-a905-b2321c6dc96f,POS-520C7452,MER-52D41B,2026-08-01T19:34:48.072358,1814.77,1,229.4,v2.2.0,0.78,Kolkata,22.5726,88.3639,1,normal,
5cff5049-abff-4229-8154-f55b32143c34,POS-EF533CFF,MER-837BC2,2026-08-01T19:41:47.815396,397.89,0,274.7,v2.2.0,1.17,Nagpur,21.1458,79.0882,1,normal,
59fe86ea-c4ac-4ab3-bfcb-95be848efd8a,POS-6C1EE20B,MER-F3F810,2026-08-01T19:41:55.279311,4843.23,0,97.3,v2.1.1,1.61,Bengaluru,12.9716,77.5946,1,normal,
114e50b6-d904-4646-9d5b-baf77b4fa8a5,POS-F66B7F18,MER-589763,2026-08-01T20:08:58.714422,563.89,0,128.1,v2.2.0,1.88,Pune,18.5204,73.8567,1,normal,
df34d10d-4cdc-48d1-aea0-c6e9c74b33c3,POS-A9C6662D,MER-C0726A,2026-08-01T20:12:30.927565,583.6,0,288.2,v2.3.0-beta,0.79,Pune,18.5204,73.8567,1,normal,
f5a74c36-3b9d-4128-8821-278c359656c6,POS-198FC2BC,MER-7149CD,2026-08-01T20:16:18.476150,4139.93,0,247.6,v2.2.0,2.35,Bengaluru,12.9716,77.5946,1,normal,
e4a57558-f844-477b-b565-482ad72ceca7,POS-8BA2BC27,MER-CDDE89,2026-08-01T20:24:29.273711,583.7,0,235.1,v2.1.1,2.77,Bengaluru,12.9716,77.5946,1,normal,
41aa280a-83c1-4105-beaf-cdf463c7a5ff,POS-70A8C312,MER-778AE7,2026-08-01T20:27:47.744884,4539.94,0,234.5,v2.1.0,2.31,Chennai,13.0827,80.2707,1,normal,
84164475-896f-43d5-8d02-8ea960efb4df,POS-0E2B0643,MER-16DFEB,2026-08-01T20:30:14.108206,23659.79,0,467.8,v2.3.0-beta,0.82,Bengaluru,12.9716,77.5946,1,fraud,bust_out
7ca1975b-b4f3-46a9-a8cd-b4dd969f9167,POS-D9E1B170,MER-4FA9A0,2026-08-01T20:47:32.610025,3715.06,0,79.9,v2.1.1,0.57,Delhi,28.7041,77.1025,1,normal,
4a757e1f-695f-4e22-bd35-877eaff813c0,POS-73F6AE86,MER-2BE75A,2026-08-01T21:12:06.718260,3460.53,0,329.0,v2.3.0-beta,2.24,Chennai,13.0827,80.2707,1,normal,
125905f3-6d16-4095-a7c3-2f2e82ab5ef3,POS-BA41B435,MER-3AA9F7,2026-08-01T21:25:29.565467,182.25,1,191.2,v2.1.1,2.36,Delhi,28.7041,77.1025,1,normal,
b2d3f524-d3ce-45f1-ba9d-fd31b96c842f,POS-AF1B4891,MER-875B51,2026-08-01T21:43:27.061886,2110.45,0,157.7,v2.1.0,2.31,Mumbai,19.076,72.8777,1,normal,
5022509e-ac85-467c-884e-27ef7e8bfc4a,POS-8E1D47A7,MER-9204E3,2026-08-01T21:52:10.574517,977.82,1,394.2,v2.1.0,0.8,Delhi,28.7041,77.1025,1,normal,
37f0bd88-ba11-4503-a25d-2c1fb6d0e45b,POS-D1DB24C2,MER-26B633,2026-08-01T21:53:29.122407,3077.29,0,33.1,v2.3.0-beta,1.86,Hyderabad,17.385,78.4867,1,normal,
80255f55-989f-475a-aeff-8e0766a47031,POS-B37501A9,MER-DC9CFB,2026-08-01T21:58:24.573829,862.57,0,411.1,v2.2.0,2.36,Bengaluru,12.9716,77.5946,1,normal,
167c907e-d931-4843-9d16-6e596f9ed4f4,POS-BB11FCF8,MER-275B28,2026-08-01T22:04:16.083649,1851.68,0,90.3,v2.1.0,2.9,Mumbai,19.076,72.8777,1,normal,
ff5065d3-bf6b-4987-8bb5-e8b8d535ea31,POS-03C6BBBA,MER-C61A54,2026-08-01T22:19:11.049693,1916.33,0,79.9,v2.3.0-beta,0.54,Nagpur,21.1458,79.0882,1,normal,
b14a8eec-d6b0-4be2-b368-1d72b517d0ea,POS-77136499,MER-3E00AA,2026-08-01T22:37:53.605561,3395.31,1,128.0,v2.3.0-beta,2.13,Bengaluru,12.9716,77.5946,1,normal,
02e5ba83-1936-45e4-b469-06c96bb65682,POS-94086F72,MER-6D8C2C,2026-08-01T22:54:01.677454,539.93,0,31.0,v2.1.0,2.53,Mumbai,19.076,72.8777,1,normal,
6615b722-c270-4e6b-a658-6939a903098d,POS-52FC2A7B,MER-31B3EE,2026-08-01T23:01:46.893034,1181.47,0,47.1,v2.1.1,2.24,Delhi,28.7041,77.1025,1,normal,
64da6d2a-c313-440c-be65-bc3f859e45ef,POS-62F7C65F,MER-BAFD17,2026-08-01T23:19:57.093218,2511.24,0,435.0,v2.1.0,2.83,Delhi,28.7041,77.1025,1,normal,
ab122e7d-063c-4e93-9da8-c2c95a71bcd3,POS-76F7895E,MER-F17607,2026-08-01T23:29:16.960014,65.13,1,80.1,v2.1.1,2.45,Pune,18.5204,73.8567,1,normal,
53ffc478-ffba-4408-8996-f83972c238db,POS-9C17BF21,MER-B0A7FE,2026-08-01T23:33:39.963880,1142.58,0,7.5,v2.1.0,2.8,Nagpur,21.1458,79.0882,1,normal,
f04a9fa0-5c97-45f5-b4d5-7269447c46fc,POS-D8B3BBA8,MER-81983E,2026-08-01T23:50:12.034928,2494.97,0,495.1,v2.3.0-beta,1.55,Hyderabad,17.385,78.4867,1,normal,
60c646b0-50d0-4251-b064-80bd139f1cfc,POS-C72F113B,MER-DDFFD5,2026-08-02T00:07:30.174342,8.59,2,326.7,v2.3.0-beta,0.37,Bengaluru,12.9716,77.5946,1,fraud,card_testing
9515e3c9-7de2-4c69-bb56-872cc0cd4084,POS-C72F113B,MER-DDFFD5,2026-08-02T00:07:33.593016,17.97,1,361.0,v2.3.0-beta,0.38,Bengaluru,12.9716,77.5946,1,fraud,card_testing
bfa2d7ad-5690-4c17-8f1a-0d5ea99a4076,POS-C72F113B,MER-DDFFD5,2026-08-02T00:07:33.964243,15.8,0,297.7,v2.3.0-beta,1.24,Bengaluru,12.9716,77.5946,1,fraud,card_testing
bafeb55f-a83c-46ed-a5af-efa8f209e6ec,POS-C72F113B,MER-DDFFD5,2026-08-02T00:07:36.417861,8.78,2,292.1,v2.3.0-beta,0.31,Bengaluru,12.9716,77.5946,1,fraud,card_testing
b418e2a0-8dfa-4859-9657-53de252ecaf7,POS-C72F113B,MER-DDFFD5,2026-08-02T00:07:37.222764,19.15,2,482.9,v2.3.0-beta,0.33,Bengaluru,12.9716,77.5946,1,fraud,card_testing
3e7a7163-b53a-4256-a7b4-2a88218a1025,POS-C72F113B,MER-DDFFD5,2026-08-02T00:07:39.752498,12.49,0,30.9,v2.3.0-beta,0.89,Bengaluru,12.9716,77.5946,1,fraud,card_testing
1f2cd4c6-17e3-4546-98de-99800dd2ea72,POS-C72F113B,MER-DDFFD5,2026-08-02T00:07:44.479450,12.69,0,95.6,v2.3.0-beta,1.23,Bengaluru,12.9716,77.5946,1,fraud,card_testing
a93a6d4e-4c78-4b1f-b206-03cd0fab123b,POS-C72F113B,MER-DDFFD5,2026-08-02T00:07:47.310536,1.78,2,236.8,v2.3.0-beta,0.39,Bengaluru,12.9716,77.5946,1,fraud,card_testing
8e568549-c1b1-4646-b016-e36017ac69c2,POS-C72F113B,MER-DDFFD5,2026-08-02T00:07:49.660743,18.52,1,372.0,v2.3.0-beta,1.25,Bengaluru,12.9716,77.5946,1,fraud,card_testing
161ab846-610b-409a-ad2c-3f3e4b5459f9,POS-C72F113B,MER-DDFFD5,2026-08-02T00:07:49.700226,3.71,0,13.5,v2.3.0-beta,1.29,Bengaluru,12.9716,77.5946,1,fraud,card_testing
1ea300e9-7d7a-4b45-893d-449a3dd5a88b,POS-C72F113B,MER-DDFFD5,2026-08-02T00:07:50.915660,4.26,0,55.5,v2.3.0-beta,0.95,Bengaluru,12.9716,77.5946,1,fraud,card_testing
316c9e61-245f-46dc-867c-0fe9d122d333,POS-C72F113B,MER-DDFFD5,2026-08-02T00:08:14.134531,3.11,0,274.0,v2.3.0-beta,1.49,Bengaluru,12.9716,77.5946,1,fraud,card_testing
93f7de10-db73-45b3-9ecc-92838827ac2e,POS-7B492CC9,MER-70B109,2026-08-02T00:16:39.666425,1700.87,0,393.7,v2.1.0,1.01,Mumbai,19.076,72.8777,1,normal,
4b03079d-c419-4eb9-80a2-6d223d705966,POS-B7140521,MER-A41052,2026-08-02T00:17:25.944231,4729.66,1,124.9,v2.1.0,2.66,Nagpur,21.1458,79.0882,1,normal,
acf3c8cb-3407-49d7-b53e-ce6c418de195,POS-70A8C312,MER-778AE7,2026-08-02T00:20:54.845482,193.51,0,53.9,v2.1.0,0.63,Chennai,13.0827,80.2707,1,normal,
67fccb48-4664-4285-b4ff-498a164ff3c1,POS-B41DA6C4,MER-9C5AB9,2026-08-02T00:25:30.504505,1125.03,0,330.2,v2.1.1,2.84,Mumbai,19.076,72.8777,1,normal,
214a2d49-b34d-4650-9819-98d3c1bce6fb,POS-77136499,MER-3E00AA,2026-08-02T00:28:35.973235,2167.15,1,298.0,v2.3.0-beta,1.69,Bengaluru,12.9716,77.5946,1,normal,
5a456680-8a95-4394-85e5-03ffdaa4c6a3,POS-F967E1DC,MER-6F1422,2026-08-02T00:51:28.411284,3146.74,0,215.2,v2.2.0,0.73,Nagpur,21.1458,79.0882,1,normal,
78c65f18-d916-46f0-b067-f494de4614f1,POS-6C1EE20B,MER-F3F810,2026-08-02T00:54:05.388827,1236.13,0,247.0,v2.1.1,2.38,Bengaluru,12.9716,77.5946,1,normal,
43cdf8f3-a67c-4dc7-95d9-429bd97659d0,POS-77136499,MER-3E00AA,2026-08-02T01:22:30.072764,3640.83,0,354.0,v2.3.0-beta,1.12,Bengaluru,12.9716,77.5946,1,normal,
8d3ae6a6-805a-44a0-b6cd-7f754fc0590f,POS-7B3948DF,MER-2C19A0,2026-08-02T01:33:18.912889,2869.08,0,22.9,v2.1.0,1.66,Mumbai,19.076,72.8777,1,normal,
a6eeb6b4-d618-43d8-889c-bd024984e8fd,POS-659CC7FB,MER-F997E8,2026-08-02T01:36:03.406010,3544.27,0,140.2,v2.1.1,1.91,Mumbai,19.076,72.8777,1,normal,
fa9b936f-b089-4e65-9391-4098a9680c45,POS-BC46E34D,MER-0DC332,2026-08-02T01:40:53.982405,3048.89,0,58.9,v2.2.0,1.46,Mumbai,19.076,72.8777,1,normal,
bebef1a1-dca7-475a-96a2-999240650ad9,POS-A320C8AA,MER-9451DE,2026-08-02T01:50:10.357243,3866.12,0,52.9,v2.2.0,2.05,Nagpur,21.1458,79.0882,1,normal,
37914d7e-9de6-4074-87bc-fbc4a43885c7,POS-F1C56238,MER-7963AE,2026-08-02T01:55:07.738952,4507.11,1,140.6,v2.2.0,1.01,Kolkata,22.5726,88.3639,1,normal,
f89f49eb-922e-4128-9274-9bcd7346fe65,POS-FCC69214,MER-85878E,2026-08-02T01:55:59.717565,1852.76,0,217.9,v2.2.0,1.34,Hyderabad,17.385,78.4867,1,normal,
40134a95-0e1f-4491-a91f-6bc95a02aa60,POS-B41DA6C4,MER-9C5AB9,2026-08-02T02:01:04.659531,2616.27,1,313.1,v2.1.1,2.4,Mumbai,19.076,72.8777,1,normal,
58d5e4e1-3ce7-48b7-9cd6-0f1e00d25cd0,POS-7F1981DF,MER-B33B9B,2026-08-02T02:04:31.068590,2068.57,0,431.6,v2.2.0,1.8,Nagpur,21.1458,79.0882,1,normal,
a226c109-d30a-40f8-b2dc-67067c3614f7,POS-EBF11023,MER-16D60A,2026-08-02T02:04:34.959155,1358.76,0,27.2,v2.2.0,1.66,Hyderabad,17.385,78.4867,1,normal,
354aedbc-f99f-44f9-8d64-efabab5ed030,POS-B11F2EAD,MER-9FA357,2026-08-02T02:52:24.244349,3259.01,0,147.2,v2.2.0,2.02,Mumbai,19.076,72.8777,1,normal,
44e0e8a2-192b-4bc0-9e0a-0dd0eb3f916c,POS-208DB4F3,MER-C166F5,2026-08-02T02:53:54.259126,3889.48,0,272.1,v2.1.1,0.95,Delhi,28.7041,77.1025,1,normal,
8049373e-656f-417d-a236-eb394d20f992,POS-6C1EE20B,MER-F3F810,2026-08-02T02:54:10.934015,3205.52,0,157.8,v2.1.1,2.64,Bengaluru,12.9716,77.5946,1,normal,
dcfe727d-637c-461b-a3d8-d9aefa1010e6,POS-CBA73359,MER-269861,2026-08-02T02:54:22.094936,3949.5,0,203.3,v2.1.1,1.03,Hyderabad,17.385,78.4867,1,normal,
b7e7b2f9-2867-4a70-9da9-4a01b0e16a90,POS-91659503,MER-DC751C,2026-08-02T03:38:19.774673,1366.72,1,213.4,v2.1.1,1.28,Hyderabad,17.385,78.4867,1,normal,
f3413af1-b666-4aa2-be6e-560a01ed6684,POS-73F6AE86,MER-2BE75A,2026-08-02T03:47:41.471272,476.75,1,58.9,v2.3.0-beta,2.03,Chennai,13.0827,80.2707,1,normal,
824985ac-9e3d-4fa1-afde-f8c24cc07e0e,POS-9CD505AA,MER-1F157D,2026-08-02T03:55:38.494247,4717.51,0,363.3,v2.1.1,2.41,Pune,18.5204,73.8567,1,normal,
c10fafe0-3634-46ae-b082-d01bef3bb79f,POS-A320C8AA,MER-9451DE,2026-08-02T04:13:08.796134,2756.34,1,239.3,v2.2.0,0.61,Nagpur,21.1458,79.0882,1,normal,
757832ef-568a-4c44-8f0b-36d50f2cae21,POS-5B84BAFA,MER-54F0E4,2026-08-02T04:21:14.356857,69581.11,0,798.8,v2.1.1,1.78,Chennai,13.0827,80.2707,1,fraud,bust_out
8cc588e1-debe-451b-9f0d-adb8f66f2475,POS-F1400661,MER-644B55,2026-08-02T04:35:49.729732,1779.27,0,148.1,v2.1.1,0.86,Chennai,13.0827,80.2707,1,normal,
05a209d6-2048-4dbe-a1bb-127ec7323863,POS-CC8EC905,MER-15DD11,2026-08-02T04:41:31.427421,3240.65,0,63.8,v2.1.0,1.08,Hyderabad,17.385,78.4867,1,normal,
085962d1-3e29-42f9-b6ac-1b18fd7d5905,POS-47CB19EB,MER-7848E9,2026-08-02T04:44:44.670957,2572.06,0,13.0,v2.2.0,1.51,Bengaluru,12.9716,77.5946,1,normal,
d415b356-c199-4ed5-954a-a96b05d96eaf,POS-520C7452,MER-52D41B,2026-08-02T04:55:41.252392,114.98,0,234.6,v2.2.0,1.46,Kolkata,22.5726,88.3639,1,normal,
07d016ea-2f28-43f3-b29b-58c5163d2c08,POS-AE4DEB2A,MER-78544D,2026-08-02T04:56:53.890310,3015.38,0,222.1,v2.2.0,2.3,Nagpur,21.1458,79.0882,1,normal,
7fecd153-4543-49ca-aefb-a0e698045056,POS-1B73B11B,MER-95FEFA,2026-08-02T05:35:12.830773,3773.56,0,43.8,v2.2.0,1.36,Hyderabad,17.385,78.4867,1,normal,
bdf5db4c-4829-40b9-9cee-ec63001f8dee,POS-1AF2A398,MER-9A9BF3,2026-08-02T05:37:22.628155,177.18,0,210.0,v2.1.1,1.3,Chennai,13.0827,80.2707,1,normal,
b3d96ade-f2aa-4171-ba6c-36debc3b95a6,POS-CDFD9F1A,MER-243265,2026-08-02T05:49:10.845351,635.21,0,80.7,v2.1.0,2.22,Bengaluru,12.9716,77.5946,1,normal,
22fc5122-d191-40f8-bb8a-b6336595ed47,POS-CC8EC905,MER-15DD11,2026-08-02T06:08:08.983791,1753.91,0,310.3,v2.1.0,2.54,Hyderabad,17.385,78.4867,1,normal,
d8f9fde7-bb5e-43cf-b1d7-0150c6330b15,POS-D5F8541B,MER-EFC947,2026-08-02T06:10:24.086922,1878.7,0,334.6,v2.2.0,1.79,Bengaluru,12.9716,77.5946,1,normal,
e021e823-ee6d-4995-b11a-013d8466ced7,POS-3BD6788B,MER-FA377E,2026-08-02T06:10:59.759361,4641.48,0,163.4,v2.1.0,1.8,Pune,18.5204,73.8567,1,normal,
d62a62e9-8591-4381-87de-1a895b7882a0,POS-B81706F4,MER-CC7ACE,2026-08-02T06:20:47.421866,1405.77,1,84.9,v2.3.0-beta,1.42,Nagpur,21.1458,79.0882,1,normal,
56ddca9a-d7d2-4471-9c6c-60535d07c0af,POS-B27C0D31,MER-6BDAEB,2026-08-02T06:22:34.482054,3474.42,0,33.5,v2.1.1,2.2,Pune,18.5204,73.8567,1,normal,
d500d0ef-218c-4ccb-bc35-3ae51234255d,POS-AA696464,MER-59201B,2026-08-02T06:27:47.140810,293.62,0,181.7,v2.2.0,1.0,Nagpur,21.1458,79.0882,1,normal,
9709a922-13b0-41b8-88b9-a1ff33fc6b72,POS-208DB4F3,MER-C166F5,2026-08-02T06:36:46.368167,1804.34,0,285.3,v2.1.1,2.87,Delhi,28.7041,77.1025,1,normal,
70b9f865-1335-48c5-8120-d5298abdaa11,POS-43D83AB1,MER-C30AE6,2026-08-02T06:39:30.797205,3576.0,0,248.6,v2.2.0,1.78,Kolkata,22.5726,88.3639,1,normal,
0e79a143-ab7d-4bfa-b994-34f348d98192,POS-CBC618C2,MER-07EDD3,2026-08-02T06:42:20.234215,2026.22,0,263.4,v2.3.0-beta,2.78,Mumbai,19.076,72.8777,1,normal,
ab68d31f-0224-4bda-aff5-6dcf91ac542b,POS-15DBCFD0,MER-2D83F7,2026-08-02T07:32:31.339792,972.23,1,331.6,v2.2.0,2.86,Hyderabad,17.385,78.4867,1,normal,
5f3f2e72-ca07-41db-895b-fc085647b539,POS-8BA2BC27,MER-CDDE89,2026-08-02T07:34:45.567736,3403.94,0,148.2,v2.1.1,1.45,Bengaluru,12.9716,77.5946,1,normal,
c1f2aec0-613c-4190-a441-29085deefdb4,POS-F1400661,MER-644B55,2026-08-02T07:41:55.377607,4870.99,0,289.1,v2.1.1,2.28,Chennai,13.0827,80.2707,1,normal,
a993f708-17f8-4040-84e8-6c94a186eb8f,POS-FCC69214,MER-85878E,2026-08-02T07:47:55.440094,3354.55,0,391.4,v2.2.0,2.8,Hyderabad,17.385,78.4867,1,normal,
406dab7d-f717-4cb5-94ec-ae27156be201,POS-BA41B435,MER-3AA9F7,2026-08-02T07:51:22.580233,2133.31,0,227.2,v2.1.1,0.57,Delhi,28.7041,77.1025,1,normal,
c202005f-0692-440c-8d50-1b49dbeafe5a,POS-198FC2BC,MER-7149CD,2026-08-02T07:55:12.544227,2707.85,0,471.8,v2.2.0,1.14,Bengaluru,12.9716,77.5946,1,normal,
3ff4cd34-fb72-4a83-9bc7-35d3b4198c16,POS-BC359428,MER-C5AB1A,2026-08-02T08:10:13.754484,2290.37,0,211.5,v2.1.0,1.39,Kolkata,22.5726,88.3639,1,normal,
9ce3cc55-800c-4025-aa19-b66129805931,POS-36A2CBE2,MER-7D9478,2026-08-02T08:11:43.924721,1918.25,0,144.3,v2.1.1,1.82,Mumbai,19.076,72.8777,1,normal,
b7c0d692-29e4-4f06-94c4-6c3671503c4e,POS-105BE397,MER-3B97DB,2026-08-02T08:14:37.259592,271.18,0,12.3,v2.1.0,1.36,Chennai,13.0827,80.2707,1,normal,
86d0ad34-bc45-466a-851a-ce0afe9699cc,POS-5CD2AFE7,MER-C65F5C,2026-08-02T08:24:43.486709,4539.18,0,261.6,v2.3.0-beta,2.77,Hyderabad,17.385,78.4867,1,normal,
639e652a-c552-4110-9665-d326285d35aa,POS-D5F8541B,MER-EFC947,2026-08-02T08:37:28.603198,797.6,0,253.4,v2.2.0,1.43,Bengaluru,12.9716,77.5946,1,normal,
844203cc-09e3-40b7-bed7-b1891f1f2ee1,POS-849A1C0F,MER-D8D0DA,2026-08-02T08:50:18.680287,6219.79,1,0.9,v2.1.0,7.57,Nagpur,21.1458,79.0882,0,fraud,device_spoof
5b3235e4-5ba8-4855-8d63-51ab4b2251a3,POS-D7A7B0B8,MER-0542EB,2026-08-02T09:05:57.240706,3255.34,0,424.9,v2.1.1,2.56,Nagpur,21.1458,79.0882,1,normal,
374eec08-480a-4423-8c4c-68e31f943412,POS-2F039298,MER-2CFF75,2026-08-02T09:24:03.607917,3717.8,0,46.8,v2.3.0-beta,1.83,Bengaluru,12.9716,77.5946,1,normal,
fa0bf54e-0cee-4a66-8b24-88abf62f816b,POS-7B3948DF,MER-2C19A0,2026-08-02T09:32:36.918610,324.42,0,333.7,v2.1.0,1.99,Mumbai,19.076,72.8777,1,normal,
023d1056-51d5-4e82-9cc1-0b063ca5b1e1,POS-43D83AB1,MER-C30AE6,2026-08-02T09:35:24.459589,334.39,0,86.7,v2.2.0,2.65,Kolkata,22.5726,88.3639,1,normal,
e3c8085f-217e-450e-ba5b-dc5fcb1f70f5,POS-87D47970,MER-BF7D1A,2026-08-02T09:47:02.958570,439.1,0,114.3,v2.1.0,1.99,Pune,18.5204,73.8567,1,normal,
a57ea6c5-8d2a-4a15-a3e1-e4ff10076b15,POS-00CFCF07,MER-73C8B8,2026-08-02T09:47:35.922778,4896.02,0,437.7,v2.3.0-beta,2.87,Kolkata,22.5726,88.3639,1,normal,
08ecb18b-fb68-4d73-aa84-2935e10c87a0,POS-982191FD,MER-C18197,2026-08-02T09:52:04.303531,3676.74,0,357.5,v2.2.0,1.91,Delhi,28.7041,77.1025,1,normal,
d3aaca95-5720-48cd-ad2e-d8f365146a6c,POS-77136499,MER-3E00AA,2026-08-02T10:34:12.083155,2852.82,0,165.6,v2.3.0-beta,1.18,Bengaluru,12.9716,77.5946,1,normal,
f65e676f-adda-4187-b094-cf25710549b2,POS-87CA5368,MER-503568,2026-08-02T11:08:32.110782,2104.51,1,115.4,v2.3.0-beta,2.53,Pune,18.5204,73.8567,1,normal,
c767c374-3e85-4f3d-82e9-6de3f36d9077,POS-70A8C312,MER-778AE7,2026-08-02T11:16:31.956844,449.91,0,33.8,v2.1.0,1.19,Chennai,13.0827,80.2707,1,normal,
716c321e-e211-4167-94e4-0f7872c08adc,POS-FCC69214,MER-85878E,2026-08-02T11:24:04.394086,4607.58,1,455.4,v2.2.0,2.08,Hyderabad,17.385,78.4867,1,normal,
6d7e191d-5111-463a-b29b-bc6662bd0aea,POS-483FD0E6,MER-A77E7B,2026-08-02T11:41:33.491576,1312.09,1,325.2,v2.2.0,0.91,Kolkata,22.5726,88.3639,1,normal,
972c6dd3-b0f1-4a9a-99d0-c3957e219c75,POS-D2E37BD7,MER-94832D,2026-08-02T11:53:34.868273,2898.01,0,200.2,v2.3.0-beta,0.64,Kolkata,22.5726,88.3639,1,normal,
a3cba322-ec11-4863-91a6-ee7455777150,POS-00CFCF07,MER-73C8B8,2026-08-02T11:55:03.212965,3918.55,0,169.9,v2.3.0-beta,2.23,Kolkata,22.5726,88.3639,1,normal,
46a03893-e9c4-476e-b9ae-381924a84297,POS-AF1B4891,MER-875B51,2026-08-02T11:55:07.076922,2860.71,1,331.6,v2.1.0,0.83,Mumbai,19.076,72.8777,1,normal,
0ab4dcf9-6553-4792-ba8a-6d53d43a87e3,POS-0E673AA4,MER-A73341,2026-08-02T11:56:31.950812,2755.57,0,151.4,v2.2.0,1.69,Hyderabad,17.385,78.4867,1,normal,
4757985f-885b-4221-b303-370794972a85,POS-778516AB,MER-714018,2026-08-02T12:01:11.133100,3205.69,0,257.0,v2.1.0,2.37,Delhi,28.7041,77.1025,1,normal,
9e87b4aa-61d3-4bb9-a34c-6017173f58bb,POS-5190E155,MER-85B4C2,2026-08-02T12:29:37.801882,4660.41,1,157.6,v2.1.0,1.05,Delhi,28.7041,77.1025,1,normal,
fd9ec13b-416f-4b72-a717-622d8fc4ca2c,POS-0AE6C0D2,MER-897854,2026-08-02T12:31:39.939708,2116.56,0,149.4,v2.1.1,0.59,Kolkata,22.5726,88.3639,1,normal,
cd312ab9-a767-416c-ad38-34239789baf0,POS-483FD0E6,MER-A77E7B,2026-08-02T12:32:49.383610,3665.71,0,27.7,v2.2.0,1.82,Kolkata,22.5726,88.3639,1,normal,
aa19e99d-0396-4857-837c-9c846b879c1a,POS-20AF02F8,MER-8C904C,2026-08-02T12:39:40.960252,4694.93,0,248.0,v2.1.0,2.34,Hyderabad,17.385,78.4867,1,normal,
378a685a-f5b0-49a2-b9cf-5b02f8d5a81d,POS-778516AB,MER-714018,2026-08-02T12:46:24.975686,677.24,0,142.0,v2.1.0,1.29,Delhi,28.7041,77.1025,1,normal,
19fc05a0-c93b-45c8-89ea-80117dc4d220,POS-D2E37BD7,MER-94832D,2026-08-02T12:49:51.170028,4328.04,0,307.9,v2.3.0-beta,1.77,Kolkata,22.5726,88.3639,1,normal,
6e46df2e-37ba-4c79-ad1c-ef41b4cf04b5,POS-6EAB7795,MER-39C88B,2026-08-02T13:17:00.888444,580.94,0,426.5,v2.2.0,2.05,Chennai,13.0827,80.2707,1,normal,
65d0a9b5-9f37-4272-b2c1-6c90c4c8ffa4,POS-D8B3BBA8,MER-81983E,2026-08-02T13:20:53.456647,3356.41,0,162.5,v2.3.0-beta,2.97,Hyderabad,17.385,78.4867,1,normal,
24b57c54-eaff-4871-8332-4d33ccb1038c,POS-70E04A75,MER-F51428,2026-08-02T13:53:28.163846,599.42,0,431.5,v2.1.1,2.83,Pune,18.5204,73.8567,1,normal,
0de4a11e-7150-46ea-aba3-ab2346f7598f,POS-EDC02D19,MER-6176CA,2026-08-02T13:53:54.326010,4518.75,0,251.5,v2.1.0,2.75,Chennai,13.0827,80.2707,1,normal,
5a66ffd5-1d48-422c-adfe-1dc71b2d32d0,POS-F1C56238,MER-7963AE,2026-08-02T13:57:04.455345,1440.61,0,47.1,v2.2.0,2.78,Kolkata,22.5726,88.3639,1,normal,
daa5a02d-8e02-43e9-8fc5-da8d71d58426,POS-2F039298,MER-2CFF75,2026-08-02T14:17:17.737095,3884.34,1,306.5,v2.3.0-beta,1.48,Bengaluru,12.9716,77.5946,1,normal,
7097ad8e-65d4-491b-8b54-9dd508970e08,POS-5EB40BC5,MER-FF8806,2026-08-02T14:25:46.487443,4806.56,0,103.8,v2.1.0,0.96,Kolkata,22.5726,88.3639,1,normal,
b75ec3a5-5e1f-4ee9-96e3-d1ef59538bf7,POS-5190E155,MER-85B4C2,2026-08-02T14:37:09.323917,2325.21,0,324.2,v2.1.0,0.94,Delhi,28.7041,77.1025,1,normal,
61e6dd83-ffe3-4094-93f0-f79b065820ce,POS-FD4A2FB5,MER-DB7A61,2026-08-02T14:40:38.192432,796.61,1,347.3,v2.1.1,2.27,Delhi,28.7041,77.1025,1,normal,
27e9db94-2060-43a3-a7eb-47257f6ff36c,POS-CD16D1EF,MER-7BDF7F,2026-08-02T14:54:37.203861,3455.38,1,476.6,v2.1.0,0.75,Mumbai,19.076,72.8777,1,normal,
9f4e47f0-52f7-4f1c-bd34-fc19cfaa8906,POS-AD42C2FB,MER-96DF46,2026-08-02T14:59:13.093256,4745.31,0,325.9,v2.1.1,2.42,Mumbai,19.076,72.8777,1,normal,
b6eb9cc3-4bfb-4091-ba26-e445f44fa87d,POS-7F1981DF,MER-B33B9B,2026-08-02T15:01:39.651093,2480.16,0,34.4,v2.2.0,1.47,Nagpur,21.1458,79.0882,1,normal,
78708b17-5f13-45d8-b77e-04d10606a046,POS-6C1EE20B,MER-F3F810,2026-08-02T15:07:22.294230,2134.06,0,288.4,v2.1.1,2.08,Bengaluru,12.9716,77.5946,1,normal,
84872bc4-cb5e-4a25-99d2-2703b824ffcb,POS-B41DA6C4,MER-9C5AB9,2026-08-02T15:20:04.698415,357.86,0,238.7,v2.1.1,1.62,Mumbai,19.076,72.8777,1,normal,
0451c66b-d08a-4485-aba7-8bb4798c5d8f,POS-0BC87AB9,MER-FCAB0C,2026-08-02T15:26:26.782776,4373.55,1,146.5,v2.1.0,2.96,Nagpur,21.1458,79.0882,1,normal,
bf7bfa12-8e28-4327-b006-f869f0bc097b,POS-AD5BA00A,MER-5FE21C,2026-08-02T15:39:18.541844,2173.31,0,364.9,v2.3.0-beta,0.97,Pune,18.5204,73.8567,1,normal,
f7446238-5551-4b96-8192-8769797a9494,POS-5CD2AFE7,MER-C65F5C,2026-08-02T15:41:21.619690,4234.38,0,283.4,v2.3.0-beta,2.64,Hyderabad,17.385,78.4867,1,normal,
af357ca8-5736-4bbc-bac4-de22755a814f,POS-3637119B,MER-7355A0,2026-08-02T15:49:20.702154,761.66,0,319.6,v2.1.1,1.95,Hyderabad,17.385,78.4867,1,normal,
ea3af0df-50a3-4762-b81e-ef1a0683d33e,POS-EBF11023,MER-16D60A,2026-08-02T15:53:02.972815,3752.65,0,152.7,v2.2.0,2.38,Hyderabad,17.385,78.4867,1,normal,
b76d5328-4b11-4ae9-a054-cb3e1bea52be,POS-D9E1B170,MER-4FA9A0,2026-08-02T15:57:43.043550,1308.19,1,470.2,v2.1.1,0.86,Delhi,28.7041,77.1025,1,normal,
06647f97-cb17-44d3-8ecb-4b119d04eb00,POS-A320C8AA,MER-9451DE,2026-08-02T16:08:00.507889,1512.58,0,192.5,v2.2.0,0.73,Nagpur,21.1458,79.0882,1,normal,
943e8459-80d7-4264-81bc-973c71f051f9,POS-8D15D2C5,MER-4A3FBD,2026-08-02T16:08:11.422503,3588.86,0,351.8,v2.1.0,1.09,Nagpur,21.1458,79.0882,1,normal,
74892918-2e22-4ee8-94c0-2d9698a3c466,POS-207CA2EB,MER-5B06DF,2026-08-02T16:13:08.240962,4483.22,0,337.3,v2.1.1,1.63,Pune,18.5204,73.8567,1,normal,
2991d33e-2899-466b-8c67-a25669960a07,POS-1AF2A398,MER-9A9BF3,2026-08-02T16:20:32.973311,518.13,0,316.8,v2.1.1,1.58,Chennai,13.0827,80.2707,1,normal,
b4cd62ae-8c60-49a2-ab72-53410b498f4f,POS-00CFCF07,MER-73C8B8,2026-08-02T16:22:26.695136,2585.12,1,181.7,v2.3.0-beta,0.65,Kolkata,22.5726,88.3639,1,normal,
0b41ed48-a911-44d6-9993-dbd2f1f319e6,POS-D8B3BBA8,MER-81983E,2026-08-02T16:40:37.250750,2595.88,0,205.9,v2.3.0-beta,2.78,Hyderabad,17.385,78.4867,1,normal,
cd603561-f10c-41b2-9bc9-0c1e56aee404,POS-8E784FDD,MER-40A230,2026-08-02T16:41:36.754710,1608.28,0,217.6,v2.1.0,1.48,Pune,18.5204,73.8567,1,normal,
8c012592-957a-4767-99bd-d3ec0a1b0fc3,POS-A9C6662D,MER-C0726A,2026-08-02T17:07:59.435276,3112.15,0,356.8,v2.3.0-beta,0.71,Pune,18.5204,73.8567,1,normal,
f7c315b2-0787-4390-bc61-f15a40172974,POS-81C99677,MER-2280B3,2026-08-02T17:08:21.806259,667.17,0,171.7,v2.1.0,1.96,Nagpur,21.1458,79.0882,1,normal,
9a9eb7b0-52f0-4576-8a66-d612e5564916,POS-6C1EE20B,MER-F3F810,2026-08-02T17:27:55.654375,3043.19,1,328.5,v2.1.1,2.75,Bengaluru,12.9716,77.5946,1,normal,
26a4a469-0651-4b49-94ed-8a3b8fd5dc44,POS-8BA2BC27,MER-CDDE89,2026-08-02T17:29:37.926950,1303.34,0,167.1,v2.1.1,1.4,Bengaluru,12.9716,77.5946,1,normal,
68e7174d-06bd-4fbc-91e9-0b00ecb3d63c,POS-74235C6B,MER-4BCD8F,2026-08-02T17:30:27.646215,4292.02,1,431.2,v2.1.1,1.04,Pune,18.5204,73.8567,1,normal,
435b9358-b47f-4c72-a385-6b9f3a75a629,POS-FA8E124D,MER-079B19,2026-08-02T17:41:40.697680,727.25,0,366.1,v2.1.1,0.79,Delhi,28.7041,77.1025,1,normal,
4f2020cf-e93c-4307-9bab-d0ccfb9fbd96,POS-8E784FDD,MER-40A230,2026-08-02T17:46:23.417835,2804.0,0,428.5,v2.1.0,1.8,Pune,18.5204,73.8567,1,normal,
afb9c625-63f1-4499-b635-8d2f59d301b8,POS-E566E75E,MER-4CD30C,2026-08-02T17:54:09.617510,2183.35,1,52.5,v2.2.0,0.72,Nagpur,21.1458,79.0882,1,normal,
d27a801b-b7da-4dd4-ae31-7218113f8565,POS-A22B806C,MER-66332B,2026-08-02T18:06:31.979798,2987.42,1,156.5,v2.1.1,1.49,Delhi,28.7041,77.1025,1,normal,
7387960b-e6e6-4fd9-b780-0214622c8650,POS-DEE4DD42,MER-D53081,2026-08-02T18:20:22.136203,1503.57,0,164.1,v2.1.0,1.32,Mumbai,19.076,72.8777,1,normal,
602812a2-6fc0-4844-b301-1b38f5254c1a,POS-28402991,MER-833A0C,2026-08-02T18:27:18.625516,2076.83,0,207.8,v2.1.1,1.89,Hyderabad,17.385,78.4867,1,normal,
0294738c-59f5-4c46-81e9-fda4583bebcf,POS-6C1EE20B,MER-F3F810,2026-08-02T18:27:38.275880,4844.85,0,109.0,v2.1.1,1.53,Bengaluru,12.9716,77.5946,1,normal,
88c918a8-8c78-46f7-8a0a-68b8020b454b,POS-F1C56238,MER-7963AE,2026-08-02T18:30:54.069011,3672.21,0,121.4,v2.2.0,2.62,Kolkata,22.5726,88.3639,1,normal,
8ded7122-cb52-48ab-9c46-ff610eb32129,POS-0E673AA4,MER-A73341,2026-08-02T18:34:51.199970,2935.25,0,1.0,v2.2.0,2.24,Hyderabad,17.385,78.4867,1,normal,
6af0e7aa-bd8c-4e45-9714-df4844ccbe8a,POS-483FD0E6,MER-A77E7B,2026-08-02T19:18:24.219830,2141.55,0,307.3,v2.2.0,1.59,Kolkata,22.5726,88.3639,1,normal,
1a0252aa-4ae3-47fb-bf13-d29e59378a6f,POS-FA8E124D,MER-079B19,2026-08-02T19:44:44.524408,2743.42,0,186.1,v2.1.1,1.45,Delhi,28.7041,77.1025,1,normal,
63ab94a2-b9c5-48bd-a693-a6def1674e86,POS-208DB4F3,MER-C166F5,2026-08-02T19:46:55.897751,1278.68,0,198.7,v2.1.1,0.62,Delhi,28.7041,77.1025,1,normal,
925fc4ba-24fd-4fad-921a-01f35620a432,POS-D780167B,MER-226112,2026-08-02T19:55:18.407080,3257.36,0,467.1,v2.3.0-beta,1.78,Kolkata,22.5726,88.3639,1,normal,
8cfe41c1-7635-4910-b781-2ec39953b111,POS-B37501A9,MER-DC9CFB,2026-08-02T19:55:47.300787,4717.65,1,180.6,v2.2.0,1.17,Bengaluru,12.9716,77.5946,1,normal,
591deb44-0f47-4640-bd2c-ce54c45d6a11,POS-6C3D83AB,MER-BCAE45,2026-08-02T20:13:10.097493,4941.55,0,484.4,v2.1.0,1.66,Bengaluru,12.9716,77.5946,1,normal,
91aa2360-4911-4b43-be6c-6665b73c2a3c,POS-1B73B11B,MER-95FEFA,2026-08-02T20:13:44.003460,2813.54,0,266.3,v2.2.0,2.5,Hyderabad,17.385,78.4867,1,normal,
164ceea9-ac86-40dd-bf42-be070d1bab29,POS-CBC618C2,MER-07EDD3,2026-08-02T20:20:29.333847,4666.03,0,159.8,v2.3.0-beta,1.02,Mumbai,19.076,72.8777,1,normal,
b572126a-7069-4e1a-9e25-7daf8f9be2f5,POS-77B485D3,MER-340AFB,2026-08-02T20:31:58.899674,2496.51,0,456.4,v2.1.0,1.02,Delhi,28.7041,77.1025,1,normal,
aca8f624-b550-444d-a65f-68e4dfe3d29b,POS-0E2B0643,MER-16DFEB,2026-08-02T20:34:07.940430,916.73,0,82.3,v2.3.0-beta,1.02,Bengaluru,12.9716,77.5946,1,normal,
93eda6ed-2985-4b1a-afaa-3a3dec8c3011,POS-D1DB24C2,MER-26B633,2026-08-02T20:36:53.212629,2591.04,1,338.5,v2.3.0-beta,2.12,Hyderabad,17.385,78.4867,1,normal,
7d74dd1e-69f3-4891-9e59-7440cae65022,POS-FB95985B,MER-7765F7,2026-08-02T20:39:56.189758,1146.9,0,153.8,v2.1.0,1.95,Hyderabad,17.385,78.4867,1,normal,
41e7d71a-3138-4648-a16c-f1e8e008ba0e,POS-AA696464,MER-59201B,2026-08-02T20:40:15.042075,3010.32,0,432.0,v2.2.0,0.53,Nagpur,21.1458,79.0882,1,normal,
f33a2651-75b5-460f-9954-e67bb1f914a9,POS-BC2D02AD,MER-18BAD6,2026-08-02T20:42:02.225356,1531.51,0,448.9,v2.2.0,2.55,Kolkata,22.5726,88.3639,1,normal,
a2f205e2-5cbb-491b-8ff6-a4b9bb38504f,POS-D8B3BBA8,MER-81983E,2026-08-02T20:43:51.631782,1950.25,1,110.9,v2.3.0-beta,0.61,Hyderabad,17.385,78.4867,1,normal,
1723811a-0646-4443-aa43-abb2188f163d,POS-6C1EE20B,MER-F3F810,2026-08-02T20:43:52.260905,3313.99,0,448.6,v2.1.1,2.44,Bengaluru,12.9716,77.5946,1,normal,
6cd4cba3-4989-49e2-bc66-4721b0ff217e,POS-3637119B,MER-7355A0,2026-08-02T20:48:11.493260,1834.16,0,186.6,v2.1.1,2.76,Hyderabad,17.385,78.4867,1,normal,
944cfed8-11ae-4281-9d12-0ed39dc2836a,POS-D8B3BBA8,MER-81983E,2026-08-02T20:48:52.427237,3572.74,1,426.3,v2.3.0-beta,0.86,Hyderabad,17.385,78.4867,1,normal,
e60ef734-1936-4710-922e-db8382d331c9,POS-B81706F4,MER-CC7ACE,2026-08-02T20:49:33.081731,4762.4,0,336.7,v2.3.0-beta,1.06,Nagpur,21.1458,79.0882,1,normal,
a67dd090-502d-4f30-8584-e16e33a7e4ed,POS-91659503,MER-DC751C,2026-08-02T20:52:48.873378,1927.36,1,29.0,v2.1.1,0.52,Hyderabad,17.385,78.4867,1,normal,
c9707384-47b6-4537-8da2-c15f8b581abc,POS-B41DA6C4,MER-9C5AB9,2026-08-02T21:21:08.978379,3321.23,0,178.4,v2.1.1,1.96,Mumbai,19.076,72.8777,1,normal,
4f20e537-5ae4-41be-bdd6-ec3d515bea50,POS-A77B64DE,MER-1A5D0B,2026-08-02T21:28:56.160864,4932.09,0,72.0,v2.1.0,2.51,Kolkata,22.5726,88.3639,1,normal,
99bc4666-e026-4ce6-9c7f-4d86698764ac,POS-87D47970,MER-BF7D1A,2026-08-02T21:35:57.356731,3803.11,0,5.8,v2.1.0,0.85,Pune,18.5204,73.8567,1,normal,
6b0e645b-fddc-4b35-8a81-9baeb2a51d83,POS-B607E194,MER-457468,2026-08-02T21:39:27.045119,4022.44,0,138.1,v2.1.0,2.38,Mumbai,19.076,72.8777,1,normal,
3b44ac8d-ab79-4a44-92d5-7ad505b2312a,POS-A77B64DE,MER-1A5D0B,2026-08-02T21:44:51.866620,4805.66,1,389.7,v2.1.0,2.3,Kolkata,22.5726,88.3639,1,normal,
1663d6b5-3749-44a2-af4b-b9bd2e4f0370,POS-E2ABAA01,MER-94FBB2,2026-08-02T21:47:12.252571,887.82,1,297.1,v2.1.0,0.71,Nagpur,21.1458,79.0882,1,normal,
d32b2de0-754a-454d-ac22-6a37ce00f6ff,POS-32F79BA7,MER-9F2DF0,2026-08-02T22:00:00.132193,2921.23,0,7.4,v2.2.0,1.8,Hyderabad,17.385,78.4867,1,normal,
96563008-62a8-4481-a622-af70a9fb7126,POS-CD16D1EF,MER-7BDF7F,2026-08-02T22:03:28.173895,2709.48,0,384.2,v2.1.0,2.21,Mumbai,19.076,72.8777,1,normal,
5c41072e-f5f4-48ed-9deb-466b8a925987,POS-76F7895E,MER-F17607,2026-08-02T22:06:01.092349,2656.53,0,252.4,v2.1.1,2.21,Pune,18.5204,73.8567,1,normal,
b4bb4575-4211-480e-9ac5-972907ce152e,POS-62F7C65F,MER-BAFD17,2026-08-02T22:07:30.403438,3658.37,0,75.7,v2.1.0,0.68,Delhi,28.7041,77.1025,1,normal,
d7200747-d3f2-42e7-b05b-ffb9c86a61bd,POS-20AF02F8,MER-8C904C,2026-08-02T22:21:16.404585,3381.22,0,140.9,v2.1.0,2.02,Hyderabad,17.385,78.4867,1,normal,
b547c517-9e7e-43c0-a3bc-3e1a07543766,POS-BB1E7F2D,MER-6350FC,2026-08-02T22:37:02.064272,3639.6,1,95.5,v2.2.0,1.82,Nagpur,21.1458,79.0882,1,normal,
81390d2f-8732-4ff8-9a07-ba8b6196e7ba,POS-A275E8CD,MER-DFFA45,2026-08-02T22:40:18.053744,1871.85,0,485.5,v2.1.1,2.35,Kolkata,22.5726,88.3639,1,normal,
259d0933-7796-44d3-a3ec-82669038e853,POS-43D83AB1,MER-C30AE6,2026-08-02T22:44:28.995013,4004.08,1,425.9,v2.2.0,0.61,Kolkata,22.5726,88.3639,1,normal,
8ca54485-e859-41f3-b731-50e079115fa4,POS-62F7C65F,MER-BAFD17,2026-08-02T22:45:17.642559,123.96,0,274.0,v2.1.0,2.92,Delhi,28.7041,77.1025,1,normal,
665b44d3-50aa-4667-86df-577adb718f2e,POS-EF533CFF,MER-837BC2,2026-08-02T22:53:21.040555,1199.11,0,171.0,v2.2.0,2.42,Nagpur,21.1458,79.0882,1,normal,
5cea0fbb-59ab-4cb3-b88b-cf0cec59b00a,POS-4167FD28,MER-DA1B0B,2026-08-02T23:44:38.172578,1459.72,0,144.6,v2.1.0,1.72,Delhi,28.7041,77.1025,1,normal,
a8b27b36-f2e3-4159-8ad8-282d4a0a9a6b,POS-D5F8541B,MER-EFC947,2026-08-02T23:52:13.220328,462.51,0,231.9,v2.2.0,1.77,Bengaluru,12.9716,77.5946,1,normal,
ebea68fa-1800-4cc2-baf1-52a7cc7df2ac,POS-D8B3BBA8,MER-81983E,2026-08-02T23:56:25.570166,2967.41,1,150.7,v2.3.0-beta,0.52,Hyderabad,17.385,78.4867,1,normal,
aa2d73c9-a3c5-46c1-92c0-4ab33ea1b707,POS-15DBCFD0,MER-2D83F7,2026-08-03T00:00:14.364384,2917.38,0,186.8,v2.2.0,0.64,Hyderabad,17.385,78.4867,1,normal,
660af3f5-cd1c-47d0-80d2-041da5bc3815,POS-CDFD9F1A,MER-243265,2026-08-03T00:01:17.858972,3116.6,0,159.6,v2.1.0,1.63,Bengaluru,12.9716,77.5946,1,normal,
792b0229-169d-4849-94c7-f6155bb257e3,POS-9CD505AA,MER-1F157D,2026-08-03T00:08:01.451125,2566.3,0,400.6,v2.1.1,2.04,Pune,18.5204,73.8567,1,normal,
2eeac9e9-8bea-4049-9df4-c6bb49e1af3c,POS-EF533CFF,MER-837BC2,2026-08-03T00:36:13.497362,1067.47,0,205.2,v2.2.0,1.89,Nagpur,21.1458,79.0882,1,normal,
a40ca527-61ba-445d-8b3f-24671d0786d7,POS-862B6369,MER-4CCB87,2026-08-03T00:43:11.116935,2831.34,0,82.5,v2.1.1,0.8,Nagpur,21.1458,79.0882,1,normal,
32a12eb2-d91b-492d-999f-0057e8c6504f,POS-87D47970,MER-BF7D1A,2026-08-03T00:44:17.181187,739.07,0,219.6,v2.1.0,1.42,Pune,18.5204,73.8567,1,normal,
459de3a5-83f4-448a-80c2-d5e5d04e4a6d,POS-6C3D83AB,MER-BCAE45,2026-08-03T00:50:00.248062,4781.45,0,39.1,v2.1.0,1.33,Bengaluru,12.9716,77.5946,1,normal,
e91eeb31-230f-4e52-bdef-97e569a7e6f6,POS-F5C825B8,MER-3430AF,2026-08-03T00:56:05.870340,3938.22,0,188.9,v2.1.1,2.96,Pune,18.5204,73.8567,1,normal,
12dd9d10-b763-4b1e-95a6-fc103843951b,POS-1D6FD4E1,MER-F1C4E7,2026-08-03T01:08:24.506005,2735.52,0,136.3,v2.1.0,2.86,Chennai,13.0827,80.2707,1,normal,
87e4b248-3a04-4947-85f0-c5c8767f38fe,POS-BC359428,MER-C5AB1A,2026-08-03T01:15:18.997090,4949.38,1,359.5,v2.1.0,1.05,Kolkata,22.5726,88.3639,1,normal,
1fecb853-1a45-4d7d-9803-051813ad54a9,POS-FB95985B,MER-7765F7,2026-08-03T01:16:07.659518,2091.08,0,413.1,v2.1.0,2.48,Hyderabad,17.385,78.4867,1,normal,
fc658c55-72e6-478c-9594-be41118f603b,POS-FCC69214,MER-85878E,2026-08-03T01:21:04.858678,1518.86,1,71.8,v2.2.0,2.78,Hyderabad,17.385,78.4867,1,normal,
b2bea9ca-a654-4eb5-a8e8-ece8d8427254,POS-8BA2BC27,MER-CDDE89,2026-08-03T01:42:47.900656,2586.48,1,107.0,v2.1.1,0.98,Bengaluru,12.9716,77.5946,1,normal,
f093490f-f306-4c1d-b535-2138945518cc,POS-B41DA6C4,MER-9C5AB9,2026-08-03T01:45:50.922014,3762.22,0,317.1,v2.1.1,1.76,Mumbai,19.076,72.8777,1,normal,
b12c5321-7ad6-4ff6-a458-4fc0592df7d4,POS-5CD2AFE7,MER-C65F5C,2026-08-03T02:04:13.170596,2786.89,0,413.4,v2.3.0-beta,2.01,Hyderabad,17.385,78.4867,1,normal,
e4fcc04d-3feb-4722-8981-8ea4d0c5b15c,POS-AD5BA00A,MER-5FE21C,2026-08-03T02:10:35.992619,1082.87,0,380.5,v2.3.0-beta,1.28,Pune,18.5204,73.8567,1,normal,
48761b02-f8ff-4967-bdc3-19232e5827ae,POS-B27C0D31,MER-6BDAEB,2026-08-03T02:14:02.333033,4206.74,0,127.6,v2.1.1,1.08,Pune,18.5204,73.8567,1,normal,
04da1112-fdb8-40eb-bff8-79154c69fef2,POS-9CD505AA,MER-1F157D,2026-08-03T02:19:37.165158,4386.72,0,248.5,v2.1.1,2.8,Pune,18.5204,73.8567,1,normal,
080c046c-5206-4913-bd7b-bdd4e7fcafba,POS-FC80D3D1,MER-FD74EE,2026-08-03T02:37:31.602050,4967.14,0,81.0,v2.1.1,2.82,Mumbai,19.076,72.8777,1,normal,
d23b973c-c1d4-47b1-806f-f59b36ba52a8,POS-87CA5368,MER-503568,2026-08-03T02:49:29.823660,1650.67,0,201.7,v2.3.0-beta,1.29,Pune,18.5204,73.8567,1,normal,
bd62a3cd-c4b6-4dd1-99fa-f2a50e261435,POS-8BA2BC27,MER-CDDE89,2026-08-03T02:51:12.185175,538.1,0,255.8,v2.1.1,1.8,Bengaluru,12.9716,77.5946,1,normal,
acf817a4-7cd0-4ace-ac93-eb89b6731ffc,POS-2D6C822A,MER-CA6F11,2026-08-03T02:56:42.216351,3945.11,0,303.7,v2.1.0,1.2,Kolkata,22.5726,88.3639,1,normal,
4cfdf7ac-7a01-44c3-afa9-f94cabf25486,POS-D122D405,MER-F03908,2026-08-03T02:58:05.837277,1246.6,0,134.5,v2.1.0,1.12,Mumbai,19.076,72.8777,1,normal,
c1e7dce6-d9a7-46d1-af37-715e9fcef56b,POS-BA41B435,MER-3AA9F7,2026-08-03T02:58:51.957206,3567.55,0,183.5,v2.1.1,2.88,Delhi,28.7041,77.1025,1,normal,
62cf2e67-1e6b-42c6-b72b-af648248c3d8,POS-9C17BF21,MER-B0A7FE,2026-08-03T03:07:06.474118,782.46,0,422.4,v2.1.0,1.05,Nagpur,21.1458,79.0882,1,normal,
4a05541c-6802-49b5-b86a-6e17c5030c4d,POS-3BF5E359,MER-A82822,2026-08-03T03:09:40.474602,95.48,1,158.6,v2.2.0,2.54,Mumbai,19.076,72.8777,1,normal,
9ee5b687-b39c-4575-8196-4585b4afe013,POS-3637119B,MER-7355A0,2026-08-03T03:16:50.147481,1253.53,0,361.7,v2.1.1,2.85,Hyderabad,17.385,78.4867,1,normal,
5010fd00-de4b-4247-85c8-6c863f1ae2e9,POS-03C6BBBA,MER-C61A54,2026-08-03T03:20:29.481538,3073.72,0,61.3,v2.3.0-beta,2.63,Nagpur,21.1458,79.0882,1,normal,
b34af50a-54d4-47b9-ab9e-638b8a86e4be,POS-C2744B6C,MER-4093C0,2026-08-03T03:23:38.562696,1.13,1,359.9,v2.1.1,1.26,Nagpur,21.1458,79.0882,1,fraud,card_testing
eb7102e2-93e7-4b80-97d9-40a620503d43,POS-C2744B6C,MER-4093C0,2026-08-03T03:23:41.971967,11.61,1,42.5,v2.1.1,1.5,Nagpur,21.1458,79.0882,1,fraud,card_testing
41418917-f172-4179-a31a-965addbea6ae,POS-C2744B6C,MER-4093C0,2026-08-03T03:23:42.511803,19.32,1,246.4,v2.1.1,0.48,Nagpur,21.1458,79.0882,1,fraud,card_testing
d119da3b-29ec-40d4-9ed2-5e2bb23847b5,POS-C2744B6C,MER-4093C0,2026-08-03T03:23:44.077307,9.72,0,197.7,v2.1.1,1.48,Nagpur,21.1458,79.0882,1,fraud,card_testing
ccc91bb1-c442-4b37-9946-1c5c8334467c,POS-C2744B6C,MER-4093C0,2026-08-03T03:23:46.375518,4.1,1,378.7,v2.1.1,1.2,Nagpur,21.1458,79.0882,1,fraud,card_testing
9c988ce2-fb9d-4344-8f4b-e2740a42483e,POS-C2744B6C,MER-4093C0,2026-08-03T03:23:47.171052,18.61,1,442.1,v2.1.1,0.79,Nagpur,21.1458,79.0882,1,fraud,card_testing
2cb4acfe-d1d2-4007-8dca-09975c3623f0,POS-C2744B6C,MER-4093C0,2026-08-03T03:23:51.203515,17.1,2,404.8,v2.1.1,1.42,Nagpur,21.1458,79.0882,1,fraud,card_testing
9e3b2814-d547-4952-9ec9-f7c13d623758,POS-C2744B6C,MER-4093C0,2026-08-03T03:23:59.410865,1.69,0,403.3,v2.1.1,0.66,Nagpur,21.1458,79.0882,1,fraud,card_testing
2799b1c8-3a44-4f13-b062-55ed367b68e7,POS-C2744B6C,MER-4093C0,2026-08-03T03:23:59.661359,10.7,1,395.3,v2.1.1,0.65,Nagpur,21.1458,79.0882,1,fraud,card_testing
584fbe87-e9c4-4e9a-96d6-eb0bda0c13f1,POS-C2744B6C,MER-4093C0,2026-08-03T03:24:00.173897,2.53,0,289.5,v2.1.1,1.07,Nagpur,21.1458,79.0882,1,fraud,card_testing
c5e494b5-0cfa-42ec-9cc7-605c396a86c2,POS-C2744B6C,MER-4093C0,2026-08-03T03:24:01.336578,15.88,0,428.1,v2.1.1,0.63,Nagpur,21.1458,79.0882,1,fraud,card_testing
f49b174c-7c9a-40f1-a3d1-99f7ce1fa33a,POS-C2744B6C,MER-4093C0,2026-08-03T03:24:08.228331,19.88,0,63.7,v2.1.1,0.68,Nagpur,21.1458,79.0882,1,fraud,card_testing
de81005a-8e8d-46ff-9f04-4c1fda93b04e,POS-198FC2BC,MER-7149CD,2026-08-03T03:37:06.478108,2987.18,0,416.1,v2.2.0,1.21,Bengaluru,12.9716,77.5946,1,normal,
180e64f6-67d6-4570-8669-3cd34cd9ced5,POS-208DB4F3,MER-C166F5,2026-08-03T03:41:01.526276,2272.15,0,361.7,v2.1.1,1.21,Delhi,28.7041,77.1025,1,normal,
0b3348bc-04df-47c9-b1be-2797f365773f,POS-5E1A46C9,MER-4361C1,2026-08-03T03:43:55.067570,3431.01,0,450.2,v2.1.1,1.74,Delhi,28.7041,77.1025,1,normal,
a752d58b-8fea-4ba2-b4ee-1420d7231288,POS-0AE6C0D2,MER-897854,2026-08-03T04:00:22.064600,1207.42,0,310.2,v2.1.1,2.86,Kolkata,22.5726,88.3639,1,normal,
3be2e84f-bfb2-412e-b6a4-052f16178886,POS-198FC2BC,MER-7149CD,2026-08-03T04:02:47.849772,2726.13,1,110.0,v2.2.0,2.11,Bengaluru,12.9716,77.5946,1,normal,
c9ed96d9-8179-4044-a85c-cd4fc4afaea5,POS-2F039298,MER-2CFF75,2026-08-03T04:10:56.561000,2746.19,0,232.7,v2.3.0-beta,1.01,Bengaluru,12.9716,77.5946,1,normal,
649ed449-98e2-43b2-8913-faddbfca2882,POS-5B84BAFA,MER-54F0E4,2026-08-03T04:12:40.922768,3150.57,1,212.8,v2.1.1,1.9,Chennai,13.0827,80.2707,1,normal,
c82e5b2d-1a4a-4a2e-ba7d-f518dbba4c29,POS-E2ABAA01,MER-94FBB2,2026-08-03T04:29:50.366822,1278.74,0,84.0,v2.1.0,2.03,Nagpur,21.1458,79.0882,1,normal,
b36db096-1fa5-47c5-8ff4-5b8be8d9f5cd,POS-CC26C0E8,MER-0D1C10,2026-08-03T04:39:18.691623,1446.94,0,118.4,v2.1.0,2.26,Delhi,28.7041,77.1025,1,normal,
2ca99bb2-960e-44c3-90e2-aa097086f83c,POS-CD16D1EF,MER-7BDF7F,2026-08-03T04:40:22.558276,35728.63,0,668.6,v2.1.0,1.08,Mumbai,19.076,72.8777,1,fraud,bust_out
c3aa1927-2c61-4ac3-9bbe-295a756633fc,POS-D8B3BBA8,MER-81983E,2026-08-03T05:07:10.231342,1460.25,0,197.9,v2.3.0-beta,2.36,Hyderabad,17.385,78.4867,1,normal,
d791f85e-df5f-49a1-801b-3dcf0a3bed23,POS-F1C56238,MER-7963AE,2026-08-03T05:14:49.665030,4639.64,0,54.4,v2.2.0,1.21,Kolkata,22.5726,88.3639,1,normal,
cb3bc91c-be06-41f7-996f-9e7738d0da11,POS-10016958,MER-25A16E,2026-08-03T05:15:15.599769,1422.87,1,86.1,v2.1.1,0.98,Delhi,28.7041,77.1025,1,normal,
27094b35-c9b6-49e1-b9e2-f0cc24e09d60,POS-D2E37BD7,MER-94832D,2026-08-03T05:24:28.799405,347.0,0,302.5,v2.3.0-beta,0.93,Kolkata,22.5726,88.3639,1,normal,
ae5c551c-3334-4a2e-9865-87de62128353,POS-20AF02F8,MER-8C904C,2026-08-03T05:28:25.524530,4725.1,0,467.4,v2.1.0,2.96,Hyderabad,17.385,78.4867,1,normal,
4c3c36ca-3317-474c-9027-6433bcb6a425,POS-E2ABAA01,MER-94FBB2,2026-08-03T05:56:18.368077,319.96,0,434.5,v2.1.0,2.55,Nagpur,21.1458,79.0882,1,normal,
1f44fa67-f72f-4ec7-aace-653ce7c80052,POS-FC80D3D1,MER-FD74EE,2026-08-03T06:00:51.617783,2097.23,0,174.8,v2.1.1,1.3,Mumbai,19.076,72.8777,1,normal,
184739b0-6697-4bb9-96c2-1f59c83fd410,POS-2D6C822A,MER-CA6F11,2026-08-03T06:19:20.501029,3904.72,0,197.1,v2.1.0,1.31,Kolkata,22.5726,88.3639,1,normal,
4913c546-2810-40a6-954a-5ba1bc94a5a7,POS-73F6AE86,MER-2BE75A,2026-08-03T06:30:29.220414,999.98,0,398.7,v2.3.0-beta,1.28,Chennai,13.0827,80.2707,1,normal,
b2412679-5b8b-4471-8a13-faf44feb3ac2,POS-F79A698C,MER-2ED01B,2026-08-03T06:38:29.926375,1699.75,1,362.5,v2.1.1,2.04,Pune,18.5204,73.8567,1,normal,
20fc8966-56ea-4181-a0ec-d269b4ae4931,POS-B27C0D31,MER-6BDAEB,2026-08-03T06:45:42.579173,373.45,1,38.0,v2.1.1,2.07,Pune,18.5204,73.8567,1,normal,
13f84c5b-a880-4dd3-b2c8-9aa00bfd3e2a,POS-B37501A9,MER-DC9CFB,2026-08-03T06:48:22.490436,2995.14,0,32.5,v2.2.0,1.01,Bengaluru,12.9716,77.5946,1,normal,
d1dd3b5a-5bbe-4d41-a4e3-e733405ff954,POS-AD5BA00A,MER-5FE21C,2026-08-03T06:52:29.902910,3000.57,0,278.0,v2.3.0-beta,2.56,Pune,18.5204,73.8567,1,normal,
af3fa6dc-645e-40dc-aeaf-2f52dc408009,POS-A9C6662D,MER-C0726A,2026-08-03T06:57:37.909813,4288.9,0,176.0,v2.3.0-beta,2.48,Pune,18.5204,73.8567,1,normal,
ebd95591-a6c5-4a0f-9d1c-bda5a9cbeed5,POS-0FF08306,MER-2B307F,2026-08-03T07:03:59.532023,1762.74,0,452.3,v2.1.1,2.03,Nagpur,21.1458,79.0882,1,normal,
c4b1d69d-8ee0-45fa-a7d2-9b6f0dad5e87,POS-34F01FAC,MER-FE16C9,2026-08-03T07:28:06.979101,829.15,1,205.6,v2.1.1,2.38,Chennai,13.0827,80.2707,1,normal,
71f1f0fb-a351-40a8-aaf2-49e16e8eeaa4,POS-207CA2EB,MER-5B06DF,2026-08-03T07:30:35.914803,4502.55,0,128.1,v2.1.1,2.27,Pune,18.5204,73.8567,1,normal,
806548ca-91dc-487e-ae3b-2d5dd2c5adf7,POS-1D6FD4E1,MER-F1C4E7,2026-08-03T07:42:40.467679,4480.64,1,296.8,v2.1.0,1.31,Chennai,13.0827,80.2707,1,normal,
04329e10-86f9-4003-865f-389c7403a1a6,POS-E2ABAA01,MER-94FBB2,2026-08-03T07:42:47.815993,4706.35,0,174.8,v2.1.0,1.36,Nagpur,21.1458,79.0882,1,normal,
7f7db068-b499-48ee-b056-075b6c8817fd,POS-520C7452,MER-52D41B,2026-08-03T07:44:16.190693,1212.26,0,194.9,v2.2.0,1.43,Kolkata,22.5726,88.3639,1,normal,
96da566b-7dc1-4b18-b14b-3546b104df2b,POS-778516AB,MER-714018,2026-08-03T08:03:22.657847,4899.27,1,252.4,v2.1.0,0.69,Delhi,28.7041,77.1025,1,normal,
5499a45d-18a9-4497-ad44-c7e940e35991,POS-6439ED84,MER-ADB4F6,2026-08-03T08:07:53.599510,3132.35,0,224.7,v2.2.0,1.59,Hyderabad,17.385,78.4867,1,normal,
0c7233a1-2cbb-41ba-a79d-10b8e00515f0,POS-91659503,MER-DC751C,2026-08-03T08:15:33.937144,1746.91,0,242.5,v2.1.1,2.04,Hyderabad,17.385,78.4867,1,normal,
003c7404-4b5a-48d4-9185-0137b204a5cf,POS-BC46E34D,MER-0DC332,2026-08-03T08:16:23.478439,3494.11,0,189.4,v2.2.0,0.57,Mumbai,19.076,72.8777,1,normal,
c3f99f19-45d7-49f8-8105-aed13e46650c,POS-B93996C3,MER-901889,2026-08-03T08:24:13.517646,2674.49,0,309.8,v2.3.0-beta,2.66,Delhi,28.7041,77.1025,1,normal,
b9a6c121-887b-4df8-ad70-9e36bd2d1d13,POS-D122D405,MER-F03908,2026-08-03T08:31:31.000208,3886.07,1,108.1,v2.1.0,2.03,Mumbai,19.076,72.8777,1,normal,
0d7fa8b7-6b32-4876-8954-66c8a0302832,POS-B11F2EAD,MER-9FA357,2026-08-03T08:40:04.496456,1102.58,1,17.3,v2.2.0,0.89,Mumbai,19.076,72.8777,1,normal,
3f0548f3-f659-4d5e-b9f9-bdf3044deedb,POS-80C06FB8,MER-0D360C,2026-08-03T08:44:21.928390,2351.18,0,369.0,v2.1.0,1.02,Delhi,28.7041,77.1025,1,normal,
05bcfe29-d056-46cc-b7b0-d3eaeaf31230,POS-D7A7B0B8,MER-0542EB,2026-08-03T08:44:55.225771,1216.63,1,464.0,v2.1.1,1.49,Nagpur,21.1458,79.0882,1,normal,
dbff43e7-bb98-45a9-87b7-68add52514c0,POS-7249E858,MER-AE0327,2026-08-03T08:53:18.219719,1423.3,0,468.9,v2.3.0-beta,2.7,Kolkata,22.5726,88.3639,1,normal,
46e7d014-3dc8-421d-ab54-46ce48dadc06,POS-0E673AA4,MER-A73341,2026-08-03T08:55:19.859851,1833.17,0,167.5,v2.2.0,2.19,Hyderabad,17.385,78.4867,1,normal,
c463abfb-e74c-42b0-b700-97754ea65fc3,POS-91659503,MER-DC751C,2026-08-03T09:01:30.792228,2013.39,0,344.3,v2.1.1,2.89,Hyderabad,17.385,78.4867,1,normal,
d7c219a2-076c-4557-8fdb-bf1b601c6111,POS-81C99677,MER-2280B3,2026-08-03T09:08:03.224246,4492.26,0,296.1,v2.1.0,2.04,Nagpur,21.1458,79.0882,1,normal,
c9bc3427-cd16-4421-bd3a-67c26744befc,POS-FB95985B,MER-7765F7,2026-08-03T09:44:09.328886,4684.1,0,481.2,v2.1.0,1.19,Hyderabad,17.385,78.4867,1,normal,
6392ade1-f957-4691-8f0d-86d993327991,POS-4A5BFB60,MER-B81D68,2026-08-03T10:10:39.907701,2699.76,0,167.4,v2.1.1,1.26,Chennai,13.0827,80.2707,1,normal,
d7d19b26-f7c6-4e64-aead-e7e27f8ae078,POS-36A2CBE2,MER-7D9478,2026-08-03T10:20:40.898053,2473.63,0,26.0,v2.1.1,2.0,Mumbai,19.076,72.8777,1,normal,
e7dd9c17-6ae3-47b8-8420-aef6fd7db3f1,POS-862B6369,MER-4CCB87,2026-08-03T10:29:13.940434,1230.28,1,32.3,v2.1.1,2.59,Nagpur,21.1458,79.0882,1,normal,
48ae011a-2cf1-4a2c-93fb-8d9705099d8f,POS-0E2B0643,MER-16DFEB,2026-08-03T10:29:35.010082,4883.7,0,0.6,v2.1.1,10.82,Kolkata,22.5726,88.3639,0,fraud,device_spoof
b68de682-0c26-4b29-80b6-55136db40b7e,POS-C9DBE224,MER-11AEAE,2026-08-03T10:48:47.795197,4714.29,0,84.8,v2.3.0-beta,1.93,Bengaluru,12.9716,77.5946,1,normal,
20b0fd11-cde7-4351-80b6-2800992d7b22,POS-1D6FD4E1,MER-F1C4E7,2026-08-03T10:51:56.420958,1075.74,1,277.4,v2.1.0,0.75,Chennai,13.0827,80.2707,1,normal,
6dd2e8ba-ca91-484c-97f2-c25dabb96bf5,POS-4167FD28,MER-DA1B0B,2026-08-03T11:03:42.283963,687.64,0,326.7,v2.1.0,0.72,Delhi,28.7041,77.1025,1,normal,
a83b978c-75a0-4a00-9555-0904c97dac31,POS-7B3948DF,MER-2C19A0,2026-08-03T11:05:34.251748,4742.67,0,222.5,v2.1.0,2.36,Mumbai,19.076,72.8777,1,normal,
d7925d1b-8d8c-4c7d-b233-cb2468075d2d,POS-208DB4F3,MER-C166F5,2026-08-03T11:21:14.516411,513.21,0,91.1,v2.1.1,0.92,Delhi,28.7041,77.1025,1,normal,
19ba72d8-864e-43ba-82e4-3610c7e25361,POS-4FDF65E4,MER-8FF8CA,2026-08-03T11:35:09.221093,2339.56,0,361.9,v2.1.1,0.88,Delhi,28.7041,77.1025,1,normal,
2be86359-99d2-4745-91a3-02a3cd1fb621,POS-B607E194,MER-457468,2026-08-03T11:36:17.725245,3346.27,0,209.2,v2.1.0,1.73,Mumbai,19.076,72.8777,1,normal,
773a573d-d5f1-498f-a342-ec182f53e695,POS-198FC2BC,MER-7149CD,2026-08-03T11:50:49.265104,2012.31,0,322.8,v2.2.0,2.88,Bengaluru,12.9716,77.5946,1,normal,
d3d694ee-d730-4abd-9927-5abf294654cb,POS-0FF08306,MER-2B307F,2026-08-03T11:53:11.958281,1883.88,0,222.8,v2.1.1,1.05,Nagpur,21.1458,79.0882,1,normal,
f1b68323-e049-406b-871c-db341adb63f3,POS-7249E858,MER-AE0327,2026-08-03T11:54:59.971347,4873.9,0,189.3,v2.3.0-beta,2.73,Kolkata,22.5726,88.3639,1,normal,
59c9fd5e-8af9-4f15-a31c-022195c31f93,POS-7B492CC9,MER-70B109,2026-08-03T12:01:08.965745,1211.4,0,470.3,v2.1.0,2.25,Mumbai,19.076,72.8777,1,normal,
22551a8d-f65a-4f28-80db-76007bb20c75,POS-982191FD,MER-C18197,2026-08-03T12:16:09.407309,909.7,0,118.9,v2.2.0,0.7,Delhi,28.7041,77.1025,1,normal,
77974547-89c2-4482-a02f-c65f87719fa7,POS-7B492CC9,MER-70B109,2026-08-03T12:32:21.543674,1753.4,0,383.9,v2.1.0,1.09,Mumbai,19.076,72.8777,1,normal,
4c6216ed-dd83-45e7-a7d0-7c9fa26c177b,POS-F66B7F18,MER-589763,2026-08-03T12:35:22.276570,1174.27,1,415.2,v2.2.0,0.8,Pune,18.5204,73.8567,1,normal,
a0237707-f755-4d40-bced-f258a266e321,POS-81C99677,MER-2280B3,2026-08-03T12:37:25.110311,1770.74,1,218.6,v2.1.0,2.96,Nagpur,21.1458,79.0882,1,normal,
478c333c-c388-4993-97d5-3dcdc8108d8a,POS-CDFD9F1A,MER-243265,2026-08-03T12:43:19.253941,4719.18,0,216.4,v2.1.0,2.25,Bengaluru,12.9716,77.5946,1,normal,
6414cb5c-7d52-41c5-a1b7-8947562c4087,POS-A275E8CD,MER-DFFA45,2026-08-03T12:53:58.411946,4597.0,0,399.4,v2.1.1,2.88,Kolkata,22.5726,88.3639,1,normal,
23aa9a5f-2e13-4519-9bae-87e91b5bfbb3,POS-B11F2EAD,MER-9FA357,2026-08-03T13:07:35.766893,4894.69,0,378.3,v2.2.0,2.95,Mumbai,19.076,72.8777,1,normal,
1104b238-04b7-481a-957e-8e4d0045a662,POS-81C99677,MER-2280B3,2026-08-03T13:07:37.974242,3657.71,1,425.5,v2.1.0,2.43,Nagpur,21.1458,79.0882,1,normal,
e282e7a4-70b0-4896-bdb2-d16a2489b077,POS-75E7B52C,MER-837894,2026-08-03T13:10:00.613027,4671.14,0,440.6,v2.2.0,2.32,Chennai,13.0827,80.2707,1,normal,
f3584187-2c7d-4b1a-8350-f6537afbe975,POS-CC8EC905,MER-15DD11,2026-08-03T13:17:12.337768,2943.39,0,156.3,v2.1.0,2.71,Hyderabad,17.385,78.4867,1,normal,
4cb729cf-b3af-489c-8ebf-832b69e7a2e0,POS-D122D405,MER-F03908,2026-08-03T13:22:08.516526,4379.36,0,289.3,v2.1.0,2.71,Mumbai,19.076,72.8777,1,normal,
a1d8cf6f-4534-45bd-8df7-5939d6907f95,POS-6C1EE20B,MER-F3F810,2026-08-03T13:45:30.339111,528.57,0,397.7,v2.1.1,1.35,Bengaluru,12.9716,77.5946,1,normal,
46d740f2-5609-4e8b-895a-2ed40d572042,POS-CBC618C2,MER-07EDD3,2026-08-03T13:51:58.890619,3463.02,0,319.2,v2.3.0-beta,0.79,Mumbai,19.076,72.8777,1,normal,
52cd33a7-c59c-498e-b55f-7b8b1ac20075,POS-AF1B4891,MER-875B51,2026-08-03T13:53:48.465493,3558.73,0,155.5,v2.1.0,1.44,Mumbai,19.076,72.8777,1,normal,
79e88681-40e9-4faa-80a4-3d3d361bd235,POS-F1C56238,MER-7963AE,2026-08-03T14:09:40.289010,944.5,0,309.1,v2.2.0,0.58,Kolkata,22.5726,88.3639,1,normal,
855377d1-68bd-49c8-a4cf-ea13a9d62031,POS-81C99677,MER-2280B3,2026-08-03T14:25:30.635658,2703.72,0,415.0,v2.1.0,2.08,Nagpur,21.1458,79.0882,1,normal,
ba12a469-c8d7-4100-bd2d-0609418ac4c4,POS-FE25FE86,MER-76524C,2026-08-03T14:30:17.140145,439.09,0,39.8,v2.1.0,2.44,Chennai,13.0827,80.2707,1,normal,
60a9f95c-2357-47f0-84ed-4c1ccf4c727e,POS-91659503,MER-DC751C,2026-08-03T14:42:42.951634,4892.33,0,367.6,v2.1.1,0.55,Hyderabad,17.385,78.4867,1,normal,
ebb92403-e0b9-4e97-bcff-8cf84ee5676d,POS-B7140521,MER-A41052,2026-08-03T14:49:56.380964,3773.72,0,425.1,v2.1.0,2.27,Nagpur,21.1458,79.0882,1,normal,
8937faa3-876c-4778-942d-b249a63004ed,POS-FA8E124D,MER-079B19,2026-08-03T14:53:29.697971,1088.61,0,491.1,v2.1.1,2.96,Delhi,28.7041,77.1025,1,normal,
25fe450e-312a-4d04-b738-f8f5b6ff5b0e,POS-A22B806C,MER-66332B,2026-08-03T15:17:19.580928,3277.57,0,230.7,v2.1.1,1.35,Delhi,28.7041,77.1025,1,normal,
0550107a-3e5f-4a45-ae77-45fc8e70f1fc,POS-CDFD9F1A,MER-243265,2026-08-03T15:17:56.047854,125.16,0,43.7,v2.1.0,1.12,Bengaluru,12.9716,77.5946,1,normal,
5a6122d3-8378-4310-a66a-c0730ed8ce35,POS-DD8321BF,MER-250C33,2026-08-03T15:26:12.130506,2720.07,0,265.9,v2.1.0,2.78,Pune,18.5204,73.8567,1,normal,
28968d05-5bad-4054-bc7e-bbac37497786,POS-FCC69214,MER-85878E,2026-08-03T15:26:45.391553,3862.08,0,72.2,v2.2.0,2.07,Hyderabad,17.385,78.4867,1,normal,
dac7be68-5945-450f-a8da-f82f1f1416cf,POS-D7A7B0B8,MER-0542EB,2026-08-03T15:28:27.702416,4466.52,0,290.7,v2.1.1,1.15,Nagpur,21.1458,79.0882,1,normal,
ba10976b-6968-463c-8272-0123d4286134,POS-6EAB7795,MER-39C88B,2026-08-03T15:34:31.136283,249.02,0,372.7,v2.2.0,2.33,Chennai,13.0827,80.2707,1,normal,
ea2c889e-cc16-4838-8084-4d35bf211ac2,POS-10016958,MER-25A16E,2026-08-03T15:49:18.457213,1129.77,0,287.7,v2.1.1,2.13,Delhi,28.7041,77.1025,1,normal,
4bb37712-e4c9-48b1-b429-05945f6c8bbb,POS-FD4A2FB5,MER-DB7A61,2026-08-03T15:50:06.385348,4308.42,0,90.1,v2.1.1,1.84,Delhi,28.7041,77.1025,1,normal,
786a97f3-0d5b-4563-9da9-ec7f708d9388,POS-E2ABAA01,MER-94FBB2,2026-08-03T16:21:29.581757,525.09,0,296.8,v2.1.0,1.68,Nagpur,21.1458,79.0882,1,normal,
7dba98fe-b6e9-47d0-bd84-7f52457908b7,POS-FB95985B,MER-7765F7,2026-08-03T16:31:55.860231,1763.49,7,108.5,v2.1.0,18.53,Hyderabad,17.385,78.4867,1,fraud,retry_storm
dc3705c7-d32f-439a-8756-1b6edd729504,POS-0E673AA4,MER-A73341,2026-08-03T16:39:49.754590,1853.32,0,274.4,v2.2.0,0.93,Hyderabad,17.385,78.4867,1,normal,
7294e9b1-652a-4c6f-a282-a4606afa2f51,POS-74235C6B,MER-4BCD8F,2026-08-03T16:55:47.044033,4730.3,0,126.7,v2.1.1,1.19,Pune,18.5204,73.8567,1,normal,
78323e8c-6709-4b38-bde6-b8e77ab746b6,POS-36A2CBE2,MER-7D9478,2026-08-03T17:05:14.623721,1935.7,1,239.0,v2.1.1,2.42,Mumbai,19.076,72.8777,1,normal,
f4022268-d4bc-43aa-b5b9-a7d4427c2dde,POS-D780167B,MER-226112,2026-08-03T17:06:42.890717,4263.91,0,87.7,v2.3.0-beta,2.69,Kolkata,22.5726,88.3639,1,normal,
19abb628-d95a-42d7-8d6f-72841b7d502c,POS-520C7452,MER-52D41B,2026-08-03T17:28:23.952329,4480.51,0,151.1,v2.2.0,1.28,Kolkata,22.5726,88.3639,1,normal,
feff3f87-2a19-4498-9581-a494c1043827,POS-AD5BA00A,MER-5FE21C,2026-08-03T17:32:11.986937,4085.32,1,205.2,v2.3.0-beta,1.73,Pune,18.5204,73.8567,1,normal,
5d4e987a-1ce2-4881-840d-954e4415f562,POS-77B485D3,MER-340AFB,2026-08-03T17:34:46.328897,596.26,1,309.2,v2.1.0,1.18,Delhi,28.7041,77.1025,1,normal,
ab21a9ce-1dfd-4c77-9d5d-bf97b60c9ccb,POS-EF533CFF,MER-837BC2,2026-08-03T17:42:28.743179,516.86,0,54.3,v2.2.0,1.69,Nagpur,21.1458,79.0882,1,normal,
b47c8f48-db9e-425c-9ca4-e6fbea90f486,POS-EF533CFF,MER-837BC2,2026-08-03T17:44:52.674072,4045.81,1,332.8,v2.2.0,1.32,Nagpur,21.1458,79.0882,1,normal,
fcd388d5-74b3-47c6-b046-0fe55f9ca8e6,POS-34F01FAC,MER-FE16C9,2026-08-03T17:56:07.167851,1041.47,1,493.6,v2.1.1,2.73,Chennai,13.0827,80.2707,1,normal,
10d63972-1ad2-4132-9cb4-7eccf2004340,POS-6439ED84,MER-ADB4F6,2026-08-03T18:00:21.984206,1006.64,0,204.9,v2.2.0,2.92,Hyderabad,17.385,78.4867,1,normal,
968724a6-9c37-4d80-8439-19c37d962421,POS-D5B36245,MER-8A9DAF,2026-08-03T18:22:19.833950,4758.62,0,66.2,v2.1.1,0.57,Kolkata,22.5726,88.3639,1,normal,
2a0597c9-c222-4063-9bec-027f9ea3b345,POS-00CFCF07,MER-73C8B8,2026-08-03T18:26:09.358327,1867.06,0,117.3,v2.3.0-beta,2.53,Kolkata,22.5726,88.3639,1,normal,
e9fc451d-14c5-4e3e-b720-901dfe8f1d02,POS-6439ED84,MER-ADB4F6,2026-08-03T18:29:04.421805,1749.31,0,156.3,v2.2.0,0.94,Hyderabad,17.385,78.4867,1,normal,
1c61035f-05cc-4719-bc28-fb557b7dc52b,POS-E9D66DA1,MER-38119E,2026-08-03T18:29:27.851136,4490.48,0,418.1,v2.1.1,2.95,Pune,18.5204,73.8567,1,normal,
dcf96817-9a67-4a28-a108-483c6561e7f1,POS-6C3D83AB,MER-BCAE45,2026-08-03T18:30:52.488166,3118.61,0,300.2,v2.1.0,2.33,Bengaluru,12.9716,77.5946,1,normal,
c81fc024-e408-4678-9965-48473d3ae8aa,POS-982191FD,MER-C18197,2026-08-03T19:03:43.077430,3960.64,0,259.5,v2.2.0,2.06,Delhi,28.7041,77.1025,1,normal,
020460ba-8338-401b-b71b-61e0ae283ad1,POS-6439ED84,MER-ADB4F6,2026-08-03T19:06:40.807007,2954.76,0,282.3,v2.2.0,2.15,Hyderabad,17.385,78.4867,1,normal,
573cf813-830e-44ef-8dcb-19dd881fc913,POS-778516AB,MER-714018,2026-08-03T19:15:54.273799,4967.74,0,408.1,v2.1.0,2.33,Delhi,28.7041,77.1025,1,normal,
427d076c-e3ae-4924-b4a8-9fbe9cf08826,POS-3637119B,MER-7355A0,2026-08-03T19:24:40.901576,2037.13,0,103.7,v2.1.1,0.86,Hyderabad,17.385,78.4867,1,normal,
219aadec-5385-4f05-9a67-0e6102aa3953,POS-43D83AB1,MER-C30AE6,2026-08-03T19:29:36.180979,1718.92,0,288.6,v2.2.0,1.32,Kolkata,22.5726,88.3639,1,normal,
66339ae9-3ad6-49d4-887e-9c5f32c325c2,POS-62F7C65F,MER-BAFD17,2026-08-03T19:30:31.740161,3739.45,0,174.1,v2.1.0,1.3,Delhi,28.7041,77.1025,1,normal,
7ee9c51a-1836-41a6-b619-05fd97165fd1,POS-AF1B4891,MER-875B51,2026-08-03T19:50:20.814560,587.82,1,150.9,v2.1.0,2.58,Mumbai,19.076,72.8777,1,normal,
b468f054-0cd1-4d65-ae6a-92ed434a58d0,POS-BB11FCF8,MER-275B28,2026-08-03T20:18:40.887204,4507.49,1,127.2,v2.1.0,1.5,Mumbai,19.076,72.8777,1,normal,
f2a21634-014f-4650-8d95-ec58d56bb710,POS-FC0168BE,MER-ABA7C3,2026-08-03T20:40:41.345247,1666.38,0,168.2,v2.2.0,1.52,Hyderabad,17.385,78.4867,1,normal,
5bed2d5c-34d3-4b6c-944a-d69c40e942eb,POS-CD16D1EF,MER-7BDF7F,2026-08-03T20:41:47.420382,2332.69,0,230.3,v2.1.0,2.17,Mumbai,19.076,72.8777,1,normal,
33012f3b-4c69-4cf3-9a9a-d25537fdd14b,POS-8E1D47A7,MER-9204E3,2026-08-03T20:44:51.335174,4318.85,0,389.7,v2.1.0,1.72,Delhi,28.7041,77.1025,1,normal,
daa3d834-80ff-4571-9dd5-6e4950c86de2,POS-208DB4F3,MER-C166F5,2026-08-03T20:47:59.997659,2403.55,0,162.3,v2.1.1,2.74,Delhi,28.7041,77.1025,1,normal,
6c083340-f460-4fdb-8fb0-88e9c2373efb,POS-9CD505AA,MER-1F157D,2026-08-03T20:48:52.041727,4822.67,0,56.6,v2.1.1,0.66,Pune,18.5204,73.8567,1,normal,
d69faf6b-5209-4c5a-86c4-322cc0c5cfe7,POS-BC2D02AD,MER-18BAD6,2026-08-03T20:52:24.631739,563.77,0,3.9,v2.2.0,0.51,Kolkata,22.5726,88.3639,1,normal,
edca4b54-e51e-46f4-ab8b-80916188e35b,POS-FC80D3D1,MER-FD74EE,2026-08-03T20:56:48.680921,1550.99,0,34.0,v2.1.1,2.9,Mumbai,19.076,72.8777,1,normal,
1eb73f89-60a2-44a5-8259-87a13d0768c4,POS-A320C8AA,MER-9451DE,2026-08-03T21:03:32.467472,4488.7,0,327.0,v2.2.0,2.26,Nagpur,21.1458,79.0882,1,normal,
515cbcfa-ead7-40b1-a496-3619d0161fbf,POS-EDC02D19,MER-6176CA,2026-08-03T21:06:43.961825,2326.66,0,493.8,v2.1.0,0.81,Chennai,13.0827,80.2707,1,normal,
e2973fed-e28c-4c33-8bf9-28f33e547c20,POS-FB95985B,MER-7765F7,2026-08-03T21:07:04.891794,4430.2,1,487.5,v2.1.0,0.84,Hyderabad,17.385,78.4867,1,normal,
da381457-703b-4715-8f63-e78a6a7b02a7,POS-198FC2BC,MER-7149CD,2026-08-03T21:09:17.072491,4817.32,0,212.1,v2.2.0,2.75,Bengaluru,12.9716,77.5946,1,normal,
71d343a5-c961-4ace-8b36-d72430b43e68,POS-9CD505AA,MER-1F157D,2026-08-03T21:17:10.201367,679.26,1,65.6,v2.1.1,2.26,Pune,18.5204,73.8567,1,normal,
3cde160a-80bc-46f5-aa82-043340768a34,POS-0AE6C0D2,MER-897854,2026-08-03T21:22:03.191258,432.92,1,85.0,v2.1.1,1.51,Kolkata,22.5726,88.3639,1,normal,
6b9d622c-6f7c-4b14-838b-166ea8dfdb09,POS-0AE6C0D2,MER-897854,2026-08-03T21:37:08.560089,1606.54,0,160.0,v2.1.1,0.53,Kolkata,22.5726,88.3639,1,normal,
bc2ad8b4-7cbd-497a-8306-db3dd0dfc171,POS-BC2D02AD,MER-18BAD6,2026-08-03T21:46:46.991221,210.54,0,166.2,v2.2.0,0.72,Kolkata,22.5726,88.3639,1,normal,
7c94b95e-e7a2-4b10-8ea5-6278f750c78d,POS-207CA2EB,MER-5B06DF,2026-08-03T21:47:35.721689,3814.56,1,257.2,v2.1.1,2.97,Pune,18.5204,73.8567,1,normal,
81ead75d-bd8e-4626-89eb-1311e9f25415,POS-AA696464,MER-59201B,2026-08-03T21:49:15.206783,1393.92,1,136.2,v2.2.0,1.79,Nagpur,21.1458,79.0882,1,normal,
6b1c3739-66cd-4284-a0d9-bb95354e088b,POS-D122D405,MER-F03908,2026-08-03T22:08:15.699482,1400.15,0,242.9,v2.1.0,1.29,Mumbai,19.076,72.8777,1,normal,
e4fc52a6-acc8-4f7e-be2e-ade10973c385,POS-778516AB,MER-714018,2026-08-03T22:08:44.944606,2332.17,0,179.3,v2.1.0,0.63,Delhi,28.7041,77.1025,1,normal,
95d4ebdc-769d-4920-b862-8994ccaf6c92,POS-8BA2BC27,MER-CDDE89,2026-08-03T22:11:53.728989,157.21,0,409.5,v2.1.1,2.14,Bengaluru,12.9716,77.5946,1,normal,
e39deffa-9d3a-4501-83ba-3caa3a319dff,POS-47CB19EB,MER-7848E9,2026-08-03T22:14:17.605676,4000.58,0,5.9,v2.2.0,1.44,Bengaluru,12.9716,77.5946,1,normal,
5792ea40-af63-4d94-bcbf-ca8a29fc9937,POS-5190E155,MER-85B4C2,2026-08-03T22:14:35.377597,3049.62,0,63.1,v2.1.0,1.44,Delhi,28.7041,77.1025,1,normal,
c684aee9-51ee-4bd5-a520-c885815d3ad2,POS-5190E155,MER-85B4C2,2026-08-03T22:19:25.697209,1838.66,0,17.6,v2.1.0,1.52,Delhi,28.7041,77.1025,1,normal,
b84ec43f-691f-4fce-a7bd-7b1d4b8b3cf7,POS-5B84BAFA,MER-54F0E4,2026-08-03T22:29:42.892947,873.39,0,258.8,v2.1.1,1.51,Chennai,13.0827,80.2707,1,normal,
b012b28a-b4ff-46f4-8d26-476bea60d0e0,POS-D8B3BBA8,MER-81983E,2026-08-03T22:43:47.646761,278.76,1,306.0,v2.3.0-beta,2.42,Hyderabad,17.385,78.4867,1,normal,
83c813cb-a4bf-4e89-b72a-034eeb95769a,POS-208DB4F3,MER-C166F5,2026-08-03T22:45:22.860182,1577.94,0,146.2,v2.1.1,2.93,Delhi,28.7041,77.1025,1,normal,
f39251b6-8de8-4f07-96b4-cb623a74d128,POS-2D6C822A,MER-CA6F11,2026-08-03T22:48:24.099313,1369.85,0,222.3,v2.1.0,1.19,Kolkata,22.5726,88.3639,1,normal,
c265e73b-e943-4849-aea3-4e28b9253acf,POS-7B492CC9,MER-70B109,2026-08-03T22:59:31.869575,2081.08,0,330.0,v2.1.0,0.85,Mumbai,19.076,72.8777,1,normal,
dc8c2630-6bc8-47a7-b52e-696648feb94b,POS-AF1B4891,MER-875B51,2026-08-03T23:02:45.428338,1714.03,1,286.1,v2.1.0,0.62,Mumbai,19.076,72.8777,1,normal,
734d48ab-1c4d-41f0-aed4-17cea4dce53d,POS-BC46E34D,MER-0DC332,2026-08-03T23:03:05.427612,1477.73,0,440.2,v2.2.0,1.91,Mumbai,19.076,72.8777,1,normal,
cc2184f5-f7d0-48cd-8716-6e7f44baf2b2,POS-70E04A75,MER-F51428,2026-08-03T23:12:08.643577,1457.69,0,309.7,v2.1.1,0.9,Pune,18.5204,73.8567,1,normal,
510f656e-a997-44c1-a7b3-7d5cacef14d2,POS-75E7B52C,MER-837894,2026-08-03T23:13:23.578537,909.56,0,0.4,v2.2.0,4.85,Pune,18.5204,73.8567,0,fraud,device_spoof
5ee5a4c8-d78e-4d3c-9fcf-b349e7847acf,POS-38B8A946,MER-7808DD,2026-08-03T23:23:09.746088,818.33,0,30.3,v2.3.0-beta,2.69,Nagpur,21.1458,79.0882,1,normal,
25c484a8-1c74-4f86-9028-821ace5683e9,POS-80C06FB8,MER-0D360C,2026-08-03T23:33:58.410512,146.87,1,284.4,v2.1.0,0.5,Delhi,28.7041,77.1025,1,normal,
b451470e-e608-4226-bc1d-5f17f6f6f812,POS-520C7452,MER-52D41B,2026-08-03T23:35:21.683328,495.91,0,362.1,v2.2.0,0.75,Kolkata,22.5726,88.3639,1,normal,
59f2a49d-b5b4-4d1c-af65-2f5447986042,POS-6B16F045,MER-ECDE68,2026-08-03T23:38:26.075194,4792.26,0,473.7,v2.3.0-beta,0.79,Delhi,28.7041,77.1025,1,normal,
f9477eeb-44ff-4dcb-9924-fe310c78394d,POS-B66D5760,MER-221884,2026-08-03T23:51:51.364587,953.0,0,374.3,v2.1.0,2.25,Hyderabad,17.385,78.4867,1,normal,
4cc726dc-9569-47c7-9268-045461e9bc54,POS-383A0EE8,MER-ECE86F,2026-08-04T00:03:41.319533,1469.23,0,9.5,v2.1.1,2.56,Mumbai,19.076,72.8777,1,normal,
09e4c2f6-7804-42d1-8c03-566974d4dc4b,POS-BA41B435,MER-3AA9F7,2026-08-04T00:12:35.163246,3644.72,1,289.7,v2.1.1,3.0,Delhi,28.7041,77.1025,1,normal,
84c8d065-cbc8-42e8-a3ff-24e3cd29defb,POS-62F7C65F,MER-BAFD17,2026-08-04T00:14:20.663044,1061.07,0,147.3,v2.1.0,2.92,Delhi,28.7041,77.1025,1,normal,
484391e4-51f2-40ea-848a-ab586af16f4e,POS-BB11FCF8,MER-275B28,2026-08-04T00:16:18.699099,4665.37,0,117.3,v2.1.0,1.37,Mumbai,19.076,72.8777,1,normal,
eacbe7b5-51b1-4288-8adc-6f5be0758427,POS-20AF02F8,MER-8C904C,2026-08-04T00:16:37.485325,4130.57,0,251.2,v2.1.0,2.47,Hyderabad,17.385,78.4867,1,normal,
5ed7c3af-9fbe-4e68-bae6-34b1a03a8501,POS-D8B3BBA8,MER-81983E,2026-08-04T00:19:40.668213,1616.63,0,434.1,v2.3.0-beta,0.83,Hyderabad,17.385,78.4867,1,normal,
9ff9de5f-2a9e-4379-8675-3e51d662fe18,POS-2D6C822A,MER-CA6F11,2026-08-04T00:21:27.243325,4988.63,1,53.2,v2.1.0,1.54,Kolkata,22.5726,88.3639,1,normal,
ccc21238-b2c4-48fc-85b2-68431082e032,POS-9CD505AA,MER-1F157D,2026-08-04T00:24:04.200479,451.74,0,469.5,v2.1.1,1.55,Pune,18.5204,73.8567,1,normal,
46a7f865-bebc-4108-96f0-b516919b37a9,POS-1AF2A398,MER-9A9BF3,2026-08-04T00:29:54.789128,4732.91,0,48.3,v2.1.1,1.48,Chennai,13.0827,80.2707,1,normal,
0497d812-09f8-4444-885a-1f838c0bbaed,POS-B27C0D31,MER-6BDAEB,2026-08-04T00:38:33.267396,4938.24,1,301.4,v2.1.1,0.67,Pune,18.5204,73.8567,1,normal,
a23c0ca8-223b-4a17-94ff-f4e0b5e168a0,POS-BC46E34D,MER-0DC332,2026-08-04T00:45:12.832146,2637.76,0,46.8,v2.2.0,1.4,Mumbai,19.076,72.8777,1,normal,
f95d60aa-9d11-4c6b-b93f-b8baa04a35b6,POS-77136499,MER-3E00AA,2026-08-04T00:46:17.714968,1682.66,1,287.7,v2.3.0-beta,1.79,Bengaluru,12.9716,77.5946,1,normal,
b5243585-9075-4cd4-a4ee-2089ecc9a725,POS-CDFD9F1A,MER-243265,2026-08-04T00:49:02.604170,2790.87,0,381.4,v2.1.0,0.93,Bengaluru,12.9716,77.5946,1,normal,
dc11fa48-5268-4b9e-935c-dead895aa5ed,POS-6C3D83AB,MER-BCAE45,2026-08-04T00:49:11.736368,4491.02,0,44.8,v2.1.0,1.46,Bengaluru,12.9716,77.5946,1,normal,
a7c190a0-3643-4ee8-87ea-5b9cb02ce7c9,POS-EF533CFF,MER-837BC2,2026-08-04T00:49:44.268011,4065.15,0,43.5,v2.2.0,1.12,Nagpur,21.1458,79.0882,1,normal,
4f9d0506-e878-4071-8aa3-05e57c98b052,POS-70A8C312,MER-778AE7,2026-08-04T00:51:13.467289,4279.06,1,106.1,v2.1.0,2.24,Chennai,13.0827,80.2707,1,normal,
acd3e852-0334-435b-bc98-9c741e3cb08a,POS-1AF2A398,MER-9A9BF3,2026-08-04T01:02:05.267668,946.17,1,214.7,v2.1.1,2.7,Chennai,13.0827,80.2707,1,normal,
1ae9b575-be26-427b-b1ef-ccb6de3bc8ab,POS-F5C825B8,MER-3430AF,2026-08-04T01:15:01.064157,3876.31,0,154.9,v2.1.1,0.75,Pune,18.5204,73.8567,1,normal,
051b211b-aa64-455f-acee-97e1d065064a,POS-AB472E48,MER-7D45F8,2026-08-04T01:17:19.414042,3702.4,1,210.4,v2.1.0,0.56,Bengaluru,12.9716,77.5946,1,normal,
eeea682b-781b-444b-b24c-8e7a6c367fa3,POS-3BD6788B,MER-FA377E,2026-08-04T01:20:36.169017,3646.91,0,190.8,v2.1.0,1.26,Pune,18.5204,73.8567,1,normal,
b8ed087f-0a47-4f17-b45c-3c6e6e70a623,POS-75E7B52C,MER-837894,2026-08-04T01:55:22.588845,4017.21,0,432.0,v2.2.0,0.52,Chennai,13.0827,80.2707,1,normal,
21eca57e-82ea-4ea1-b5fb-8064ffd7271b,POS-AA696464,MER-59201B,2026-08-04T01:58:59.256073,1451.49,1,320.8,v2.2.0,0.78,Nagpur,21.1458,79.0882,1,normal,
13b50098-c529-4c7d-9e53-ee35e846a3c0,POS-7249E858,MER-AE0327,2026-08-04T02:00:47.693168,3310.73,0,421.4,v2.3.0-beta,1.91,Kolkata,22.5726,88.3639,1,normal,
be0d7b0f-7e7a-464b-8fe8-76691a41e683,POS-B66D5760,MER-221884,2026-08-04T02:02:53.878664,4987.41,0,68.0,v2.1.0,0.68,Hyderabad,17.385,78.4867,1,normal,
1bb7705d-2cc3-43b7-9b01-c6991c229443,POS-81C99677,MER-2280B3,2026-08-04T02:07:54.545136,4035.73,0,74.1,v2.1.0,1.23,Nagpur,21.1458,79.0882,1,normal,
ba96254f-d865-4bb6-90f6-eaa29f8545b3,POS-B27C0D31,MER-6BDAEB,2026-08-04T02:09:59.023239,326.58,0,314.1,v2.1.1,0.81,Pune,18.5204,73.8567,1,normal,
55f01f3e-a2b7-4147-b7ea-ab1388ffcfe1,POS-D8B3BBA8,MER-81983E,2026-08-04T02:16:03.859527,988.65,0,431.0,v2.3.0-beta,2.33,Hyderabad,17.385,78.4867,1,normal,
7ebc653c-5149-4eed-a97e-8380abf1ee36,POS-EEE16951,MER-D3A1BB,2026-08-04T02:25:30.789434,7250.52,0,0.3,v2.1.1,6.79,Delhi,28.7041,77.1025,0,fraud,device_spoof
46ddba5e-7d34-4c81-a41b-f4f8955e7414,POS-EBF11023,MER-16D60A,2026-08-04T02:27:29.732896,982.98,0,17.1,v2.2.0,2.15,Hyderabad,17.385,78.4867,1,normal,
95f1e00c-bbd1-47c1-98ff-ff8c200d3f1d,POS-B37501A9,MER-DC9CFB,2026-08-04T02:35:49.432684,863.66,1,157.7,v2.2.0,0.8,Bengaluru,12.9716,77.5946,1,normal,
1ac8fd09-fcf2-481c-a849-15260563ca11,POS-F79A698C,MER-2ED01B,2026-08-04T02:42:09.332149,3300.34,0,235.9,v2.1.1,1.44,Pune,18.5204,73.8567,1,normal,
ecf3d5a4-7834-4a05-97fc-f457b3e134ea,POS-8D15D2C5,MER-4A3FBD,2026-08-04T02:44:16.903612,2865.12,1,174.1,v2.1.0,2.53,Nagpur,21.1458,79.0882,1,normal,
b9954871-1809-47b5-b86a-32847f6182b7,POS-FCC69214,MER-85878E,2026-08-04T02:50:45.299542,3013.82,0,441.1,v2.2.0,1.56,Hyderabad,17.385,78.4867,1,normal,
7ff77f60-a6b1-4417-9559-5176c0542e90,POS-CC26C0E8,MER-0D1C10,2026-08-04T02:52:40.342327,578.11,0,338.2,v2.1.0,2.16,Delhi,28.7041,77.1025,1,normal,
f4c24ce3-eada-4821-afee-bb82fdb22c55,POS-DD8321BF,MER-250C33,2026-08-04T03:01:50.755136,2486.32,1,471.6,v2.1.0,1.73,Pune,18.5204,73.8567,1,normal,
d819ab14-4c9e-4ef0-9384-6ae6cc83c08c,POS-52FC2A7B,MER-31B3EE,2026-08-04T03:08:05.493446,997.87,0,25.4,v2.1.1,2.6,Delhi,28.7041,77.1025,1,normal,
d700781c-d53f-4c64-add0-5a41d2ce5f0f,POS-A77B64DE,MER-1A5D0B,2026-08-04T03:12:09.234970,4733.4,0,379.1,v2.1.0,2.67,Kolkata,22.5726,88.3639,1,normal,
c0a20d75-a58b-4906-91e5-6b86ad4821d0,POS-A8756576,MER-414EF8,2026-08-04T03:39:19.371569,3445.97,0,108.3,v2.1.0,2.64,Pune,18.5204,73.8567,1,normal,
239bbbc0-2146-4e57-8ae5-1f73a0888f53,POS-03C6BBBA,MER-C61A54,2026-08-04T03:58:28.568366,2783.99,1,350.2,v2.3.0-beta,1.2,Nagpur,21.1458,79.0882,1,normal,
bbace409-6021-4e01-9b3f-98411356203a,POS-FCC69214,MER-85878E,2026-08-04T04:05:56.328520,2951.16,0,421.2,v2.2.0,2.44,Hyderabad,17.385,78.4867,1,normal,
6f31f390-5fce-4d97-88b3-e4ccf4aced8b,POS-7F1981DF,MER-B33B9B,2026-08-04T04:08:00.562109,3654.77,0,127.4,v2.2.0,2.1,Nagpur,21.1458,79.0882,1,normal,
6394b137-778f-4eab-b690-9a169d452f45,POS-CBA73359,MER-269861,2026-08-04T04:24:43.776543,1669.36,1,426.7,v2.1.1,0.75,Hyderabad,17.385,78.4867,1,normal,
f836857e-5bb9-4d6d-a052-98384f300e40,POS-A77B64DE,MER-1A5D0B,2026-08-04T04:44:03.819971,1047.85,0,167.9,v2.1.0,1.32,Kolkata,22.5726,88.3639,1,normal,
9ea7d9b2-e555-4f45-8803-77e4d3f69345,POS-91659503,MER-DC751C,2026-08-04T04:57:00.001882,1035.01,1,479.9,v2.1.1,2.96,Hyderabad,17.385,78.4867,1,normal,
e8904996-24b8-4ea4-a03b-febae26fc1ff,POS-EF533CFF,MER-837BC2,2026-08-04T05:09:15.279782,4824.62,0,402.4,v2.2.0,2.56,Nagpur,21.1458,79.0882,1,normal,
50bc4620-eb2d-4501-bc2b-6fb13d01a2d1,POS-28402991,MER-833A0C,2026-08-04T05:14:02.967207,421.26,0,169.6,v2.1.1,2.96,Hyderabad,17.385,78.4867,1,normal,
e5774f40-23b0-447c-a84d-7b0538832f26,POS-3BF5E359,MER-A82822,2026-08-04T05:32:58.598319,1995.75,0,471.0,v2.2.0,1.93,Mumbai,19.076,72.8777,1,normal,
1cc7629c-5ba7-4dbd-99d4-c5a06b10f1a9,POS-7B3948DF,MER-2C19A0,2026-08-04T05:40:49.671448,1801.0,1,3.9,v2.1.0,2.71,Mumbai,19.076,72.8777,1,normal,
128b2db2-8e5c-471c-b49d-1498d08a5f0d,POS-CDFD9F1A,MER-243265,2026-08-04T05:42:17.634045,1646.54,1,242.4,v2.1.0,1.36,Bengaluru,12.9716,77.5946,1,normal,
f9187125-6c84-442e-ad13-d34a3917094f,POS-0FF08306,MER-2B307F,2026-08-04T06:38:22.786256,4767.43,0,84.3,v2.1.1,0.82,Nagpur,21.1458,79.0882,1,normal,
7787db79-561b-47cb-9e94-1eab0487fca1,POS-383A0EE8,MER-ECE86F,2026-08-04T06:50:03.628520,3589.65,1,5.9,v2.1.1,1.54,Mumbai,19.076,72.8777,1,normal,
9a21d343-9e40-41b0-9b85-f0bdb0cffa8a,POS-1B73B11B,MER-95FEFA,2026-08-04T07:04:18.138118,3153.36,1,420.0,v2.2.0,1.4,Hyderabad,17.385,78.4867,1,normal,
41a083c1-ff8f-4452-ad7d-98836996a288,POS-FA8E124D,MER-079B19,2026-08-04T07:16:06.635729,2182.4,0,14.1,v2.1.1,1.67,Delhi,28.7041,77.1025,1,normal,
d56c6477-361a-4a9f-ba65-c42917c99345,POS-659CC7FB,MER-F997E8,2026-08-04T07:30:48.583527,1068.87,1,217.3,v2.1.1,1.62,Mumbai,19.076,72.8777,1,normal,
b039fa6e-57b9-4230-879a-0033497c9001,POS-483FD0E6,MER-A77E7B,2026-08-04T07:35:43.193533,2163.01,0,250.8,v2.2.0,1.83,Kolkata,22.5726,88.3639,1,normal,
b3573c3f-c2dc-409e-a34d-aa28f155f592,POS-D1DB24C2,MER-26B633,2026-08-04T07:40:16.235369,739.21,0,407.0,v2.3.0-beta,2.51,Hyderabad,17.385,78.4867,1,normal,
6a0a3740-29ba-4d99-b8f5-588332aeb020,POS-03C6BBBA,MER-C61A54,2026-08-04T08:06:35.471375,4296.74,0,402.6,v2.3.0-beta,1.02,Nagpur,21.1458,79.0882,1,normal,
9d233b54-2998-4c1c-95c7-88ff05b50a32,POS-7B492CC9,MER-70B109,2026-08-04T08:07:43.901127,1407.04,0,145.5,v2.1.0,2.89,Mumbai,19.076,72.8777,1,normal,
fa73bf8b-e46d-4f9c-a3d9-3db4c3e03816,POS-DEE4DD42,MER-D53081,2026-08-04T08:10:10.883600,4128.03,0,474.3,v2.1.0,1.64,Mumbai,19.076,72.8777,1,normal,
ca9954a5-bc47-4e24-b932-d9c055899784,POS-75E7B52C,MER-837894,2026-08-04T08:22:05.159422,1971.17,0,249.8,v2.2.0,1.66,Chennai,13.0827,80.2707,1,normal,
78c9dc6e-f280-4d18-9b93-675a3d517136,POS-F5C825B8,MER-3430AF,2026-08-04T08:23:25.564804,4637.97,0,332.3,v2.1.1,0.73,Pune,18.5204,73.8567,1,normal,
62c3d5d6-f0d2-4cbf-8ebb-f179918cde91,POS-A77B64DE,MER-1A5D0B,2026-08-04T08:29:09.885632,2898.45,1,473.1,v2.1.0,1.05,Kolkata,22.5726,88.3639,1,normal,
4e32199e-801c-48c0-a8c9-3c7b0150187d,POS-87CA5368,MER-503568,2026-08-04T08:32:09.450004,649.58,0,8.4,v2.3.0-beta,1.08,Pune,18.5204,73.8567,1,normal,
95c17993-6893-4288-abf4-e2d26a7a5fd6,POS-FD4A2FB5,MER-DB7A61,2026-08-04T08:42:53.555329,762.97,0,384.4,v2.1.1,0.89,Delhi,28.7041,77.1025,1,normal,
cbc0b088-6828-467f-9384-5a1fd622e82c,POS-15DBCFD0,MER-2D83F7,2026-08-04T09:17:50.640908,4788.59,0,494.8,v2.2.0,0.51,Hyderabad,17.385,78.4867,1,normal,
c4ddf021-8072-4e0b-82ca-c64e3aad6bac,POS-A9C6662D,MER-C0726A,2026-08-04T09:21:39.015784,1381.15,0,247.1,v2.3.0-beta,0.66,Pune,18.5204,73.8567,1,normal,
4f3a6e67-c59a-4e5c-9e45-8f547ac2e6db,POS-77B485D3,MER-340AFB,2026-08-04T09:35:31.745590,440.89,1,310.2,v2.1.0,1.1,Delhi,28.7041,77.1025,1,normal,
cdfd2201-a62c-4b54-9c44-f4a108993366,POS-20AF02F8,MER-8C904C,2026-08-04T09:56:52.993974,3813.29,0,297.4,v2.1.0,2.92,Hyderabad,17.385,78.4867,1,normal,
97c05806-4cbd-4dbf-a8a8-a899e446dc15,POS-F66B7F18,MER-589763,2026-08-04T10:22:10.327045,4886.66,0,124.9,v2.2.0,0.62,Pune,18.5204,73.8567,1,normal,
ca453329-ac79-46a1-bb9e-4e7831776f13,POS-DEE4DD42,MER-D53081,2026-08-04T10:26:01.752753,1337.04,1,186.6,v2.1.0,1.22,Mumbai,19.076,72.8777,1,normal,
8059d930-71dc-4135-9942-a0d1cb20bf67,POS-FC0168BE,MER-ABA7C3,2026-08-04T10:27:04.543641,3782.39,0,486.8,v2.2.0,0.75,Hyderabad,17.385,78.4867,1,normal,
36628397-6cb0-4c78-8d1b-3257b217e43f,POS-D5B36245,MER-8A9DAF,2026-08-04T10:29:56.856039,4740.69,1,416.2,v2.1.1,2.8,Kolkata,22.5726,88.3639,1,normal,
28d2d81d-e1e9-4c78-8b3b-1a3d8751b578,POS-4A5BFB60,MER-B81D68,2026-08-04T10:59:35.504200,4137.24,0,298.0,v2.1.1,1.25,Chennai,13.0827,80.2707,1,normal,
5b54c143-7139-4500-a538-659e83f737c3,POS-778516AB,MER-714018,2026-08-04T11:18:33.024190,32636.56,0,439.1,v2.1.0,1.86,Delhi,28.7041,77.1025,1,fraud,bust_out
8cf2452a-c79b-4687-8ce6-ffff5225d48b,POS-198FC2BC,MER-7149CD,2026-08-04T11:24:36.232139,3762.18,0,20.1,v2.2.0,0.57,Bengaluru,12.9716,77.5946,1,normal,
8b85c9cd-4398-4439-a65f-177f165b5321,POS-73F6AE86,MER-2BE75A,2026-08-04T11:25:49.811508,421.57,0,204.9,v2.3.0-beta,2.22,Chennai,13.0827,80.2707,1,normal,
c941d814-eb4b-4963-b15f-5d48b36daddc,POS-03C6BBBA,MER-C61A54,2026-08-04T11:30:07.600053,2038.81,1,491.8,v2.3.0-beta,2.42,Nagpur,21.1458,79.0882,1,normal,
81d1fbb7-4705-4770-8c91-e77a24bd3152,POS-A275E8CD,MER-DFFA45,2026-08-04T11:51:47.165696,4304.34,0,403.6,v2.1.1,1.34,Kolkata,22.5726,88.3639,1,normal,
1473bea3-0299-4086-9d6c-16a3eea3b4b8,POS-4FDF65E4,MER-8FF8CA,2026-08-04T12:02:45.442314,4222.39,1,55.2,v2.1.1,2.41,Delhi,28.7041,77.1025,1,normal,
faaf52ba-baea-43e8-9a4b-ba19a7ae8907,POS-B607E194,MER-457468,2026-08-04T12:15:48.660807,2312.98,0,100.0,v2.1.0,2.47,Mumbai,19.076,72.8777,1,normal,
5331db86-151b-48b4-86c5-40cc2725c971,POS-1AF2A398,MER-9A9BF3,2026-08-04T12:31:41.435178,2982.97,0,457.1,v2.1.1,0.57,Chennai,13.0827,80.2707,1,normal,
39fba2a7-3ece-46b7-9abb-c514a3fa98ec,POS-FC0168BE,MER-ABA7C3,2026-08-04T12:32:45.021092,496.0,0,395.1,v2.2.0,2.21,Hyderabad,17.385,78.4867,1,normal,
064c798a-38bb-4a75-a064-b05018f54e4e,POS-AE4DEB2A,MER-78544D,2026-08-04T12:49:58.493248,4859.44,0,361.6,v2.2.0,2.22,Nagpur,21.1458,79.0882,1,normal,
2f4419e9-f754-4ab4-83b0-12244abc2b58,POS-D9E1B170,MER-4FA9A0,2026-08-04T12:55:54.328369,944.29,0,240.6,v2.1.1,1.3,Delhi,28.7041,77.1025,1,normal,
b8302ab0-bc64-4bd0-b488-6b3de03c980f,POS-FD4A2FB5,MER-DB7A61,2026-08-04T12:58:39.313885,3008.04,1,262.2,v2.1.1,2.1,Delhi,28.7041,77.1025,1,normal,
a2b874ac-de3c-47a0-b87f-18ef7f6d133d,POS-B9828EE6,MER-E676A0,2026-08-04T12:59:59.764093,1463.48,0,268.2,v2.2.0,2.77,Pune,18.5204,73.8567,1,normal,
dd728607-ca45-4fcb-a66d-66588e616e58,POS-20AF02F8,MER-8C904C,2026-08-04T13:01:48.510821,3875.6,1,232.5,v2.1.0,1.91,Hyderabad,17.385,78.4867,1,normal,
e9e7fa2f-6b50-4ee8-b8d7-977b3ce1453f,POS-8E784FDD,MER-40A230,2026-08-04T13:04:22.892553,3138.95,1,458.5,v2.1.0,0.78,Pune,18.5204,73.8567,1,normal,
4d8de48b-8bb6-439c-acd9-a002268f83ea,POS-C9DBE224,MER-11AEAE,2026-08-04T13:04:25.047892,3297.71,0,342.9,v2.3.0-beta,0.7,Bengaluru,12.9716,77.5946,1,normal,
01e6bca8-48af-4bb6-a3a0-7859e1c6c62a,POS-D2E37BD7,MER-94832D,2026-08-04T13:19:55.391920,688.04,0,483.8,v2.3.0-beta,2.53,Kolkata,22.5726,88.3639,1,normal,
c0091032-3fa8-4b0d-84a9-913ba9305caf,POS-FA8E124D,MER-079B19,2026-08-04T13:24:22.152908,393.52,0,305.5,v2.1.1,0.95,Delhi,28.7041,77.1025,1,normal,
0dce0c0c-2669-4067-9bb1-7f7f6740d41a,POS-D9E1B170,MER-4FA9A0,2026-08-04T13:28:09.002732,1898.75,1,360.2,v2.1.1,2.08,Delhi,28.7041,77.1025,1,normal,
4481240d-2c16-4190-91fc-8605158ec86c,POS-A22B806C,MER-66332B,2026-08-04T13:44:46.827576,4793.85,1,29.5,v2.1.1,0.96,Delhi,28.7041,77.1025,1,normal,
3d664a90-2220-45ed-b770-027ab8eb1c9d,POS-77136499,MER-3E00AA,2026-08-04T13:47:22.295607,1816.58,0,223.9,v2.3.0-beta,1.24,Bengaluru,12.9716,77.5946,1,normal,
6b5b7fc3-43e1-48ea-8b5a-60cac56477b9,POS-C2744B6C,MER-4093C0,2026-08-04T13:51:42.184415,2972.06,0,441.4,v2.1.1,0.73,Nagpur,21.1458,79.0882,1,normal,
d6653dea-ddc9-492c-adfc-08a3b9e91934,POS-F66B7F18,MER-589763,2026-08-04T13:59:16.501057,41514.16,0,452.2,v2.2.0,0.83,Pune,18.5204,73.8567,1,fraud,bust_out
17fc8842-4442-4065-b902-8e27d9a6efbf,POS-EF533CFF,MER-837BC2,2026-08-04T14:05:07.037271,4031.47,0,477.1,v2.2.0,0.67,Nagpur,21.1458,79.0882,1,normal,
72f78611-b0ab-4cc3-b311-f57b83deea91,POS-9CD505AA,MER-1F157D,2026-08-04T14:18:25.521138,100.19,0,330.2,v2.1.1,2.08,Pune,18.5204,73.8567,1,normal,
417605e2-8cb1-4718-8a3d-065810ac5312,POS-8BA2BC27,MER-CDDE89,2026-08-04T14:33:04.723218,2242.75,0,193.6,v2.1.1,2.17,Bengaluru,12.9716,77.5946,1,normal,
adb924fc-24d5-4351-946a-497b90a66d27,POS-6C1EE20B,MER-F3F810,2026-08-04T14:43:07.691342,3015.56,0,3.7,v2.1.1,1.62,Bengaluru,12.9716,77.5946,1,normal,
7b487036-aba6-45e6-9087-cc026ff13ca1,POS-A77B64DE,MER-1A5D0B,2026-08-04T14:43:22.052746,4040.12,1,239.0,v2.1.0,0.82,Kolkata,22.5726,88.3639,1,normal,
d8f635bd-efbc-44dc-bc03-e3218373a86c,POS-94086F72,MER-6D8C2C,2026-08-04T14:45:14.727140,3171.08,0,50.3,v2.1.0,2.8,Mumbai,19.076,72.8777,1,normal,
94e4f785-19b8-4631-ab96-107d91138a67,POS-055D6FBC,MER-294500,2026-08-04T14:56:42.762285,533.14,0,370.7,v2.2.0,2.31,Kolkata,22.5726,88.3639,1,normal,
0bdd32ac-0fe8-42b9-b16d-73356c697c15,POS-D5B36245,MER-8A9DAF,2026-08-04T15:15:31.837682,818.2,0,370.8,v2.1.1,2.7,Kolkata,22.5726,88.3639,1,normal,
0d113055-aad8-4f0d-8be1-d53e75a1b8dc,POS-5190E155,MER-85B4C2,2026-08-04T15:46:38.358285,2033.85,1,136.6,v2.1.0,1.46,Delhi,28.7041,77.1025,1,normal,
d257eddf-5159-4b69-aa00-22d8816b937b,POS-87D47970,MER-BF7D1A,2026-08-04T15:51:40.927677,3482.51,1,209.7,v2.1.0,0.84,Pune,18.5204,73.8567,1,normal,
d3d59f92-adae-410e-b880-195bd57ef460,POS-74235C6B,MER-4BCD8F,2026-08-04T15:54:28.203053,2377.73,0,353.3,v2.1.1,1.59,Pune,18.5204,73.8567,1,normal,
1a3498ab-5008-47a3-8669-d123d9007ff9,POS-9C17BF21,MER-B0A7FE,2026-08-04T16:12:34.993971,352.68,0,331.1,v2.1.0,1.93,Nagpur,21.1458,79.0882,1,normal,
7bf74166-762d-421d-8e9c-70dc4507f51a,POS-198FC2BC,MER-7149CD,2026-08-04T16:20:34.551504,4452.35,0,262.4,v2.2.0,2.6,Bengaluru,12.9716,77.5946,1,normal,
d2e75163-4a38-4d82-9d9b-1e5fd75954ef,POS-6B16F045,MER-ECDE68,2026-08-04T16:21:27.284768,316.02,1,171.7,v2.3.0-beta,2.38,Delhi,28.7041,77.1025,1,normal,
e5260935-0f15-4f72-a8fa-6c4de9bf2921,POS-6C1EE20B,MER-F3F810,2026-08-04T16:23:05.653007,4205.64,0,363.8,v2.1.1,2.41,Bengaluru,12.9716,77.5946,1,normal,
36fb1c59-9859-4c87-afa9-ebf959fa40f5,POS-B9828EE6,MER-E676A0,2026-08-04T16:36:17.839173,4295.92,1,46.0,v2.2.0,1.11,Pune,18.5204,73.8567,1,normal,
d620ce22-6dc3-4b67-900d-21b70ce0028c,POS-E566E75E,MER-4CD30C,2026-08-04T16:40:41.946081,3824.12,0,303.2,v2.2.0,2.03,Nagpur,21.1458,79.0882,1,normal,
ef4dcaa2-71d3-4661-a3c3-0bdc4af94119,POS-43D83AB1,MER-C30AE6,2026-08-04T16:41:16.386927,369.35,0,401.2,v2.2.0,2.82,Kolkata,22.5726,88.3639,1,normal,
aeeb3ac3-0252-44b0-920e-c1a48032566e,POS-B37501A9,MER-DC9CFB,2026-08-04T16:46:41.544217,3912.66,0,147.9,v2.2.0,0.85,Bengaluru,12.9716,77.5946,1,normal,
659413f6-8a85-4b20-855e-e39ed105d13d,POS-77136499,MER-3E00AA,2026-08-04T16:47:36.719786,1475.08,8,80.8,v2.3.0-beta,12.3,Bengaluru,12.9716,77.5946,1,fraud,retry_storm
01ac2e6a-8b5f-4af1-8965-b3ade165b757,POS-81C99677,MER-2280B3,2026-08-04T17:07:50.398156,1270.79,0,342.1,v2.1.0,2.35,Nagpur,21.1458,79.0882,1,normal,
136db3d7-351d-4508-96ba-2615fcbbb5b6,POS-4167FD28,MER-DA1B0B,2026-08-04T17:14:46.657114,450.31,0,372.2,v2.1.0,1.07,Delhi,28.7041,77.1025,1,normal,
44421566-c380-420c-974e-0fc2a2499824,POS-CC26C0E8,MER-0D1C10,2026-08-04T17:32:47.336022,3279.99,0,149.2,v2.1.0,1.84,Delhi,28.7041,77.1025,1,normal,
028e62bd-8f28-474e-b7a9-7810af6c6355,POS-36A2CBE2,MER-7D9478,2026-08-04T17:33:45.943321,3953.86,0,170.6,v2.1.1,2.21,Mumbai,19.076,72.8777,1,normal,
1fe00502-86f2-4463-ac32-5dbf55778e3a,POS-D5B36245,MER-8A9DAF,2026-08-04T17:34:07.896191,3819.42,1,89.8,v2.1.1,2.86,Kolkata,22.5726,88.3639,1,normal,
781c3bc2-ae2b-4af5-8186-caf9b7abe93d,POS-C2744B6C,MER-4093C0,2026-08-04T17:36:43.957831,393.98,1,142.6,v2.1.1,1.08,Nagpur,21.1458,79.0882,1,normal,
fab81c86-736b-4810-9e1f-ab3b3602cc63,POS-20AF02F8,MER-8C904C,2026-08-04T17:44:55.532888,910.29,0,189.2,v2.1.0,1.57,Hyderabad,17.385,78.4867,1,normal,
e63cb694-d9c4-4910-8428-c17e234faa51,POS-BC46E34D,MER-0DC332,2026-08-04T17:48:26.346175,4217.83,0,432.9,v2.2.0,2.88,Mumbai,19.076,72.8777,1,normal,
03c47c50-6e47-4849-a233-35cec6f24065,POS-B93996C3,MER-901889,2026-08-04T17:56:18.583969,3676.46,1,126.3,v2.3.0-beta,2.51,Delhi,28.7041,77.1025,1,normal,
d6cebd7e-5277-4fcf-af58-62a01458f469,POS-659CC7FB,MER-F997E8,2026-08-04T18:07:01.302746,1048.54,0,120.9,v2.1.1,0.71,Mumbai,19.076,72.8777,1,normal,
b90a445c-df2f-4d45-aec8-fdf58d0ffcad,POS-198FC2BC,MER-7149CD,2026-08-04T18:08:20.156716,146.01,0,484.9,v2.2.0,0.56,Bengaluru,12.9716,77.5946,1,normal,
044e5984-49fb-440c-8609-6bcfcbe8fb94,POS-FC80D3D1,MER-FD74EE,2026-08-04T18:12:32.873862,1096.38,1,370.7,v2.1.1,2.4,Mumbai,19.076,72.8777,1,normal,
7c2d4026-610d-4133-91ff-40395861c5ba,POS-20AF02F8,MER-8C904C,2026-08-04T18:20:07.035089,4250.65,0,82.0,v2.1.0,2.09,Hyderabad,17.385,78.4867,1,normal,
09f0e6ed-c657-4c5e-8455-657d2e621bf7,POS-8D15D2C5,MER-4A3FBD,2026-08-04T18:24:09.235830,587.76,1,319.9,v2.1.0,1.26,Nagpur,21.1458,79.0882,1,normal,
d45b3674-8f32-48d5-9256-d05c6a7d1824,POS-75E7B52C,MER-837894,2026-08-04T18:24:34.990407,4425.7,0,41.0,v2.2.0,2.74,Chennai,13.0827,80.2707,1,normal,
f0efa5c1-7729-4600-b864-79645f86e869,POS-24B8E3FE,MER-C60B06,2026-08-04T18:39:09.944296,2478.07,0,324.1,v2.3.0-beta,0.55,Bengaluru,12.9716,77.5946,1,normal,
3446ac8a-792c-445f-afeb-46847399d26d,POS-77B485D3,MER-340AFB,2026-08-04T18:44:29.979405,3517.1,0,50.4,v2.1.0,2.49,Delhi,28.7041,77.1025,1,normal,
5ecd8768-c714-43c4-915c-c814f132c662,POS-5E1A46C9,MER-4361C1,2026-08-04T18:44:56.818209,159.08,0,417.6,v2.1.1,1.8,Delhi,28.7041,77.1025,1,normal,
28f47a37-9053-4d83-a746-7ff7256b81d8,POS-D9E1B170,MER-4FA9A0,2026-08-04T19:05:27.296398,4240.22,1,68.2,v2.1.1,2.71,Delhi,28.7041,77.1025,1,normal,
366229ca-06e9-45ff-b1fc-268d2ac55e93,POS-AF1B4891,MER-875B51,2026-08-04T19:21:03.604513,57680.27,0,819.8,v2.1.0,1.95,Mumbai,19.076,72.8777,1,fraud,bust_out
ec910286-bd31-4e11-af22-d373fd75181c,POS-A22B806C,MER-66332B,2026-08-04T19:56:22.801362,3706.09,0,362.6,v2.1.1,2.94,Delhi,28.7041,77.1025,1,normal,
d04103c5-4581-4646-9694-d4b3e72c7fa6,POS-81C99677,MER-2280B3,2026-08-04T20:00:09.313821,4334.07,0,334.7,v2.1.0,1.67,Nagpur,21.1458,79.0882,1,normal,
9191502d-d402-4b4b-96dd-371bab7e39d4,POS-EEE16951,MER-D3A1BB,2026-08-04T20:00:25.272836,1922.07,0,159.7,v2.3.0-beta,1.57,Bengaluru,12.9716,77.5946,1,normal,
3582b238-f9d5-4ede-b9cf-ae18051ec928,POS-3637119B,MER-7355A0,2026-08-04T20:05:19.474453,3405.99,0,340.7,v2.1.1,2.71,Hyderabad,17.385,78.4867,1,normal,
75924d9f-5e6a-4723-93e9-1ab4a7c8b0f9,POS-0BC87AB9,MER-FCAB0C,2026-08-04T20:10:15.998012,1437.22,0,245.3,v2.1.0,2.76,Nagpur,21.1458,79.0882,1,normal,
2d495b07-8fa4-46e6-82b2-41e3c70e4091,POS-94086F72,MER-6D8C2C,2026-08-04T20:16:29.179961,970.99,1,314.0,v2.1.0,2.72,Mumbai,19.076,72.8777,1,normal,
07686b4e-c706-4f97-bf32-a7fe4a59a51b,POS-77B485D3,MER-340AFB,2026-08-04T20:55:33.031954,588.12,0,107.4,v2.1.0,1.75,Delhi,28.7041,77.1025,1,normal,
fa5af692-bffa-4ee6-8894-813be5fb95a9,POS-4FDF65E4,MER-8FF8CA,2026-08-04T21:12:06.522600,4956.01,0,15.9,v2.1.1,2.63,Delhi,28.7041,77.1025,1,normal,
4bc547f7-9095-4a6f-9992-d90da01b8a75,POS-0BC87AB9,MER-FCAB0C,2026-08-04T21:16:35.700118,947.72,0,425.8,v2.1.0,2.83,Nagpur,21.1458,79.0882,1,normal,
76322e3c-89c4-4e23-89ce-869c450d3071,POS-5EB40BC5,MER-FF8806,2026-08-04T21:16:40.369916,2654.75,0,441.9,v2.1.0,0.81,Kolkata,22.5726,88.3639,1,normal,
8f356844-29ae-499d-94c2-c562335a2576,POS-483FD0E6,MER-A77E7B,2026-08-04T21:28:14.458336,586.58,0,182.0,v2.2.0,2.45,Kolkata,22.5726,88.3639,1,normal,
dd7e9495-92fb-43a0-9712-693bdd6e5f5b,POS-207CA2EB,MER-5B06DF,2026-08-04T21:32:29.154962,4208.06,0,388.2,v2.1.1,1.0,Pune,18.5204,73.8567,1,normal,
2b18f86e-c811-42f2-b3a2-d15c6cb86f0a,POS-0FF08306,MER-2B307F,2026-08-04T22:00:04.755562,1836.91,0,3.8,v2.1.1,1.28,Nagpur,21.1458,79.0882,1,normal,
b436cf19-8e3c-4ffe-b5c3-bf198e93d15e,POS-7B492CC9,MER-70B109,2026-08-04T22:12:33.954009,1512.89,1,463.7,v2.1.0,2.69,Mumbai,19.076,72.8777,1,normal,
50c95479-9fad-4767-8279-9e481224100d,POS-5B84BAFA,MER-54F0E4,2026-08-04T22:13:04.102725,1135.59,0,402.9,v2.1.1,0.86,Chennai,13.0827,80.2707,1,normal,
6f19a040-1246-44a0-9cb4-f55dcf92d9c3,POS-6B16F045,MER-ECDE68,2026-08-04T22:51:15.349380,4073.53,1,218.0,v2.3.0-beta,1.66,Delhi,28.7041,77.1025,1,normal,
751f7771-36b1-498f-9b34-8a8df7c47aec,POS-383A0EE8,MER-ECE86F,2026-08-04T23:02:59.473941,950.82,0,225.9,v2.1.1,2.54,Mumbai,19.076,72.8777,1,normal,
dfaccfb2-9086-4213-9dd9-be4f3127c737,POS-43D83AB1,MER-C30AE6,2026-08-04T23:15:42.583413,4863.52,0,65.8,v2.2.0,1.33,Kolkata,22.5726,88.3639,1,normal,
0f23cb82-ffee-41e9-8e3a-ac668659ca36,POS-F967E1DC,MER-6F1422,2026-08-04T23:19:49.974036,4712.61,1,238.3,v2.2.0,2.22,Nagpur,21.1458,79.0882,1,normal,
0542a230-c00c-4d96-8d73-e19e0e287286,POS-62F7C65F,MER-BAFD17,2026-08-04T23:21:01.431428,1038.76,0,415.9,v2.1.0,2.93,Delhi,28.7041,77.1025,1,normal,
1f64eb5d-5948-4657-b16e-7da3e11d9b1f,POS-BC46E34D,MER-0DC332,2026-08-04T23:46:12.823709,3743.02,0,93.6,v2.2.0,2.3,Mumbai,19.076,72.8777,1,normal,
e9b92ab6-a355-4dd6-af59-bd876f7b5308,POS-A9C6662D,MER-C0726A,2026-08-04T23:49:42.061588,2377.1,1,19.0,v2.3.0-beta,2.18,Pune,18.5204,73.8567,1,normal,
9b2de42e-02b5-458c-922b-d5561bcf909c,POS-B27C0D31,MER-6BDAEB,2026-08-04T23:50:38.055715,177.39,0,319.5,v2.1.1,2.94,Pune,18.5204,73.8567,1,normal,
cab29087-f9d2-4124-b93b-a2bd6ac9041c,POS-055D6FBC,MER-294500,2026-08-04T23:52:21.092436,1299.85,1,339.7,v2.2.0,1.06,Kolkata,22.5726,88.3639,1,normal,
61e3bb6e-690a-41ec-a74c-2e2bb8b7a443,POS-3BD6788B,MER-FA377E,2026-08-05T00:01:40.811029,4063.11,0,478.9,v2.1.0,1.99,Pune,18.5204,73.8567,1,normal,
37d200dc-30b7-4729-b6d2-fe865de33795,POS-2F039298,MER-2CFF75,2026-08-05T00:02:10.149729,1562.46,0,56.3,v2.3.0-beta,1.12,Bengaluru,12.9716,77.5946,1,normal,
bf4a2392-9b9d-460b-995f-0ea038946134,POS-982191FD,MER-C18197,2026-08-05T00:04:06.473462,2872.52,0,416.6,v2.2.0,2.19,Delhi,28.7041,77.1025,1,normal,
c733759f-4dc4-4b95-a97d-3f9f1f904f98,POS-198FC2BC,MER-7149CD,2026-08-05T00:05:08.173233,721.86,0,226.6,v2.2.0,2.75,Bengaluru,12.9716,77.5946,1,normal,
a1cf1570-140b-4ecc-afdb-c11f67e867ec,POS-CBA73359,MER-269861,2026-08-05T00:07:35.323154,4227.95,1,62.3,v2.1.1,2.6,Hyderabad,17.385,78.4867,1,normal,
c0ac6527-672e-4eb4-b9d1-607a30865525,POS-1AF2A398,MER-9A9BF3,2026-08-05T00:14:30.624236,6012.56,1,0.2,v2.1.0,5.0,Pune,18.5204,73.8567,0,fraud,device_spoof
30675c96-9760-462e-87c2-0b668a33b955,POS-C72F113B,MER-DDFFD5,2026-08-05T00:25:36.334258,3139.63,0,343.6,v2.3.0-beta,2.8,Bengaluru,12.9716,77.5946,1,normal,
6d51f56a-57b1-4324-810c-3edcb3458c76,POS-A22B806C,MER-66332B,2026-08-05T00:27:05.785061,3762.08,0,130.4,v2.1.1,2.76,Delhi,28.7041,77.1025,1,normal,
721f7d6b-71a1-4591-9471-2336c09cf789,POS-2D6C822A,MER-CA6F11,2026-08-05T00:49:20.458516,781.64,0,265.9,v2.1.0,2.72,Kolkata,22.5726,88.3639,1,normal,
3494b0a6-075c-4d0e-900d-eab4cb6f16cd,POS-76F7895E,MER-F17607,2026-08-05T00:50:38.907155,3195.45,0,420.3,v2.1.1,1.84,Pune,18.5204,73.8567,1,normal,
8041178e-ba3c-4d67-8906-77c6b8c21ffb,POS-76F7895E,MER-F17607,2026-08-05T00:55:16.515792,4121.69,0,417.2,v2.1.1,1.14,Pune,18.5204,73.8567,1,normal,
4571ebca-ccac-4f2f-ba78-804cf3d2f90a,POS-36A2CBE2,MER-7D9478,2026-08-05T00:57:27.695383,1426.74,0,118.9,v2.1.1,1.47,Mumbai,19.076,72.8777,1,normal,
c722b9eb-643b-4f96-b618-ffb2ec767c0a,POS-47CB19EB,MER-7848E9,2026-08-05T01:03:40.419249,679.7,0,141.0,v2.2.0,0.78,Bengaluru,12.9716,77.5946,1,normal,
36a6396d-8b00-4805-b755-484d31dc2ebc,POS-D1DB24C2,MER-26B633,2026-08-05T01:06:45.860655,3458.53,0,441.2,v2.3.0-beta,1.25,Hyderabad,17.385,78.4867,1,normal,
0a6eb49b-f107-4299-a2d6-1a152f62cf81,POS-E2ABAA01,MER-94FBB2,2026-08-05T01:06:51.797695,2428.11,1,407.9,v2.1.0,1.27,Nagpur,21.1458,79.0882,1,normal,
138723c3-916e-4a2e-850f-e437278cc1d9,POS-CC26C0E8,MER-0D1C10,2026-08-05T01:26:36.217478,795.48,0,154.5,v2.1.0,0.67,Delhi,28.7041,77.1025,1,normal,
b549fd7c-df34-444e-9450-d25ccfca8c07,POS-8D15D2C5,MER-4A3FBD,2026-08-05T01:30:28.009236,3100.67,0,46.5,v2.1.0,2.35,Nagpur,21.1458,79.0882,1,normal,
c9d1f6aa-b8ae-454c-8e6c-ad150e100972,POS-80C06FB8,MER-0D360C,2026-08-05T01:34:27.263811,4260.45,0,279.6,v2.1.0,2.89,Delhi,28.7041,77.1025,1,normal,
8b7841e6-0f69-43e2-8b33-ff5855ddf06e,POS-B7140521,MER-A41052,2026-08-05T01:41:56.446351,4059.54,0,180.4,v2.1.0,1.52,Nagpur,21.1458,79.0882,1,normal,
01240b89-0881-40e7-8ec5-874201888540,POS-77136499,MER-3E00AA,2026-08-05T01:52:51.397355,3167.51,1,78.7,v2.3.0-beta,1.08,Bengaluru,12.9716,77.5946,1,normal,
40b0514b-e01b-476f-9024-eccb9ccd3069,POS-87D47970,MER-BF7D1A,2026-08-05T01:56:21.396968,1066.62,12,432.3,v2.1.0,14.35,Pune,18.5204,73.8567,1,fraud,retry_storm
9beaa024-b845-45dc-bd3d-d40da61536b8,POS-28402991,MER-833A0C,2026-08-05T02:06:17.850406,237.64,1,369.9,v2.1.1,1.32,Hyderabad,17.385,78.4867,1,normal,
20de444d-3cf7-493b-8c39-eb76df471380,POS-F79A698C,MER-2ED01B,2026-08-05T02:07:23.158883,4729.35,0,382.3,v2.1.1,1.22,Pune,18.5204,73.8567,1,normal,
037e23ac-745d-4323-b69d-7da24ef28bbd,POS-E566E75E,MER-4CD30C,2026-08-05T02:29:23.326151,230.94,1,357.1,v2.2.0,1.81,Nagpur,21.1458,79.0882,1,normal,
c3ca6aea-b665-4f31-96e2-cd36612b211a,POS-F1C56238,MER-7963AE,2026-08-05T02:29:35.876381,4916.42,1,246.5,v2.2.0,0.65,Kolkata,22.5726,88.3639,1,normal,
c7465cce-0712-4614-bb68-999f788c3846,POS-862B6369,MER-4CCB87,2026-08-05T02:36:50.200967,3054.29,0,374.2,v2.1.1,1.24,Nagpur,21.1458,79.0882,1,normal,
356ce450-18ee-4688-a911-b25338d46965,POS-B81706F4,MER-CC7ACE,2026-08-05T03:02:57.464814,4736.64,1,360.3,v2.3.0-beta,1.64,Nagpur,21.1458,79.0882,1,normal,
08197b2b-edf2-4ad3-9d1b-983d18a68366,POS-38B8A946,MER-7808DD,2026-08-05T03:09:37.284342,18.72,2,248.6,v2.3.0-beta,0.75,Nagpur,21.1458,79.0882,1,fraud,card_testing
a145d195-1256-4ad8-bb4d-c83073451b9d,POS-38B8A946,MER-7808DD,2026-08-05T03:09:39.490513,18.39,0,109.3,v2.3.0-beta,0.72,Nagpur,21.1458,79.0882,1,fraud,card_testing
b001377d-3c7f-417f-96f2-c3bf84cd1aa9,POS-38B8A946,MER-7808DD,2026-08-05T03:09:43.608089,8.62,0,105.3,v2.3.0-beta,0.59,Nagpur,21.1458,79.0882,1,fraud,card_testing
b72c3367-50d8-4e6f-bee3-340c20e1dda9,POS-38B8A946,MER-7808DD,2026-08-05T03:09:45.852480,14.38,2,167.6,v2.3.0-beta,0.69,Nagpur,21.1458,79.0882,1,fraud,card_testing
a90cd53e-3c47-46ee-a6b3-c8cacc24ed25,POS-38B8A946,MER-7808DD,2026-08-05T03:09:46.662824,13.65,0,325.7,v2.3.0-beta,1.33,Nagpur,21.1458,79.0882,1,fraud,card_testing
feb50d2e-5df4-4c42-b29d-fe9c39f4c4ab,POS-38B8A946,MER-7808DD,2026-08-05T03:09:51.770124,15.27,1,46.1,v2.3.0-beta,1.06,Nagpur,21.1458,79.0882,1,fraud,card_testing
1f3be014-5b19-49e6-823d-d6063f2d1868,POS-38B8A946,MER-7808DD,2026-08-05T03:09:56.513684,4.36,0,189.5,v2.3.0-beta,0.61,Nagpur,21.1458,79.0882,1,fraud,card_testing
a3d95eeb-2777-4eea-889f-6b3e31e7ae38,POS-38B8A946,MER-7808DD,2026-08-05T03:09:58.051746,5.55,1,284.5,v2.3.0-beta,0.73,Nagpur,21.1458,79.0882,1,fraud,card_testing
df0f3dab-e10a-4730-a7d1-257e8284a10f,POS-38B8A946,MER-7808DD,2026-08-05T03:09:59.015835,4.45,0,427.8,v2.3.0-beta,0.95,Nagpur,21.1458,79.0882,1,fraud,card_testing
a83094da-465b-43c1-9ab5-0019e8eabd2b,POS-38B8A946,MER-7808DD,2026-08-05T03:09:59.939068,15.55,1,205.5,v2.3.0-beta,0.71,Nagpur,21.1458,79.0882,1,fraud,card_testing
12795730-489f-4edc-ac75-0a619cfa899b,POS-38B8A946,MER-7808DD,2026-08-05T03:10:00.871274,3.2,1,145.8,v2.3.0-beta,0.77,Nagpur,21.1458,79.0882,1,fraud,card_testing
a2ac2179-3bc5-483e-9a1b-af4eaff57319,POS-38B8A946,MER-7808DD,2026-08-05T03:10:01.576566,1.81,0,419.3,v2.3.0-beta,1.39,Nagpur,21.1458,79.0882,1,fraud,card_testing
db61ed33-980d-4893-bcf6-f4846f5b7290,POS-47CB19EB,MER-7848E9,2026-08-05T03:19:25.702424,67.82,0,296.5,v2.2.0,0.52,Bengaluru,12.9716,77.5946,1,normal,
3722b491-0411-4b1f-a3ea-d8b171219779,POS-AA696464,MER-59201B,2026-08-05T03:26:07.935959,1118.96,0,165.0,v2.2.0,0.87,Nagpur,21.1458,79.0882,1,normal,
b10b9ac1-c391-4547-a6d0-aad01e7b33c2,POS-D2E37BD7,MER-94832D,2026-08-05T03:34:28.342895,3513.29,0,46.3,v2.3.0-beta,2.43,Kolkata,22.5726,88.3639,1,normal,
a0e4192b-bc1b-4343-b377-44f877ab9b62,POS-862B6369,MER-4CCB87,2026-08-05T03:45:46.351681,23506.72,0,514.2,v2.1.1,1.69,Nagpur,21.1458,79.0882,1,fraud,bust_out
4a0d2210-3669-40c8-aab0-068f4990fbd3,POS-5EB40BC5,MER-FF8806,2026-08-05T03:53:18.393169,2058.67,1,230.8,v2.1.0,1.63,Kolkata,22.5726,88.3639,1,normal,
a78573f7-8131-4dd1-86cd-ff78e1d1fe17,POS-5190E155,MER-85B4C2,2026-08-05T03:57:15.515964,3485.6,1,392.4,v2.1.0,1.59,Delhi,28.7041,77.1025,1,normal,
474b02eb-5377-4656-8027-302f6a358200,POS-659CC7FB,MER-F997E8,2026-08-05T04:12:08.293859,3680.63,0,30.6,v2.1.1,1.53,Mumbai,19.076,72.8777,1,normal,
6fc3f961-8a35-4453-821b-26525b62c282,POS-6439ED84,MER-ADB4F6,2026-08-05T04:28:01.996126,63.22,0,494.6,v2.2.0,0.73,Hyderabad,17.385,78.4867,1,normal,
c99c4383-ea54-42c6-88bd-066d4711adaa,POS-CDFD9F1A,MER-243265,2026-08-05T04:31:40.122659,282.89,0,180.0,v2.1.0,1.15,Bengaluru,12.9716,77.5946,1,normal,
e75d5116-c08b-4658-97ce-6234223ca4e5,POS-208DB4F3,MER-C166F5,2026-08-05T04:41:16.243920,4031.57,0,367.9,v2.1.1,0.52,Delhi,28.7041,77.1025,1,normal,
59df420d-ec59-46e4-b4f9-f1a9c1e4f972,POS-849A1C0F,MER-D8D0DA,2026-08-05T04:43:52.207890,2458.55,9,54.4,v2.1.0,16.28,Delhi,28.7041,77.1025,1,fraud,retry_storm
a8ec0298-6893-42f0-8d80-489c16fb2d3c,POS-CDFD9F1A,MER-243265,2026-08-05T04:44:29.473595,3701.18,0,430.7,v2.1.0,2.03,Bengaluru,12.9716,77.5946,1,normal,
d1584492-93d4-4a9a-867b-0dfb3e4ecc2d,POS-4FDF65E4,MER-8FF8CA,2026-08-05T04:55:39.674056,2698.65,0,344.5,v2.1.1,1.69,Delhi,28.7041,77.1025,1,normal,
baac1eac-f44c-4bb8-a24e-965b3ecc9264,POS-B9828EE6,MER-E676A0,2026-08-05T05:04:27.537263,2015.38,0,32.8,v2.2.0,2.7,Pune,18.5204,73.8567,1,normal,
008e8053-81c8-4fed-b409-1199181224f1,POS-8BA2BC27,MER-CDDE89,2026-08-05T05:17:00.990542,3351.07,0,412.7,v2.1.1,1.23,Bengaluru,12.9716,77.5946,1,normal,
45c55c37-d29b-4e94-809b-026a292bcadb,POS-CBA73359,MER-269861,2026-08-05T05:18:37.791573,3297.64,1,121.9,v2.1.1,2.74,Hyderabad,17.385,78.4867,1,normal,
313d83b8-c5cf-4b9b-b4b4-0972e0a3bb02,POS-E566E75E,MER-4CD30C,2026-08-05T05:22:16.715994,158.47,0,62.5,v2.2.0,2.28,Nagpur,21.1458,79.0882,1,normal,
0c002ea9-5871-4a61-a75d-39da2e9d0b08,POS-76F7895E,MER-F17607,2026-08-05T05:29:21.407976,1888.57,0,365.4,v2.1.1,2.7,Pune,18.5204,73.8567,1,normal,
1c7dbb41-1dce-4513-8696-9961ec79d0f2,POS-D5B36245,MER-8A9DAF,2026-08-05T05:35:48.971117,1667.89,1,139.9,v2.1.1,2.88,Kolkata,22.5726,88.3639,1,normal,
774b2d04-b1bd-4636-a7dc-664b17e4cddf,POS-EBF11023,MER-16D60A,2026-08-05T05:38:01.437369,4532.86,0,81.3,v2.2.0,1.05,Hyderabad,17.385,78.4867,1,normal,
0fb3aef5-be25-431b-a42f-5e463870a66f,POS-7F1981DF,MER-B33B9B,2026-08-05T05:44:57.208168,2386.69,0,216.0,v2.2.0,1.13,Nagpur,21.1458,79.0882,1,normal,
550eda01-c2aa-4639-b68d-2b2e5af45f14,POS-A77B64DE,MER-1A5D0B,2026-08-05T06:07:42.999814,1139.48,0,325.3,v2.1.0,1.42,Kolkata,22.5726,88.3639,1,normal,
9a6151b4-53ba-4bc8-b13d-0ef233bbbc84,POS-10016958,MER-25A16E,2026-08-05T06:08:00.955940,2704.34,0,133.6,v2.1.1,1.44,Delhi,28.7041,77.1025,1,normal,
2829465e-67b6-4baa-ba8f-c625ef4c2a49,POS-FA8E124D,MER-079B19,2026-08-05T06:16:17.952318,3703.23,1,109.5,v2.1.1,1.26,Delhi,28.7041,77.1025,1,normal,
c955ced1-d2d4-49d4-8984-b7f6b78abe63,POS-E2ABAA01,MER-94FBB2,2026-08-05T06:20:39.653085,3864.04,0,18.7,v2.1.0,1.33,Nagpur,21.1458,79.0882,1,normal,
66552a78-7058-4277-8ebe-0db366745671,POS-C9DBE224,MER-11AEAE,2026-08-05T06:36:38.753913,2858.97,0,449.5,v2.3.0-beta,1.9,Bengaluru,12.9716,77.5946,1,normal,
efae4580-b4af-472e-ab3b-48ad45e450b8,POS-6439ED84,MER-ADB4F6,2026-08-05T07:29:50.388776,866.62,1,446.7,v2.2.0,1.08,Hyderabad,17.385,78.4867,1,normal,
cc1f3560-fcab-4b0d-b3b3-6c0aa2dd9ddb,POS-4FDF65E4,MER-8FF8CA,2026-08-05T07:45:35.711258,3498.87,0,195.9,v2.1.1,1.27,Delhi,28.7041,77.1025,1,normal,
2bc4f5c5-74a8-4783-aee0-84fac95c7529,POS-AB472E48,MER-7D45F8,2026-08-05T07:56:47.651887,2082.51,0,342.2,v2.1.0,1.98,Bengaluru,12.9716,77.5946,1,normal,
7b433e55-bbf2-4e4c-b3b6-1a6acfe151aa,POS-B37501A9,MER-DC9CFB,2026-08-05T07:57:57.665463,908.87,0,409.0,v2.2.0,1.69,Bengaluru,12.9716,77.5946,1,normal,
905c8bb2-22a8-4dee-9d04-db975768f1ee,POS-0BC87AB9,MER-FCAB0C,2026-08-05T08:04:00.868091,167.87,0,109.0,v2.1.0,0.95,Nagpur,21.1458,79.0882,1,normal,
bbd46fe7-d7b5-4d77-9f84-08816ca37fea,POS-BB11FCF8,MER-275B28,2026-08-05T08:08:25.688400,995.28,0,474.1,v2.1.0,2.32,Mumbai,19.076,72.8777,1,normal,
17423744-0674-4852-9211-87541fe56a20,POS-483FD0E6,MER-A77E7B,2026-08-05T08:38:38.489597,578.73,0,485.0,v2.2.0,1.6,Kolkata,22.5726,88.3639,1,normal,
fdb8fb82-f92d-4dc5-941b-3b05fc6d1e3f,POS-6B16F045,MER-ECDE68,2026-08-05T08:45:44.501509,1341.19,0,259.0,v2.3.0-beta,2.08,Delhi,28.7041,77.1025,1,normal,
26cfe96b-8aab-4d32-a67f-fe8157c83ef5,POS-87CA5368,MER-503568,2026-08-05T08:51:56.949660,529.44,0,6.8,v2.3.0-beta,1.97,Pune,18.5204,73.8567,1,normal,
c5a403eb-d47a-446a-b697-9d8a73d3c4fc,POS-34F01FAC,MER-FE16C9,2026-08-05T09:02:27.115379,1145.55,0,428.1,v2.1.1,0.67,Chennai,13.0827,80.2707,1,normal,
a2d21a9a-cede-46e9-a71d-23dfbe11824e,POS-778516AB,MER-714018,2026-08-05T09:04:30.281597,959.28,0,408.5,v2.1.0,1.67,Delhi,28.7041,77.1025,1,normal,
0e7b434d-7cef-4a29-9291-13893fca85f3,POS-5EB40BC5,MER-FF8806,2026-08-05T09:07:19.843268,991.15,0,339.2,v2.1.0,2.3,Kolkata,22.5726,88.3639,1,normal,
4134705d-7252-4b35-a288-2ae8c3cd91fd,POS-4FA685DF,MER-202A96,2026-08-05T09:19:11.410857,1452.32,0,18.0,v2.3.0-beta,2.05,Hyderabad,17.385,78.4867,1,normal,
0a859a58-970c-4da8-be12-ea004e9d200d,POS-BC359428,MER-C5AB1A,2026-08-05T09:28:50.665645,1957.57,1,330.9,v2.1.0,1.77,Kolkata,22.5726,88.3639,1,normal,
e5fa47c8-4071-47a1-878b-edc0a60804ce,POS-43D83AB1,MER-C30AE6,2026-08-05T09:34:54.362659,960.15,0,393.3,v2.2.0,0.9,Kolkata,22.5726,88.3639,1,normal,
62f02565-544a-4190-aebf-786d946b30df,POS-E9D66DA1,MER-38119E,2026-08-05T10:06:01.855491,1537.48,0,278.8,v2.1.1,1.98,Pune,18.5204,73.8567,1,normal,
296eb5fe-98fd-4260-b713-a5436beb19b6,POS-D5B36245,MER-8A9DAF,2026-08-05T10:06:27.728939,3076.36,1,294.4,v2.1.1,2.09,Kolkata,22.5726,88.3639,1,normal,
2f0f71ce-8749-4dd2-8eb0-efbe6c0ec559,POS-43D83AB1,MER-C30AE6,2026-08-05T10:37:44.584968,4681.54,0,98.7,v2.2.0,0.71,Kolkata,22.5726,88.3639,1,normal,
28c3ccca-a169-4672-b338-6d01a54adcdc,POS-AA696464,MER-59201B,2026-08-05T10:41:07.657523,4815.59,0,353.3,v2.2.0,2.91,Nagpur,21.1458,79.0882,1,normal,
eca02ca3-3d46-4017-bebc-3b176b915efc,POS-6C1EE20B,MER-F3F810,2026-08-05T10:43:54.360922,4291.24,0,344.3,v2.1.1,1.27,Bengaluru,12.9716,77.5946,1,normal,
c4b93b72-97dc-4540-8a41-94b9dcca4804,POS-CC26C0E8,MER-0D1C10,2026-08-05T11:09:13.905759,2965.3,0,189.8,v2.1.0,2.33,Delhi,28.7041,77.1025,1,normal,
40a17e40-72b5-4aa7-95f1-e14a986dcad4,POS-AF1B4891,MER-875B51,2026-08-05T11:11:13.887095,3872.12,0,67.8,v2.1.0,1.75,Mumbai,19.076,72.8777,1,normal,
ac40e56a-f5d5-463b-8869-1492587c8fc3,POS-77B485D3,MER-340AFB,2026-08-05T11:14:34.337569,4334.55,1,115.1,v2.1.0,1.61,Delhi,28.7041,77.1025,1,normal,
0a68f249-47c4-49ec-b847-a048de985508,POS-77B485D3,MER-340AFB,2026-08-05T11:28:33.392061,1779.05,0,44.0,v2.1.0,1.48,Delhi,28.7041,77.1025,1,normal,
18cf3b72-ce16-4977-9494-d914e6437610,POS-4FA685DF,MER-202A96,2026-08-05T11:37:35.902364,389.66,0,377.4,v2.3.0-beta,2.87,Hyderabad,17.385,78.4867,1,normal,
ff23ad35-5fe3-43eb-99bb-b21407975ace,POS-D5B36245,MER-8A9DAF,2026-08-05T11:42:23.087198,38723.39,0,762.7,v2.1.1,1.96,Kolkata,22.5726,88.3639,1,fraud,bust_out
bb9e8d3b-998d-4252-926d-b1ba0a15e392,POS-5EB40BC5,MER-FF8806,2026-08-05T12:21:20.307015,2152.62,0,289.4,v2.1.0,2.62,Kolkata,22.5726,88.3639,1,normal,
7e229b0e-626c-4b50-a0fc-706fbfb8cd38,POS-4A5BFB60,MER-B81D68,2026-08-05T12:23:55.135783,1355.87,0,356.0,v2.1.1,1.38,Chennai,13.0827,80.2707,1,normal,
5bdbbd0d-1193-4b41-a014-30e6eb8ebcf3,POS-70A8C312,MER-778AE7,2026-08-05T12:25:09.286573,2066.05,1,95.2,v2.1.0,0.67,Chennai,13.0827,80.2707,1,normal,
eb289160-0363-46d9-a387-847f2bec2355,POS-B41DA6C4,MER-9C5AB9,2026-08-05T12:27:39.536816,981.81,0,89.4,v2.1.1,1.24,Mumbai,19.076,72.8777,1,normal,
a535cf41-24ac-4ad0-a3f3-7f6ea6673bd2,POS-BB11FCF8,MER-275B28,2026-08-05T12:34:31.691228,160.01,1,136.8,v2.1.0,2.85,Mumbai,19.076,72.8777,1,normal,
f1afaf21-b0da-4e9b-9d97-ad0946f08c12,POS-6EAB7795,MER-39C88B,2026-08-05T12:36:27.149108,4391.08,0,65.3,v2.2.0,1.46,Chennai,13.0827,80.2707,1,normal,
5eefed96-fb95-45a3-899a-d41df8838999,POS-76F7895E,MER-F17607,2026-08-05T12:38:37.690847,485.68,0,408.3,v2.1.1,1.84,Pune,18.5204,73.8567,1,normal,
c57ba4d3-362a-4816-9d62-71c4f45e0d6a,POS-B93996C3,MER-901889,2026-08-05T12:44:26.384411,730.95,0,148.6,v2.3.0-beta,2.47,Delhi,28.7041,77.1025,1,normal,
613fc162-1d96-483e-950b-0e73ddf92384,POS-C2744B6C,MER-4093C0,2026-08-05T12:48:14.643751,1957.65,0,328.0,v2.1.1,1.06,Nagpur,21.1458,79.0882,1,normal,
1bcfa70c-c6e6-42f4-a42a-a40e8e9ab640,POS-81C99677,MER-2280B3,2026-08-05T12:57:41.774964,3247.01,1,207.2,v2.1.0,1.89,Nagpur,21.1458,79.0882,1,normal,
b4286851-8207-425e-991e-31cca9a2d2f9,POS-1D6FD4E1,MER-F1C4E7,2026-08-05T13:13:33.679316,608.59,0,62.7,v2.1.0,0.78,Chennai,13.0827,80.2707,1,normal,
942f01d2-b1ad-4b20-a490-4a01f442ea5b,POS-2D6C822A,MER-CA6F11,2026-08-05T13:25:01.160040,253.39,1,69.6,v2.1.0,1.15,Kolkata,22.5726,88.3639,1,normal,
ebba852f-9fe2-4978-b540-009325d09f55,POS-EEE16951,MER-D3A1BB,2026-08-05T13:29:36.895073,894.24,0,205.5,v2.3.0-beta,2.7,Bengaluru,12.9716,77.5946,1,normal,
c1a16d63-65fe-4537-b611-ccc8308fd95b,POS-77136499,MER-3E00AA,2026-08-05T13:47:14.380811,1351.13,0,186.0,v2.3.0-beta,1.27,Bengaluru,12.9716,77.5946,1,normal,
4969385b-7f61-4262-90c6-ae0c9aebdbff,POS-EBF11023,MER-16D60A,2026-08-05T13:52:22.856209,315.81,1,81.0,v2.2.0,0.97,Hyderabad,17.385,78.4867,1,normal,
54826076-c228-4fc7-ae96-77f398daf249,POS-34F01FAC,MER-FE16C9,2026-08-05T14:06:15.884176,704.86,0,137.7,v2.1.1,0.98,Chennai,13.0827,80.2707,1,normal,
2eb98bcf-e28c-421c-a143-317996438b77,POS-F967E1DC,MER-6F1422,2026-08-05T14:23:44.043694,2596.98,0,106.5,v2.2.0,0.97,Nagpur,21.1458,79.0882,1,normal,
ecf4c3a8-0c1c-48a1-95f6-0df9aad9718c,POS-D5F8541B,MER-EFC947,2026-08-05T14:50:16.588478,179.12,0,344.4,v2.2.0,1.69,Bengaluru,12.9716,77.5946,1,normal,
38fd8b83-4e6a-49a8-b1b1-0a21213103fc,POS-BC46E34D,MER-0DC332,2026-08-05T15:01:34.059415,4339.43,0,234.1,v2.2.0,1.84,Mumbai,19.076,72.8777,1,normal,
473972bb-10ef-4596-8197-3ada345158e1,POS-B9828EE6,MER-E676A0,2026-08-05T15:07:45.487063,1418.75,0,406.0,v2.2.0,1.87,Pune,18.5204,73.8567,1,normal,
557b702a-11c0-48e7-8d7d-b6c7efdd51e4,POS-A275E8CD,MER-DFFA45,2026-08-05T15:13:05.048202,3343.04,1,467.2,v2.1.1,1.69,Kolkata,22.5726,88.3639,1,normal,
7d1ea689-70c7-4a8b-952c-9dbc896193af,POS-8E784FDD,MER-40A230,2026-08-05T15:16:17.417631,506.74,0,286.7,v2.1.0,2.46,Pune,18.5204,73.8567,1,normal,
1da10d93-e3eb-4958-a68f-0a0f6406ff3e,POS-B607E194,MER-457468,2026-08-05T15:26:49.068695,2219.45,0,271.1,v2.1.0,2.03,Mumbai,19.076,72.8777,1,normal,
e050225b-f6b7-43c2-87e4-53fe8956d3ca,POS-849A1C0F,MER-D8D0DA,2026-08-05T15:39:03.002974,3100.93,0,155.1,v2.1.0,2.34,Delhi,28.7041,77.1025,1,normal,
b699baf0-623b-4b56-855c-83bb6d4c87f8,POS-47CB19EB,MER-7848E9,2026-08-05T15:49:47.453022,4603.4,0,14.6,v2.2.0,2.69,Bengaluru,12.9716,77.5946,1,normal,
b8991c1b-e321-4d37-a01c-1d88857e594e,POS-8D15D2C5,MER-4A3FBD,2026-08-05T16:06:35.906788,3888.95,0,159.8,v2.1.0,1.68,Nagpur,21.1458,79.0882,1,normal,
e1968504-652c-4103-84bc-ba3453a0ef16,POS-7B3948DF,MER-2C19A0,2026-08-05T16:15:17.880565,2158.8,0,437.5,v2.1.0,1.85,Mumbai,19.076,72.8777,1,normal,
66e4d4c6-6830-4919-b76b-0eb29281a636,POS-77136499,MER-3E00AA,2026-08-05T16:54:18.749585,3136.01,0,391.9,v2.3.0-beta,2.67,Bengaluru,12.9716,77.5946,1,normal,
965da682-f1cf-410a-aa46-02e02dbf8fbc,POS-7249E858,MER-AE0327,2026-08-05T17:17:19.123853,3977.58,0,419.4,v2.3.0-beta,1.03,Kolkata,22.5726,88.3639,1,normal,
cc8eee59-7602-4edc-82e2-d136cac07fba,POS-862B6369,MER-4CCB87,2026-08-05T17:22:41.835142,4892.31,0,406.1,v2.1.1,2.06,Nagpur,21.1458,79.0882,1,normal,
e67d503d-a54b-4401-a032-139557f968a4,POS-208DB4F3,MER-C166F5,2026-08-05T17:24:32.570980,774.9,0,87.6,v2.1.1,0.88,Delhi,28.7041,77.1025,1,normal,
d9d37a6b-41d0-4690-b6ba-2848549648bc,POS-0E673AA4,MER-A73341,2026-08-05T17:49:00.528545,2092.35,0,188.4,v2.2.0,1.05,Hyderabad,17.385,78.4867,1,normal,
77bafe21-203a-4699-9387-e2ad2f1a4986,POS-CBA73359,MER-269861,2026-08-05T18:04:16.875274,4681.18,1,218.3,v2.1.1,2.48,Hyderabad,17.385,78.4867,1,normal,
284cc6c6-06c7-40a9-8509-f3b98b69b821,POS-8D15D2C5,MER-4A3FBD,2026-08-05T18:12:53.174781,2228.92,0,106.2,v2.1.0,2.34,Nagpur,21.1458,79.0882,1,normal,
cbad4c94-6c83-4ae2-bdd5-63f9030e3928,POS-483FD0E6,MER-A77E7B,2026-08-05T18:13:37.311039,2590.81,0,67.0,v2.2.0,1.74,Kolkata,22.5726,88.3639,1,normal,
2aac519b-4564-48cf-a49a-424c26145cd4,POS-778516AB,MER-714018,2026-08-05T18:19:18.119900,505.35,0,114.3,v2.1.0,2.37,Delhi,28.7041,77.1025,1,normal,
83a9294b-ac4b-46f9-853a-b4e0734a0349,POS-0AE6C0D2,MER-897854,2026-08-05T18:21:39.836043,1415.94,1,44.5,v2.1.1,0.77,Kolkata,22.5726,88.3639,1,normal,
996fe724-9bf3-48ea-aef7-b1b53861c34c,POS-CDFD9F1A,MER-243265,2026-08-05T18:22:05.661438,3972.13,0,487.9,v2.1.0,2.96,Bengaluru,12.9716,77.5946,1,normal,
92079c75-0833-4561-bd00-d7a1d1d7f08a,POS-6439ED84,MER-ADB4F6,2026-08-05T18:24:44.719318,1736.97,0,411.0,v2.2.0,1.8,Hyderabad,17.385,78.4867,1,normal,
5e80bec8-a457-49ec-b5dd-f73095b8ad87,POS-B41DA6C4,MER-9C5AB9,2026-08-05T18:30:58.104212,1256.27,0,487.0,v2.1.1,1.46,Mumbai,19.076,72.8777,1,normal,
7f5a9441-231a-434a-9961-c82dd7ab8425,POS-AB472E48,MER-7D45F8,2026-08-05T18:42:37.385406,61.14,0,479.4,v2.1.0,2.51,Bengaluru,12.9716,77.5946,1,normal,
cca450f3-d859-4bde-9b99-242b4830b136,POS-81C99677,MER-2280B3,2026-08-05T18:44:59.820369,4994.81,0,240.4,v2.1.0,1.26,Nagpur,21.1458,79.0882,1,normal,
50f816b4-85aa-4243-87c1-2393413baf93,POS-A77B64DE,MER-1A5D0B,2026-08-05T18:46:23.164901,4985.2,0,479.0,v2.1.0,1.92,Kolkata,22.5726,88.3639,1,normal,
32864123-e0e0-4d07-91cb-e59c2ce9f50c,POS-32F79BA7,MER-9F2DF0,2026-08-05T18:50:35.448497,51.42,0,44.3,v2.2.0,1.19,Hyderabad,17.385,78.4867,1,normal,
fb434d0d-7b38-447a-97d7-8632d62e2dd7,POS-AB472E48,MER-7D45F8,2026-08-05T19:22:40.181538,724.44,1,37.2,v2.1.0,2.85,Bengaluru,12.9716,77.5946,1,normal,
94683467-dfa4-47d3-aafe-97d4024529d8,POS-1B73B11B,MER-95FEFA,2026-08-05T19:25:35.951758,4181.52,1,338.8,v2.2.0,1.85,Hyderabad,17.385,78.4867,1,normal,
90f229aa-12fc-435b-ae88-efd1cf9bb8f7,POS-F1400661,MER-644B55,2026-08-05T19:28:11.933369,4475.79,0,134.1,v2.1.1,1.69,Chennai,13.0827,80.2707,1,normal,
8836d2b8-ea18-45df-96d0-bc03f0b625e6,POS-FB95985B,MER-7765F7,2026-08-05T19:31:11.356279,383.09,0,223.8,v2.1.0,2.18,Hyderabad,17.385,78.4867,1,normal,
a762cc71-3fd2-4b3f-8816-8ddde60829c7,POS-7F1981DF,MER-B33B9B,2026-08-05T19:38:35.921964,2998.99,0,268.8,v2.2.0,2.9,Nagpur,21.1458,79.0882,1,normal,
3498ede4-bae6-469a-ba9a-0c6f3a75f111,POS-D8B3BBA8,MER-81983E,2026-08-05T19:43:34.444742,502.52,0,246.8,v2.3.0-beta,0.84,Hyderabad,17.385,78.4867,1,normal,
cae23fcd-f9fa-43a6-9708-d26bb8d0db6e,POS-6B16F045,MER-ECDE68,2026-08-05T19:50:35.138354,3882.08,1,493.5,v2.3.0-beta,0.78,Delhi,28.7041,77.1025,1,normal,
b312dd6f-3d2d-4337-ad4a-4bf9e3ad7554,POS-A275E8CD,MER-DFFA45,2026-08-05T19:50:36.564432,2630.23,1,386.8,v2.1.1,1.58,Kolkata,22.5726,88.3639,1,normal,
94a6dcf8-4da4-4152-adb6-fab2bb4323da,POS-BC359428,MER-C5AB1A,2026-08-05T19:55:02.900578,2783.77,0,263.0,v2.1.0,0.73,Kolkata,22.5726,88.3639,1,normal,
d7cb840e-19b2-481d-93a9-a741275ac494,POS-8BA2BC27,MER-CDDE89,2026-08-05T20:04:44.163382,4868.78,0,308.5,v2.1.1,1.48,Bengaluru,12.9716,77.5946,1,normal,
57bb364d-fb27-49d2-aa01-b827490eadd3,POS-DEE4DD42,MER-D53081,2026-08-05T20:04:48.028339,2060.29,0,271.4,v2.1.0,0.74,Mumbai,19.076,72.8777,1,normal,
6713d2b0-d12f-4cb6-ad25-a37e3a3b8a9f,POS-AD42C2FB,MER-96DF46,2026-08-05T20:07:49.027451,2469.49,1,89.6,v2.1.1,2.68,Mumbai,19.076,72.8777,1,normal,
9f169a84-9db6-4d48-a55f-d4da2f2fd129,POS-87D47970,MER-BF7D1A,2026-08-05T20:12:28.997692,4486.98,0,397.1,v2.1.0,2.96,Pune,18.5204,73.8567,1,normal,
9266ef4b-b39b-4e3c-a0d5-0acb3a82965b,POS-73F6AE86,MER-2BE75A,2026-08-05T20:22:47.490373,3365.68,0,319.3,v2.3.0-beta,0.63,Chennai,13.0827,80.2707,1,normal,
c5686da3-b792-4588-a0ab-56fa2c80cd1d,POS-FCC69214,MER-85878E,2026-08-05T20:29:15.449169,3261.49,0,87.0,v2.2.0,0.62,Hyderabad,17.385,78.4867,1,normal,
61646919-6c20-4286-9e3f-8b20e9d9411f,POS-B607E194,MER-457468,2026-08-05T20:59:27.005698,2778.76,1,96.1,v2.1.0,2.0,Mumbai,19.076,72.8777,1,normal,
b07862ca-7d57-4f69-9005-95cdeea5b31e,POS-2F039298,MER-2CFF75,2026-08-05T21:06:45.111592,3297.49,0,446.4,v2.3.0-beta,2.65,Bengaluru,12.9716,77.5946,1,normal,
d13de907-d626-4e6b-98ee-37f3a2f763d1,POS-03C6BBBA,MER-C61A54,2026-08-05T21:14:48.053480,1607.94,0,235.7,v2.3.0-beta,0.59,Nagpur,21.1458,79.0882,1,normal,
72be8fc5-d0b5-4a82-af62-141a350a8e6d,POS-BA41B435,MER-3AA9F7,2026-08-05T21:24:53.057215,135.2,1,364.1,v2.1.1,2.88,Delhi,28.7041,77.1025,1,normal,
47478dbd-670f-451e-8121-f1f5bc2d0a78,POS-70E04A75,MER-F51428,2026-08-05T21:28:20.613305,268.97,1,117.9,v2.1.1,1.04,Pune,18.5204,73.8567,1,normal,
60ab9cf5-5be3-4b54-ad1d-4b7a090060e4,POS-FC80D3D1,MER-FD74EE,2026-08-05T21:42:39.693506,3171.78,0,342.4,v2.1.1,1.85,Mumbai,19.076,72.8777,1,normal,
f0e4d882-91b6-4211-b2a4-2fa886dbea16,POS-982191FD,MER-C18197,2026-08-05T21:44:15.407906,3542.81,1,43.2,v2.2.0,1.83,Delhi,28.7041,77.1025,1,normal,
cfcc53f8-4dc3-47d4-820d-37343f226d1a,POS-3BF5E359,MER-A82822,2026-08-05T21:46:07.803778,1167.87,0,73.5,v2.2.0,1.24,Mumbai,19.076,72.8777,1,normal,
fee6adca-24aa-490c-9ac3-90933a79c6e5,POS-E2ABAA01,MER-94FBB2,2026-08-05T21:47:13.088949,4161.62,0,227.9,v2.1.0,2.37,Nagpur,21.1458,79.0882,1,normal,
f91c0204-3f4c-48da-9bf4-cd6ec4e3f981,POS-A22B806C,MER-66332B,2026-08-05T21:54:37.224944,93.3,0,383.4,v2.1.1,1.78,Delhi,28.7041,77.1025,1,normal,
34723348-7b96-46a9-b598-e0e42b2194e1,POS-36A2CBE2,MER-7D9478,2026-08-05T22:02:01.408556,817.31,0,14.2,v2.1.1,1.06,Mumbai,19.076,72.8777,1,normal,
5caa8f0c-971e-4720-b6b9-3aefaad28ee3,POS-105BE397,MER-3B97DB,2026-08-05T22:05:52.929509,2708.55,1,147.4,v2.1.0,2.65,Chennai,13.0827,80.2707,1,normal,
37758b63-e87a-482e-ad0f-1896deb5d229,POS-43D83AB1,MER-C30AE6,2026-08-05T22:11:52.812396,404.64,1,162.4,v2.2.0,2.81,Kolkata,22.5726,88.3639,1,normal,
a6b1e53f-001b-477e-a00f-afc844dbce41,POS-0E673AA4,MER-A73341,2026-08-05T22:13:54.213734,2795.8,0,153.0,v2.2.0,1.52,Hyderabad,17.385,78.4867,1,normal,
259a79bd-cf70-4bc6-992f-3c850fe933c5,POS-6439ED84,MER-ADB4F6,2026-08-05T22:21:39.945560,3183.7,0,178.7,v2.2.0,2.05,Hyderabad,17.385,78.4867,1,normal,
07d079ee-c416-460d-83b1-95248af24676,POS-FA8E124D,MER-079B19,2026-08-05T23:00:42.886704,4828.54,0,34.4,v2.1.1,1.47,Delhi,28.7041,77.1025,1,normal,
f88610a5-8b59-4f5b-b8bf-e9a79afdf3ce,POS-76F7895E,MER-F17607,2026-08-05T23:02:47.634611,4863.25,0,437.5,v2.1.1,2.86,Pune,18.5204,73.8567,1,normal,
fe8db6d2-fc9b-49f2-8529-938b7d14abeb,POS-FC80D3D1,MER-FD74EE,2026-08-05T23:23:12.059068,2524.6,0,465.5,v2.1.1,2.99,Mumbai,19.076,72.8777,1,normal,
15f72f34-92cf-417d-bb19-9106e6995936,POS-5EB40BC5,MER-FF8806,2026-08-05T23:23:22.856405,3408.58,1,211.9,v2.1.0,2.92,Kolkata,22.5726,88.3639,1,normal,
3887ba64-7841-4476-b501-d848135ce3c9,POS-4FDF65E4,MER-8FF8CA,2026-08-05T23:31:50.019594,1412.68,0,313.3,v2.1.1,0.78,Delhi,28.7041,77.1025,1,normal,
aa5e900f-00ce-45c6-99e3-0a362a8e92b8,POS-AE4DEB2A,MER-78544D,2026-08-05T23:48:48.936545,611.57,0,250.0,v2.2.0,1.47,Nagpur,21.1458,79.0882,1,normal,
d77afa90-7325-414c-9c96-52e5f99fee90,POS-AD5BA00A,MER-5FE21C,2026-08-05T23:55:34.104425,4935.3,1,30.6,v2.3.0-beta,0.64,Pune,18.5204,73.8567,1,normal,
2ce75567-8446-4d08-8aee-114e8db0a06a,POS-B93996C3,MER-901889,2026-08-06T00:02:40.960517,1029.49,0,481.0,v2.3.0-beta,0.76,Delhi,28.7041,77.1025,1,normal,
bba25d31-9698-4023-babd-22d1f7e7096f,POS-7249E858,MER-AE0327,2026-08-06T00:06:16.275459,282.44,1,499.3,v2.3.0-beta,2.21,Kolkata,22.5726,88.3639,1,normal,
a23e038a-52b9-4551-bbe3-e7969bc03197,POS-70E04A75,MER-F51428,2026-08-06T00:11:15.853319,2650.01,0,227.1,v2.1.1,1.23,Pune,18.5204,73.8567,1,normal,
d817394a-e881-472f-8874-99fe6284e5ea,POS-6C3D83AB,MER-BCAE45,2026-08-06T00:19:18.974163,3663.65,0,165.0,v2.1.0,2.93,Bengaluru,12.9716,77.5946,1,normal,
baa8b3f7-3b4b-433a-986b-4df08e5f95ce,POS-DEE4DD42,MER-D53081,2026-08-06T00:40:25.552475,647.25,0,158.5,v2.1.0,2.36,Mumbai,19.076,72.8777,1,normal,
47ae8658-e04b-4c46-ba37-f74750be74ce,POS-CC66C62A,MER-6E235F,2026-08-06T01:05:25.206920,455.44,0,374.8,v2.2.0,0.63,Hyderabad,17.385,78.4867,1,normal,
ac837fcd-3631-489d-95c1-9c5bdcc2877f,POS-D7A7B0B8,MER-0542EB,2026-08-06T01:07:00.718333,1720.44,0,383.7,v2.1.1,0.56,Nagpur,21.1458,79.0882,1,normal,
c3b54e89-bd07-435b-92e8-d7339ac28b1f,POS-A320C8AA,MER-9451DE,2026-08-06T01:18:51.770424,3524.25,0,347.9,v2.2.0,2.08,Nagpur,21.1458,79.0882,1,normal,
874696c1-80a0-4daf-b4d5-1c31858889a3,POS-AF1B4891,MER-875B51,2026-08-06T01:21:04.525100,2666.45,0,131.5,v2.1.0,2.33,Mumbai,19.076,72.8777,1,normal,
79bff277-1038-4522-9fb6-396ceca2ef89,POS-73F6AE86,MER-2BE75A,2026-08-06T01:25:54.444658,1954.22,0,451.7,v2.3.0-beta,2.21,Chennai,13.0827,80.2707,1,normal,
2a34c575-fc54-4def-b5ea-6f456ddf56cd,POS-207CA2EB,MER-5B06DF,2026-08-06T01:28:14.005797,2078.55,0,199.8,v2.1.1,0.79,Pune,18.5204,73.8567,1,normal,
87c44de1-fa0d-4461-a7de-80f10670209f,POS-5E1A46C9,MER-4361C1,2026-08-06T01:48:10.898572,812.14,0,359.0,v2.1.1,2.16,Delhi,28.7041,77.1025,1,normal,
a53c6f41-b093-4d71-8383-ee4be4d0dee5,POS-4A5BFB60,MER-B81D68,2026-08-06T01:48:47.771325,1567.93,0,387.3,v2.1.1,1.5,Chennai,13.0827,80.2707,1,normal,
10918557-98a3-4520-a3f8-06681999514e,POS-7249E858,MER-AE0327,2026-08-06T01:59:17.228785,1363.56,0,21.2,v2.3.0-beta,2.88,Kolkata,22.5726,88.3639,1,normal,
1a3a1088-91ee-476b-a382-e0ffb30271ca,POS-208DB4F3,MER-C166F5,2026-08-06T02:03:29.723606,3030.64,0,7.2,v2.1.1,2.43,Delhi,28.7041,77.1025,1,normal,
32532e6b-7351-407b-9be9-7a74d9c84c4f,POS-FC0168BE,MER-ABA7C3,2026-08-06T02:07:13.478325,385.79,0,253.8,v2.2.0,1.31,Hyderabad,17.385,78.4867,1,normal,
0f4b7b36-2fb8-4b6e-b6cd-c2c7e254a4a7,POS-BB11FCF8,MER-275B28,2026-08-06T02:23:52.475610,1684.8,0,461.2,v2.1.0,2.62,Mumbai,19.076,72.8777,1,normal,
3b8eeff5-b447-4b56-8f8e-8136167739a9,POS-4167FD28,MER-DA1B0B,2026-08-06T02:26:59.491153,4499.28,0,143.6,v2.1.0,1.65,Delhi,28.7041,77.1025,1,normal,
0766ce45-7dcd-41d6-90cc-f13ddb13ab65,POS-B41DA6C4,MER-9C5AB9,2026-08-06T02:32:37.119242,2394.37,14,337.6,v2.1.1,9.52,Mumbai,19.076,72.8777,1,fraud,retry_storm
756162b3-8df7-44c2-9835-af1ab2dcbfa4,POS-0E673AA4,MER-A73341,2026-08-06T02:33:54.291872,2941.68,1,386.8,v2.2.0,2.37,Hyderabad,17.385,78.4867,1,normal,
af437074-d093-46db-b40b-0e0c870b874a,POS-6B16F045,MER-ECDE68,2026-08-06T02:34:18.237981,3750.87,0,71.0,v2.3.0-beta,2.11,Delhi,28.7041,77.1025,1,normal,
5e89000c-3820-4af0-96da-90fc8b9f8f90,POS-FCC69214,MER-85878E,2026-08-06T02:37:08.563403,347.54,0,394.8,v2.2.0,2.04,Hyderabad,17.385,78.4867,1,normal,
c6995a1b-913d-4320-a89b-cd9e3925caf1,POS-A77B64DE,MER-1A5D0B,2026-08-06T02:43:56.807193,209.72,0,316.1,v2.1.0,1.9,Kolkata,22.5726,88.3639,1,normal,
b1656c42-377e-4be2-b550-402b088f35a7,POS-BB11FCF8,MER-275B28,2026-08-06T02:54:52.541564,3710.21,0,114.9,v2.1.0,2.29,Mumbai,19.076,72.8777,1,normal,
4a278d29-28a9-43a2-89f5-7e70084ca453,POS-F967E1DC,MER-6F1422,2026-08-06T03:20:44.306125,4132.21,1,483.7,v2.2.0,1.24,Nagpur,21.1458,79.0882,1,normal,
b8bdaa61-867e-4a1b-b119-b61e5955abc6,POS-8D15D2C5,MER-4A3FBD,2026-08-06T03:30:24.354931,1178.19,0,292.0,v2.1.0,0.87,Nagpur,21.1458,79.0882,1,normal,
fc031b66-d165-4d53-940e-aa316b46333d,POS-F66B7F18,MER-589763,2026-08-06T03:31:22.677227,2458.14,0,229.9,v2.2.0,2.57,Pune,18.5204,73.8567,1,normal,
fe96cef3-9097-4a11-b6b1-2c85c181f72c,POS-AD42C2FB,MER-96DF46,2026-08-06T04:01:49.752427,4027.51,0,322.5,v2.1.1,0.61,Mumbai,19.076,72.8777,1,normal,
b896e815-50f7-4fc7-a4cb-df39b7eac8fa,POS-483FD0E6,MER-A77E7B,2026-08-06T04:09:05.557135,3188.88,1,251.5,v2.2.0,2.45,Kolkata,22.5726,88.3639,1,normal,
d14b93f0-ced5-445b-877f-e74d6008bd5b,POS-6C1EE20B,MER-F3F810,2026-08-06T04:09:09.691976,3962.83,1,57.1,v2.1.1,1.57,Bengaluru,12.9716,77.5946,1,normal,
cb0baaa7-6ef0-4287-aff6-d62e6cd0d0a1,POS-34F01FAC,MER-FE16C9,2026-08-06T04:14:57.897864,1153.31,0,266.6,v2.1.1,2.13,Chennai,13.0827,80.2707,1,normal,
4b681fce-e686-4d75-a647-d7b507303073,POS-C2744B6C,MER-4093C0,2026-08-06T04:29:29.355116,421.0,0,13.8,v2.1.1,2.98,Nagpur,21.1458,79.0882,1,normal,
d60f4500-3e72-4226-a9ec-7b095ef10e6d,POS-849A1C0F,MER-D8D0DA,2026-08-06T04:31:19.786030,3619.64,1,239.0,v2.1.0,2.75,Delhi,28.7041,77.1025,1,normal,
9d035c9b-c537-4c23-a825-51b77f161edd,POS-EDC02D19,MER-6176CA,2026-08-06T04:52:48.217822,4953.85,0,476.1,v2.1.0,2.64,Chennai,13.0827,80.2707,1,normal,
1374f695-28b4-4496-b683-3c38cce09b4e,POS-383A0EE8,MER-ECE86F,2026-08-06T05:07:34.831926,3452.96,0,400.0,v2.1.1,1.0,Mumbai,19.076,72.8777,1,normal,
9133f764-bce0-4ada-9328-422808865375,POS-CC66C62A,MER-6E235F,2026-08-06T05:13:22.549559,1705.98,0,70.5,v2.2.0,1.87,Hyderabad,17.385,78.4867,1,normal,
43634858-718e-415e-9fca-0690a6d6fc83,POS-5E1A46C9,MER-4361C1,2026-08-06T05:16:32.342460,1609.29,1,350.7,v2.1.1,2.34,Delhi,28.7041,77.1025,1,normal,
1d34f11a-8d1f-4679-a602-5325df2e6190,POS-D8B3BBA8,MER-81983E,2026-08-06T05:39:21.309974,4266.56,0,201.1,v2.3.0-beta,1.57,Hyderabad,17.385,78.4867,1,normal,
f404fd87-94b0-456b-a9c4-b93496bc0200,POS-87D47970,MER-BF7D1A,2026-08-06T05:55:46.667342,4320.05,0,298.9,v2.1.0,2.03,Pune,18.5204,73.8567,1,normal,
93a064a1-a5b6-41b8-b160-9c8d0560f906,POS-2F039298,MER-2CFF75,2026-08-06T06:01:40.183533,2022.71,1,387.1,v2.3.0-beta,0.83,Bengaluru,12.9716,77.5946,1,normal,
9d95c356-ad77-47e2-8b04-494211a01f7c,POS-6439ED84,MER-ADB4F6,2026-08-06T06:03:36.261730,2675.69,1,6.9,v2.2.0,2.82,Hyderabad,17.385,78.4867,1,normal,
a34faf02-05c7-4abc-beb6-41b347fcd74d,POS-4FDF65E4,MER-8FF8CA,2026-08-06T06:08:36.805464,4852.97,0,102.1,v2.1.1,1.08,Delhi,28.7041,77.1025,1,normal,
7c31f0ee-9ba1-4b60-9581-41b5774f041a,POS-03C6BBBA,MER-C61A54,2026-08-06T06:08:43.055486,3625.32,1,471.7,v2.3.0-beta,2.64,Nagpur,21.1458,79.0882,1,normal,
7f1b0ca0-313c-4ba7-a0f3-1008bd9e3524,POS-AB472E48,MER-7D45F8,2026-08-06T06:09:04.708353,4317.89,0,220.1,v2.1.0,2.98,Bengaluru,12.9716,77.5946,1,normal,
fc85bf03-4949-476b-a356-74cfe7a151bb,POS-A320C8AA,MER-9451DE,2026-08-06T06:10:03.131868,1383.57,0,183.6,v2.2.0,1.75,Nagpur,21.1458,79.0882,1,normal,
c5e69f3a-4fdf-4bd6-8168-2884cf55fd39,POS-03C6BBBA,MER-C61A54,2026-08-06T06:37:16.645824,2183.97,1,1.1,v2.1.1,8.84,Delhi,28.7041,77.1025,0,fraud,device_spoof
64155513-33a4-414f-b427-02d7626e4dc6,POS-62F7C65F,MER-BAFD17,2026-08-06T06:39:56.995301,1454.06,0,480.2,v2.1.0,2.77,Delhi,28.7041,77.1025,1,normal,
2586f3d2-70af-4573-a602-76a97106c933,POS-055D6FBC,MER-294500,2026-08-06T06:50:06.020695,846.6,0,3.8,v2.2.0,1.67,Kolkata,22.5726,88.3639,1,normal,
ff2c2713-3a3a-4b43-a6a9-517a41fa3bb1,POS-0E673AA4,MER-A73341,2026-08-06T06:50:58.482633,3297.45,1,188.9,v2.2.0,1.57,Hyderabad,17.385,78.4867,1,normal,
2f4a243d-8729-4f77-8cc3-6acccff4d0cf,POS-7B3948DF,MER-2C19A0,2026-08-06T06:58:54.007690,2474.93,0,175.1,v2.1.0,2.1,Mumbai,19.076,72.8777,1,normal,
31dc4238-a5cb-498d-9acb-12780d764511,POS-D2E37BD7,MER-94832D,2026-08-06T07:16:28.012258,1521.74,1,402.5,v2.3.0-beta,2.06,Kolkata,22.5726,88.3639,1,normal,
8b8c73e0-560b-412f-93bb-e2a008264e4d,POS-FD4A2FB5,MER-DB7A61,2026-08-06T07:19:37.521437,1443.54,0,48.9,v2.1.1,1.48,Delhi,28.7041,77.1025,1,normal,
deeb1c77-0ee6-454d-bb22-1d48b1c2f895,POS-FCC69214,MER-85878E,2026-08-06T07:20:58.388113,2793.34,1,259.8,v2.2.0,1.76,Hyderabad,17.385,78.4867,1,normal,
4216e6b9-a358-453e-ae81-b246c6653e24,POS-BC2D02AD,MER-18BAD6,2026-08-06T07:26:37.285860,2439.19,0,110.3,v2.2.0,2.79,Kolkata,22.5726,88.3639,1,normal,
818eefb1-291f-4bdd-8fbb-46aed8926a51,POS-6C1EE20B,MER-F3F810,2026-08-06T07:32:01.113731,1954.79,0,27.3,v2.1.1,2.17,Bengaluru,12.9716,77.5946,1,normal,
467ab3bd-4bca-4f50-943e-7ff8da280d4c,POS-F5C825B8,MER-3430AF,2026-08-06T07:45:56.006740,375.94,0,138.5,v2.1.1,2.71,Pune,18.5204,73.8567,1,normal,
6e0f0437-bc1a-49d5-a1c4-ef62889aa5c1,POS-73F6AE86,MER-2BE75A,2026-08-06T07:55:58.657842,4090.61,0,382.3,v2.3.0-beta,2.87,Chennai,13.0827,80.2707,1,normal,
ac2b5565-951e-4233-bb39-f940814d5d5b,POS-982191FD,MER-C18197,2026-08-06T08:11:13.179736,698.52,0,219.6,v2.2.0,2.25,Delhi,28.7041,77.1025,1,normal,
5906bc5d-ce2b-41fb-aca2-ecf0d034028b,POS-5EB40BC5,MER-FF8806,2026-08-06T08:18:57.144977,2014.64,0,479.7,v2.1.0,1.65,Kolkata,22.5726,88.3639,1,normal,
460eb7a6-51ba-4231-8794-5d59ffffef95,POS-0EF33479,MER-87BA54,2026-08-06T08:36:33.327762,3207.74,1,467.4,v2.1.1,2.32,Delhi,28.7041,77.1025,1,normal,
d48ffa91-2560-4daa-8e05-14a4dc639aec,POS-EF533CFF,MER-837BC2,2026-08-06T08:47:32.179770,3654.52,0,318.5,v2.2.0,0.61,Nagpur,21.1458,79.0882,1,normal,
d38ee638-e3e2-4131-9230-8f7138148125,POS-483FD0E6,MER-A77E7B,2026-08-06T08:57:46.164534,415.44,1,458.2,v2.2.0,1.25,Kolkata,22.5726,88.3639,1,normal,
a8709c92-0afc-45fc-85ff-6d8e49003046,POS-5B84BAFA,MER-54F0E4,2026-08-06T09:09:22.952106,4738.23,0,250.0,v2.1.1,1.0,Chennai,13.0827,80.2707,1,normal,
2e72bea7-898d-4182-a6aa-c7cfd9fb4536,POS-982191FD,MER-C18197,2026-08-06T09:09:36.424977,2077.06,0,432.5,v2.2.0,2.92,Delhi,28.7041,77.1025,1,normal,
be673162-e74c-4be7-bd47-91124af593ce,POS-74235C6B,MER-4BCD8F,2026-08-06T09:10:42.197656,4562.41,0,239.8,v2.1.1,0.92,Pune,18.5204,73.8567,1,normal,
f3bc4ea8-1dc2-4ee9-a957-4cb11efc4843,POS-483FD0E6,MER-A77E7B,2026-08-06T09:31:37.534373,3196.65,0,71.7,v2.2.0,1.18,Kolkata,22.5726,88.3639,1,normal,
956afa83-d8ed-45da-a130-9ace00491014,POS-A9C6662D,MER-C0726A,2026-08-06T09:33:28.029968,893.18,0,292.1,v2.3.0-beta,0.8,Pune,18.5204,73.8567,1,normal,
3e75acc8-5452-439a-8af3-135cb31e9d45,POS-AE4DEB2A,MER-78544D,2026-08-06T09:39:29.964912,4483.81,1,221.9,v2.2.0,1.2,Nagpur,21.1458,79.0882,1,normal,
52d8f645-4286-40b8-922a-47790aaf330a,POS-E566E75E,MER-4CD30C,2026-08-06T09:50:38.526406,256.62,0,248.8,v2.2.0,1.06,Nagpur,21.1458,79.0882,1,normal,
274a6fc2-81c0-4943-89bb-a699d9748d78,POS-34F01FAC,MER-FE16C9,2026-08-06T10:01:38.061613,1028.89,1,196.7,v2.1.1,1.26,Chennai,13.0827,80.2707,1,normal,
3b672bb2-76f9-4720-a444-fe68d9d975b2,POS-3BD6788B,MER-FA377E,2026-08-06T10:08:37.343613,2831.99,0,69.5,v2.1.0,2.04,Pune,18.5204,73.8567,1,normal,
a7e913ae-16c7-4be4-a607-9912b1647ea3,POS-105BE397,MER-3B97DB,2026-08-06T10:12:13.751441,435.54,0,60.6,v2.1.0,2.18,Chennai,13.0827,80.2707,1,normal,
724996c3-8b36-4d9e-a562-8f0bdf107e2f,POS-B9828EE6,MER-E676A0,2026-08-06T10:36:33.713648,3326.6,1,303.9,v2.2.0,1.54,Pune,18.5204,73.8567,1,normal,
3754be92-fef0-4272-9cf1-d3f1f8128c40,POS-6C1EE20B,MER-F3F810,2026-08-06T10:52:26.469131,829.61,0,8.6,v2.1.1,2.06,Bengaluru,12.9716,77.5946,1,normal,
343a0395-622a-4459-bdad-68e59b870ec7,POS-36A2CBE2,MER-7D9478,2026-08-06T10:57:41.557031,4975.73,1,330.0,v2.1.1,1.33,Mumbai,19.076,72.8777,1,normal,
6a7f318c-5722-4273-93ad-8ec32cb4f8b1,POS-AB472E48,MER-7D45F8,2026-08-06T11:02:46.704388,3328.27,0,171.5,v2.1.0,1.65,Bengaluru,12.9716,77.5946,1,normal,
4a85d725-9d97-4b2f-a459-2ca75377bb34,POS-77136499,MER-3E00AA,2026-08-06T11:21:35.681382,1036.23,0,174.9,v2.3.0-beta,1.88,Bengaluru,12.9716,77.5946,1,normal,
e4e64b5a-e992-439e-bcaf-43db7ea4cf96,POS-D8B3BBA8,MER-81983E,2026-08-06T11:30:33.117364,4126.36,1,318.1,v2.3.0-beta,0.81,Hyderabad,17.385,78.4867,1,normal,
29cc3d13-db10-4854-ab72-a341efb7379a,POS-03C6BBBA,MER-C61A54,2026-08-06T11:32:13.510345,3416.86,1,248.3,v2.3.0-beta,1.79,Nagpur,21.1458,79.0882,1,normal,
c4614131-cbd6-4cda-9afe-553a233d4d4b,POS-AA696464,MER-59201B,2026-08-06T11:44:11.385393,3143.86,0,251.8,v2.2.0,0.92,Nagpur,21.1458,79.0882,1,normal,
6ff2ac04-fee3-477f-8679-640561f4ca3d,POS-B93996C3,MER-901889,2026-08-06T11:47:55.302540,4112.73,1,292.6,v2.3.0-beta,1.26,Delhi,28.7041,77.1025,1,normal,
1f17d00c-20fa-453a-842b-eb5d52e726ed,POS-73F6AE86,MER-2BE75A,2026-08-06T11:48:24.388274,433.54,0,118.0,v2.3.0-beta,1.34,Chennai,13.0827,80.2707,1,normal,
63d72c92-e892-4dcc-829f-bfa1a4c07f16,POS-91659503,MER-DC751C,2026-08-06T11:55:45.842777,2711.16,0,390.6,v2.1.1,1.91,Hyderabad,17.385,78.4867,1,normal,
4a4122aa-a9e5-46f6-b257-411b7eb1f3c6,POS-A22B806C,MER-66332B,2026-08-06T11:59:28.496874,2257.76,0,18.3,v2.1.1,2.05,Delhi,28.7041,77.1025,1,normal,
cec41f3d-43af-4265-8f1b-374434a7f5cd,POS-A9C6662D,MER-C0726A,2026-08-06T12:06:13.317563,3283.32,0,6.8,v2.3.0-beta,0.79,Pune,18.5204,73.8567,1,normal,
1afc909d-4f48-4e0a-8e1c-d82466ba0314,POS-0EF33479,MER-87BA54,2026-08-06T12:09:20.671819,4165.18,0,35.4,v2.1.1,0.89,Delhi,28.7041,77.1025,1,normal,
5f960d78-088d-482c-8a84-63e33396c9e9,POS-198FC2BC,MER-7149CD,2026-08-06T12:22:27.338878,4146.98,0,243.3,v2.2.0,1.29,Bengaluru,12.9716,77.5946,1,normal,
cefddc48-cdff-4790-bb34-193990ebe267,POS-6B16F045,MER-ECDE68,2026-08-06T12:22:41.571414,2281.91,0,287.9,v2.3.0-beta,1.17,Delhi,28.7041,77.1025,1,normal,
8a19ba23-25e6-4105-975a-501252814409,POS-76F7895E,MER-F17607,2026-08-06T12:27:42.114129,1533.77,0,181.2,v2.1.1,2.86,Pune,18.5204,73.8567,1,normal,
a9df293e-2c1b-4397-b249-853cc65fa9b9,POS-5190E155,MER-85B4C2,2026-08-06T12:30:07.869016,1878.77,0,56.4,v2.1.0,0.84,Delhi,28.7041,77.1025,1,normal,
b523a7e5-f6d2-4515-88b6-b318ead2968e,POS-2F039298,MER-2CFF75,2026-08-06T12:33:41.744830,4718.89,1,81.8,v2.3.0-beta,1.79,Bengaluru,12.9716,77.5946,1,normal,
80c89295-90f5-4c14-bf3d-590f697e3f6d,POS-B9828EE6,MER-E676A0,2026-08-06T12:41:38.119745,3071.13,0,476.7,v2.2.0,1.6,Pune,18.5204,73.8567,1,normal,
67c1d36e-e866-4866-8356-65364d82c018,POS-A22B806C,MER-66332B,2026-08-06T12:53:23.385421,3373.63,1,455.0,v2.1.1,2.2,Delhi,28.7041,77.1025,1,normal,
8b12a47d-1582-4a24-afc0-55a5766e57a2,POS-70E04A75,MER-F51428,2026-08-06T12:57:32.926589,3586.25,0,110.3,v2.1.1,0.83,Pune,18.5204,73.8567,1,normal,
0276aaa7-b370-4e3a-839d-9ad3f0d3f313,POS-80C06FB8,MER-0D360C,2026-08-06T13:05:30.933846,4920.94,0,270.6,v2.1.0,2.5,Delhi,28.7041,77.1025,1,normal,
fa35df7a-de2e-4ebf-a63c-47dfaebea6b0,POS-00CFCF07,MER-73C8B8,2026-08-06T13:11:04.247349,1584.04,0,487.2,v2.3.0-beta,0.89,Kolkata,22.5726,88.3639,1,normal,
3e664618-22f0-447e-9097-f06c531d8e62,POS-A320C8AA,MER-9451DE,2026-08-06T13:16:53.060832,990.23,1,217.0,v2.2.0,2.87,Nagpur,21.1458,79.0882,1,normal,
fa6a6b51-c714-420a-bd0b-1fe9865b8985,POS-76F7895E,MER-F17607,2026-08-06T13:41:11.259554,4584.02,0,205.3,v2.1.1,0.92,Pune,18.5204,73.8567,1,normal,
2a437448-25ba-45f1-aed0-13c5faa321f5,POS-62F7C65F,MER-BAFD17,2026-08-06T13:41:19.678178,3581.79,0,378.4,v2.1.0,2.5,Delhi,28.7041,77.1025,1,normal,
706fb98f-ed63-46c5-9db5-02c49b11b1b8,POS-B41DA6C4,MER-9C5AB9,2026-08-06T13:41:26.250651,3008.91,0,384.4,v2.1.1,2.73,Mumbai,19.076,72.8777,1,normal,
e1259885-c338-404c-9432-53ff33502b90,POS-70A8C312,MER-778AE7,2026-08-06T14:00:15.070784,1338.13,0,463.2,v2.1.0,2.5,Chennai,13.0827,80.2707,1,normal,
6e638d67-61a4-4a75-80eb-b9b48af4aa72,POS-70A8C312,MER-778AE7,2026-08-06T14:10:41.806251,4319.83,0,246.9,v2.1.0,1.34,Chennai,13.0827,80.2707,1,normal,
11645310-44a1-4513-87de-c1092a27d893,POS-C72F113B,MER-DDFFD5,2026-08-06T14:23:35.001876,1351.54,0,64.2,v2.3.0-beta,1.81,Bengaluru,12.9716,77.5946,1,normal,
4577388e-d4c5-485b-b113-864fb5239d24,POS-207CA2EB,MER-5B06DF,2026-08-06T14:31:40.724861,1149.36,0,28.0,v2.1.1,2.5,Pune,18.5204,73.8567,1,normal,
2f535292-dfc4-45b6-8d3b-291ef235054a,POS-659CC7FB,MER-F997E8,2026-08-06T14:33:59.016703,2483.52,0,486.3,v2.1.1,1.07,Mumbai,19.076,72.8777,1,normal,
cc982b9e-c4c4-4c37-90c1-968882f261f7,POS-00CFCF07,MER-73C8B8,2026-08-06T14:43:14.446363,4256.2,0,487.6,v2.3.0-beta,1.41,Kolkata,22.5726,88.3639,1,normal,
970f24dc-28a6-4e4c-b752-acd4299ce142,POS-207CA2EB,MER-5B06DF,2026-08-06T15:01:45.907072,849.01,0,151.0,v2.1.1,1.49,Pune,18.5204,73.8567,1,normal,
4bc089e6-156e-4589-ba16-e06ce170970b,POS-F1C56238,MER-7963AE,2026-08-06T15:24:53.920931,668.94,1,363.8,v2.2.0,1.08,Kolkata,22.5726,88.3639,1,normal,
cb5b075a-b22f-4478-95d2-857b278a21ea,POS-5CD2AFE7,MER-C65F5C,2026-08-06T15:29:00.733497,1775.65,0,254.5,v2.3.0-beta,1.51,Hyderabad,17.385,78.4867,1,normal,
078f5306-c3b4-4c36-9fe1-7f4e96b4417f,POS-62F7C65F,MER-BAFD17,2026-08-06T15:38:52.236079,1032.94,0,475.5,v2.1.0,2.64,Delhi,28.7041,77.1025,1,normal,
a50aa11d-8c3d-4d7c-9c25-a88bc470766a,POS-D3B57689,MER-58F164,2026-08-06T16:03:14.986030,926.45,0,237.1,v2.2.0,2.41,Hyderabad,17.385,78.4867,1,normal,
7f751fa2-0824-4c4e-8d9f-4ee8e0acc872,POS-8D15D2C5,MER-4A3FBD,2026-08-06T16:08:05.428356,1100.27,0,52.4,v2.1.0,1.2,Nagpur,21.1458,79.0882,1,normal,
95e3f0d6-1d30-4012-af5a-01d5f0de7011,POS-0E673AA4,MER-A73341,2026-08-06T16:16:35.580668,1457.6,1,193.5,v2.2.0,2.05,Hyderabad,17.385,78.4867,1,normal,
6a4fb1e9-98f8-4684-be48-de9faaf8af76,POS-47CB19EB,MER-7848E9,2026-08-06T16:38:41.604876,3727.49,0,207.0,v2.2.0,2.63,Bengaluru,12.9716,77.5946,1,normal,
73ec040e-f8c6-447b-8cb8-4b26ac3f82b1,POS-10016958,MER-25A16E,2026-08-06T16:42:26.123638,1467.87,0,55.1,v2.1.1,0.8,Delhi,28.7041,77.1025,1,normal,
5bfc6df2-17bd-4a45-a7d9-4d2265ad0274,POS-3BD6788B,MER-FA377E,2026-08-06T16:55:06.094037,4867.37,0,81.5,v2.1.0,0.79,Pune,18.5204,73.8567,1,normal,
c66ebfc7-e21d-462f-867c-a1eb9c31d4f4,POS-862B6369,MER-4CCB87,2026-08-06T16:58:09.793951,2268.94,0,136.7,v2.1.1,2.45,Nagpur,21.1458,79.0882,1,normal,
2d3c0ac1-86d1-4fd1-bc44-f5ac5e29d340,POS-B607E194,MER-457468,2026-08-06T17:09:33.203130,90.48,0,216.0,v2.1.0,2.71,Mumbai,19.076,72.8777,1,normal,
f9af6142-4fd9-48f8-babd-a7c92e58e2ab,POS-BB1E7F2D,MER-6350FC,2026-08-06T17:16:59.252233,216.37,0,308.0,v2.2.0,2.19,Nagpur,21.1458,79.0882,1,normal,
2a0b63f5-1c64-40de-b315-981ed46e7310,POS-38B8A946,MER-7808DD,2026-08-06T17:24:57.757867,4626.52,0,462.0,v2.3.0-beta,0.94,Nagpur,21.1458,79.0882,1,normal,
fda893bc-0759-4c7e-a70a-3cfaa9283470,POS-AD5BA00A,MER-5FE21C,2026-08-06T17:35:39.893207,293.07,1,285.9,v2.3.0-beta,1.12,Pune,18.5204,73.8567,1,normal,
a1f5cac9-0f70-4a0e-bfe4-9744984e2347,POS-5190E155,MER-85B4C2,2026-08-06T17:38:38.342321,897.75,0,186.8,v2.1.0,2.39,Delhi,28.7041,77.1025,1,normal,
7fc4960f-7f4b-42e3-9719-577138856873,POS-C2744B6C,MER-4093C0,2026-08-06T17:40:17.450756,458.43,0,425.9,v2.1.1,1.19,Nagpur,21.1458,79.0882,1,normal,
f3255f0e-d14e-4a1e-9849-40d282a151af,POS-F5C825B8,MER-3430AF,2026-08-06T17:40:52.902574,2719.19,0,116.4,v2.1.1,1.82,Pune,18.5204,73.8567,1,normal,
7d2f1e1c-0792-40ba-8b33-73d5d1ee256b,POS-862B6369,MER-4CCB87,2026-08-06T17:43:06.902750,2177.95,0,233.0,v2.1.1,1.61,Nagpur,21.1458,79.0882,1,normal,
fd02a3b8-8298-4ac3-8ca2-41f77123f018,POS-7249E858,MER-AE0327,2026-08-06T17:43:51.842436,3827.18,0,151.0,v2.3.0-beta,0.59,Kolkata,22.5726,88.3639,1,normal,
cfded75d-349a-49fa-bb64-67aa36acf8bb,POS-AA696464,MER-59201B,2026-08-06T18:01:38.735071,623.56,0,462.9,v2.2.0,1.47,Nagpur,21.1458,79.0882,1,normal,
350d4c33-c6ae-40f3-ba0d-ac1cd87ebc7f,POS-3637119B,MER-7355A0,2026-08-06T18:08:20.040860,2888.71,1,448.0,v2.1.1,1.49,Hyderabad,17.385,78.4867,1,normal,
312feab3-adcb-4035-bbd0-4c56ac3ad333,POS-9CD505AA,MER-1F157D,2026-08-06T18:14:42.630352,1001.4,0,219.6,v2.1.1,1.77,Pune,18.5204,73.8567,1,normal,
2641faf3-181f-4a6f-bf0c-ff4732970f73,POS-24B8E3FE,MER-C60B06,2026-08-06T18:21:23.890817,2377.73,1,447.6,v2.3.0-beta,1.09,Bengaluru,12.9716,77.5946,1,normal,
a5dfd016-d602-42de-9b4c-f52f00147f44,POS-EBF11023,MER-16D60A,2026-08-06T18:26:09.945991,4848.88,1,463.7,v2.2.0,0.87,Hyderabad,17.385,78.4867,1,normal,
c9d1b40d-5516-4fd1-a55d-0573f14e1b14,POS-70A8C312,MER-778AE7,2026-08-06T18:32:39.583675,4038.08,1,364.6,v2.1.0,1.54,Chennai,13.0827,80.2707,1,normal,
de492c96-7473-4e49-ac5b-4acbb8023831,POS-81C99677,MER-2280B3,2026-08-06T18:49:12.189885,224.86,0,363.8,v2.1.0,1.91,Nagpur,21.1458,79.0882,1,normal,
01d4a0af-3d75-4e4c-9bf0-75e5cfcafd2c,POS-76F7895E,MER-F17607,2026-08-06T18:51:35.092705,2411.67,0,367.0,v2.1.1,2.31,Pune,18.5204,73.8567,1,normal,
614a4cca-b861-4ea8-8681-949edaf93e9e,POS-A320C8AA,MER-9451DE,2026-08-06T19:17:33.998350,4984.11,1,23.2,v2.2.0,1.33,Nagpur,21.1458,79.0882,1,normal,
863993bb-4335-4dc4-a9ec-aef836ff3bef,POS-87D47970,MER-BF7D1A,2026-08-06T19:40:07.396587,601.34,0,370.6,v2.1.0,2.84,Pune,18.5204,73.8567,1,normal,
ca0e8d61-38f1-48d1-9567-1bc85d6685bf,POS-B607E194,MER-457468,2026-08-06T19:48:16.051446,1195.81,0,351.8,v2.1.0,1.64,Mumbai,19.076,72.8777,1,normal,
2b832742-85af-4244-9d3b-453615e32c8b,POS-AA696464,MER-59201B,2026-08-06T20:29:16.939632,3285.54,0,160.1,v2.2.0,1.85,Nagpur,21.1458,79.0882,1,normal,
a18a060c-6136-429b-9f5d-3d788fab83d2,POS-CC8EC905,MER-15DD11,2026-08-06T20:37:20.187128,2022.06,0,182.3,v2.1.0,2.29,Hyderabad,17.385,78.4867,1,normal,
77a1673c-b8c7-4b28-97f5-ec629c781198,POS-F5C825B8,MER-3430AF,2026-08-06T20:40:16.853713,1257.94,0,399.7,v2.1.1,2.94,Pune,18.5204,73.8567,1,normal,
65809baf-ab24-456b-8f27-d2b35d072390,POS-24B8E3FE,MER-C60B06,2026-08-06T21:11:21.961609,2696.54,1,85.1,v2.3.0-beta,2.18,Bengaluru,12.9716,77.5946,1,normal,
e6ebdd92-7f85-4d93-bdec-c7126d552047,POS-E2ABAA01,MER-94FBB2,2026-08-06T21:22:06.795364,2533.74,0,393.2,v2.1.0,2.82,Nagpur,21.1458,79.0882,1,normal,
5a718878-0c12-4686-8b37-e584dd57ef3a,POS-9C17BF21,MER-B0A7FE,2026-08-06T21:30:09.026374,1898.7,0,214.3,v2.1.0,1.46,Nagpur,21.1458,79.0882,1,normal,
5255b944-bbd4-4384-a2af-75eed8fd352c,POS-91659503,MER-DC751C,2026-08-06T21:33:22.083465,1627.65,0,38.0,v2.1.1,0.93,Hyderabad,17.385,78.4867,1,normal,
8c918924-bc0c-4668-9838-582f76d1079d,POS-D9E1B170,MER-4FA9A0,2026-08-06T21:34:19.052270,592.59,0,222.8,v2.1.1,1.58,Delhi,28.7041,77.1025,1,normal,
632ff971-3b0d-48f0-ba00-69381d1eeec4,POS-6C1EE20B,MER-F3F810,2026-08-06T21:53:50.625917,349.79,0,262.2,v2.1.1,1.76,Bengaluru,12.9716,77.5946,1,normal,
e78af6df-5a98-46ab-b5e7-dcc2ce354123,POS-FD4A2FB5,MER-DB7A61,2026-08-06T21:59:45.457761,2876.86,0,308.2,v2.1.1,1.4,Delhi,28.7041,77.1025,1,normal,
526b5c4b-ae0a-494d-b726-d026e29d2620,POS-D122D405,MER-F03908,2026-08-06T22:10:39.982239,2821.61,0,199.6,v2.1.0,2.24,Mumbai,19.076,72.8777,1,normal,
3913dba8-108c-488d-80e2-74951d9ec1a5,POS-2F039298,MER-2CFF75,2026-08-06T22:19:05.833551,4509.74,1,447.0,v2.3.0-beta,1.67,Bengaluru,12.9716,77.5946,1,normal,
a9988535-264b-41f2-9a61-9b10231a9409,POS-F66B7F18,MER-589763,2026-08-06T22:25:46.258398,1359.76,0,363.3,v2.2.0,0.92,Pune,18.5204,73.8567,1,normal,
7e5a95e6-da11-40a6-8aab-eb52fdb8bb1e,POS-70A8C312,MER-778AE7,2026-08-06T22:43:46.212990,2963.2,1,153.4,v2.1.0,2.05,Chennai,13.0827,80.2707,1,normal,
6d8778a0-30d6-4d36-bff2-73e8a99c2f6d,POS-E566E75E,MER-4CD30C,2026-08-06T23:06:21.200899,3047.71,0,324.0,v2.2.0,1.21,Nagpur,21.1458,79.0882,1,normal,
35ef5b02-d241-4d21-ba81-3b71b449c050,POS-B9828EE6,MER-E676A0,2026-08-06T23:12:05.995537,3575.42,1,262.9,v2.2.0,2.17,Pune,18.5204,73.8567,1,normal,
2634078b-66cc-478e-8e02-9d0bd0572cf9,POS-FC0168BE,MER-ABA7C3,2026-08-06T23:16:06.400566,585.12,0,168.8,v2.2.0,1.19,Hyderabad,17.385,78.4867,1,normal,
463810e7-a79d-484f-b1df-83e8467f2fd0,POS-1D6FD4E1,MER-F1C4E7,2026-08-06T23:28:41.897203,3522.4,0,356.2,v2.1.0,2.84,Chennai,13.0827,80.2707,1,normal,
1e8f9246-626a-4637-9d98-0dd4b7868bb8,POS-E9D66DA1,MER-38119E,2026-08-06T23:41:05.994193,3638.57,0,278.0,v2.1.1,0.55,Pune,18.5204,73.8567,1,normal,
71a8ee61-45cc-4b7b-81be-88065c5c54e2,POS-B27C0D31,MER-6BDAEB,2026-08-06T23:48:46.975082,3841.05,0,298.9,v2.1.1,2.49,Pune,18.5204,73.8567,1,normal,
2c1a5952-e091-49f5-b844-2199e223b83a,POS-D1DB24C2,MER-26B633,2026-08-06T23:51:38.300332,4937.87,0,307.4,v2.3.0-beta,2.79,Hyderabad,17.385,78.4867,1,normal,
fd66ecfe-76fa-4c62-a457-e4dafd0c1b9a,POS-105BE397,MER-3B97DB,2026-08-06T23:52:22.657660,3982.02,0,459.3,v2.1.0,2.84,Chennai,13.0827,80.2707,1,normal,
9641ff72-4ef8-4932-8162-f63399bad55c,POS-B27C0D31,MER-6BDAEB,2026-08-07T00:11:19.544073,4921.72,0,420.9,v2.1.1,1.81,Pune,18.5204,73.8567,1,normal,
2e0ae832-6e24-4968-be3d-9a91f223df83,POS-383A0EE8,MER-ECE86F,2026-08-07T00:12:32.171926,3035.9,0,240.0,v2.1.1,0.94,Mumbai,19.076,72.8777,1,normal,
aef1091d-1f3a-4d31-8227-1e7f85a4943e,POS-9C17BF21,MER-B0A7FE,2026-08-07T00:25:34.725970,4684.8,0,149.4,v2.1.0,2.65,Nagpur,21.1458,79.0882,1,normal,
caf166da-29b1-409e-97e2-2e9f168cf2b3,POS-DD8321BF,MER-250C33,2026-08-07T00:30:35.595338,473.71,1,273.4,v2.1.0,1.44,Pune,18.5204,73.8567,1,normal,
7162daf5-cabf-4bb2-b41b-c9e7c866e281,POS-6439ED84,MER-ADB4F6,2026-08-07T00:39:22.400560,3743.45,0,190.5,v2.2.0,2.26,Hyderabad,17.385,78.4867,1,normal,
915b2b1b-7fd8-4930-83d1-fae97404e10a,POS-FC0168BE,MER-ABA7C3,2026-08-07T00:42:14.000327,1188.53,0,17.9,v2.2.0,2.37,Hyderabad,17.385,78.4867,1,normal,
81e205ef-d54a-47f5-b85b-ce6233da0ee1,POS-6C1EE20B,MER-F3F810,2026-08-07T00:59:02.598262,1350.49,0,61.0,v2.1.1,2.09,Bengaluru,12.9716,77.5946,1,normal,
324d473b-08ca-4595-b2e1-cdd49089a3ee,POS-43D83AB1,MER-C30AE6,2026-08-07T01:06:46.020034,605.54,0,389.1,v2.2.0,2.78,Kolkata,22.5726,88.3639,1,normal,
e9f053bf-a46f-49d0-bb6d-a6017c1255d2,POS-0BC87AB9,MER-FCAB0C,2026-08-07T01:18:12.526970,4087.05,0,96.1,v2.1.0,2.01,Nagpur,21.1458,79.0882,1,normal,
e973308e-ef1f-414c-8da2-2d76c9ac3d0b,POS-AD5BA00A,MER-5FE21C,2026-08-07T01:20:38.368845,4075.01,0,345.6,v2.3.0-beta,2.91,Pune,18.5204,73.8567,1,normal,
96f7074b-8c0b-4dde-8f01-2fe10b7dd598,POS-B81706F4,MER-CC7ACE,2026-08-07T01:31:48.908291,4549.52,0,468.6,v2.3.0-beta,2.91,Nagpur,21.1458,79.0882,1,normal,
196bfb34-a3ae-4aff-91ca-44a2cf21577a,POS-A320C8AA,MER-9451DE,2026-08-07T01:44:49.457000,925.54,0,191.9,v2.2.0,2.95,Nagpur,21.1458,79.0882,1,normal,
d21003a1-e374-4275-80f5-90bb8ec1ecf2,POS-198FC2BC,MER-7149CD,2026-08-07T02:47:39.553307,2180.1,0,25.9,v2.2.0,0.84,Bengaluru,12.9716,77.5946,1,normal,
a01e5d1f-b863-450d-850b-c1448cd5147d,POS-CC8EC905,MER-15DD11,2026-08-07T02:54:57.688778,4927.15,1,289.8,v2.1.0,0.83,Hyderabad,17.385,78.4867,1,normal,
55b458bc-8660-4a25-8941-ab8535c3107a,POS-43D83AB1,MER-C30AE6,2026-08-07T03:05:38.595631,3184.88,0,111.7,v2.2.0,1.57,Kolkata,22.5726,88.3639,1,normal,
ce9df853-6ef3-453e-b892-cd92fa8dac79,POS-5E1A46C9,MER-4361C1,2026-08-07T03:11:53.198237,3593.39,0,238.2,v2.1.1,1.6,Delhi,28.7041,77.1025,1,normal,
23b33754-3dcd-4e16-9370-964356e05425,POS-6439ED84,MER-ADB4F6,2026-08-07T03:32:21.875567,40973.7,0,521.7,v2.2.0,1.14,Hyderabad,17.385,78.4867,1,fraud,bust_out
96a5ebc7-7645-4e99-b111-f94799ae4892,POS-6EAB7795,MER-39C88B,2026-08-07T03:44:07.850612,3420.41,0,374.0,v2.2.0,2.35,Chennai,13.0827,80.2707,1,normal,
c530b915-3aad-410d-bc2d-2bfb001aab81,POS-198FC2BC,MER-7149CD,2026-08-07T03:44:57.106318,4938.23,0,205.0,v2.2.0,0.6,Bengaluru,12.9716,77.5946,1,normal,
8a474723-c31f-46c8-b7ba-4b8cba2cf737,POS-24B8E3FE,MER-C60B06,2026-08-07T03:51:25.730271,2058.68,0,343.1,v2.3.0-beta,1.99,Bengaluru,12.9716,77.5946,1,normal,
a15aaab0-ed56-4588-92c9-e4423faccfff,POS-62F7C65F,MER-BAFD17,2026-08-07T04:01:29.507743,1534.11,0,14.0,v2.1.0,1.21,Delhi,28.7041,77.1025,1,normal,
0f0226b5-0140-4999-8131-76e0ab5ccf64,POS-CC26C0E8,MER-0D1C10,2026-08-07T04:02:33.707248,1830.24,1,233.5,v2.1.0,2.51,Delhi,28.7041,77.1025,1,normal,
fa22592a-d13c-427b-889f-2fea111dd230,POS-778516AB,MER-714018,2026-08-07T04:27:33.230373,3721.38,0,60.6,v2.1.0,2.27,Delhi,28.7041,77.1025,1,normal,
f86fd1fe-303b-4bb3-bad8-e04d8542bba3,POS-AB472E48,MER-7D45F8,2026-08-07T04:42:58.075856,3501.17,0,165.9,v2.1.0,1.92,Bengaluru,12.9716,77.5946,1,normal,
78baab51-4c73-4ea0-95ca-6ba868866aa6,POS-43D83AB1,MER-C30AE6,2026-08-07T04:58:19.849004,1670.32,0,411.2,v2.2.0,2.85,Kolkata,22.5726,88.3639,1,normal,
75db332e-be0d-4425-8f97-48933f87fd4e,POS-6439ED84,MER-ADB4F6,2026-08-07T05:05:44.906346,714.97,0,307.0,v2.2.0,1.48,Hyderabad,17.385,78.4867,1,normal,
a1e79692-28ed-4bda-96df-85bd69cbc803,POS-80C06FB8,MER-0D360C,2026-08-07T05:11:00.522876,2970.8,0,423.7,v2.1.0,2.95,Delhi,28.7041,77.1025,1,normal,
28189df3-bc79-40c0-925c-b7b607b205f9,POS-C9DBE224,MER-11AEAE,2026-08-07T05:11:12.522019,3148.67,0,14.9,v2.3.0-beta,1.58,Bengaluru,12.9716,77.5946,1,normal,
1699ccc0-83b5-4465-9c51-3e6a65212481,POS-F79A698C,MER-2ED01B,2026-08-07T05:16:15.717246,267.95,0,167.3,v2.1.1,2.72,Pune,18.5204,73.8567,1,normal,
a6a3565e-1080-49a9-b9b2-cc884386127f,POS-80C06FB8,MER-0D360C,2026-08-07T05:29:12.564935,2373.96,0,65.0,v2.1.0,2.14,Delhi,28.7041,77.1025,1,normal,
a3c10876-6e9c-451d-8540-da2a11af341c,POS-B41DA6C4,MER-9C5AB9,2026-08-07T05:29:54.166181,1722.45,0,19.2,v2.1.1,2.22,Mumbai,19.076,72.8777,1,normal,
65f701e0-f405-4ccd-8a25-21278fa7bfbb,POS-0EF33479,MER-87BA54,2026-08-07T05:30:08.011833,3622.29,0,212.6,v2.1.1,2.01,Delhi,28.7041,77.1025,1,normal,
40472963-ea4d-4b5b-93fa-766d1881216d,POS-36A2CBE2,MER-7D9478,2026-08-07T05:42:29.714569,4395.92,0,329.3,v2.1.1,1.17,Mumbai,19.076,72.8777,1,normal,
c7bb4d61-d8a7-4949-bc4c-92d08119995f,POS-7249E858,MER-AE0327,2026-08-07T05:59:59.518658,311.23,0,268.0,v2.3.0-beta,0.53,Kolkata,22.5726,88.3639,1,normal,
71007710-d84e-47dc-94c2-e38789d473f5,POS-E2ABAA01,MER-94FBB2,2026-08-07T06:16:33.312281,979.84,1,105.6,v2.1.0,1.62,Nagpur,21.1458,79.0882,1,normal,
a9592483-3959-4d6f-a5f3-7c928cfb739a,POS-A77B64DE,MER-1A5D0B,2026-08-07T06:18:29.341729,741.65,0,181.3,v2.1.0,2.5,Kolkata,22.5726,88.3639,1,normal,
8ef33384-2831-4faf-a83d-741bef30750c,POS-24B8E3FE,MER-C60B06,2026-08-07T06:26:19.515997,337.17,1,137.5,v2.3.0-beta,2.4,Bengaluru,12.9716,77.5946,1,normal,
7026b373-7929-4e10-8d4c-83a60842fea4,POS-28402991,MER-833A0C,2026-08-07T06:36:04.490619,907.25,0,273.6,v2.1.1,2.19,Hyderabad,17.385,78.4867,1,normal,
887019f6-d668-4ad8-9fa2-a48881b3d874,POS-C72F113B,MER-DDFFD5,2026-08-07T06:49:17.957524,2055.26,0,357.8,v2.3.0-beta,2.75,Bengaluru,12.9716,77.5946,1,normal,
244c829b-1709-4e08-8c81-4be1bf1a7d34,POS-C2744B6C,MER-4093C0,2026-08-07T06:58:54.071996,1033.58,0,108.6,v2.1.1,2.44,Nagpur,21.1458,79.0882,1,normal,
68cc8862-6acc-4c45-84e2-3f3c9f500003,POS-AB472E48,MER-7D45F8,2026-08-07T06:59:18.293833,1912.87,1,19.0,v2.1.0,0.94,Bengaluru,12.9716,77.5946,1,normal,
7a65dd06-3a55-45dd-af26-e5ede52a5c20,POS-5CD2AFE7,MER-C65F5C,2026-08-07T07:15:14.398288,393.8,0,166.7,v2.3.0-beta,1.64,Hyderabad,17.385,78.4867,1,normal,
8bcbda3f-4677-4113-8adc-04985682ccfd,POS-AD5BA00A,MER-5FE21C,2026-08-07T07:46:58.834438,4668.45,0,338.4,v2.3.0-beta,2.47,Pune,18.5204,73.8567,1,normal,
e4c72ed2-a7ce-43c4-81fd-be8cdcb97a48,POS-74235C6B,MER-4BCD8F,2026-08-07T07:56:11.003234,1563.88,0,320.1,v2.1.1,1.28,Pune,18.5204,73.8567,1,normal,
8e7e622f-9b4e-4736-8e57-a576b0b3c89b,POS-4167FD28,MER-DA1B0B,2026-08-07T08:06:05.601650,1492.21,0,303.1,v2.1.0,1.49,Delhi,28.7041,77.1025,1,normal,
817eb7c3-9d94-499c-aab5-b40aa2af22cd,POS-AE4DEB2A,MER-78544D,2026-08-07T08:25:06.806363,3945.51,0,260.9,v2.2.0,2.94,Nagpur,21.1458,79.0882,1,normal,
153fbd7c-5dc6-486e-8f7d-a185ecb1eb7c,POS-FC80D3D1,MER-FD74EE,2026-08-07T08:49:51.826763,3868.36,0,349.3,v2.1.1,2.01,Mumbai,19.076,72.8777,1,normal,
165f962a-8dd9-42f6-a2d7-49a626a5f35e,POS-62F7C65F,MER-BAFD17,2026-08-07T09:25:23.832269,203.65,1,430.7,v2.1.0,1.46,Delhi,28.7041,77.1025,1,normal,
37249294-be3e-4cce-a073-62cb7b7ba950,POS-B93996C3,MER-901889,2026-08-07T09:45:00.444353,457.61,0,84.5,v2.3.0-beta,2.89,Delhi,28.7041,77.1025,1,normal,
af194d2d-1f89-4ba6-ab8a-8f2b6075fa99,POS-FC0168BE,MER-ABA7C3,2026-08-07T09:45:06.773786,2267.13,0,147.2,v2.2.0,2.07,Hyderabad,17.385,78.4867,1,normal,
dce9e59c-f4f2-4b94-9f5d-f04038178211,POS-BC359428,MER-C5AB1A,2026-08-07T09:46:53.553232,3738.55,0,476.4,v2.1.0,2.42,Kolkata,22.5726,88.3639,1,normal,
836769ff-7e0a-4e3b-82ca-9c1ffc143bb0,POS-A77B64DE,MER-1A5D0B,2026-08-07T09:47:39.756130,2670.2,1,409.0,v2.1.0,2.27,Kolkata,22.5726,88.3639,1,normal,
932fd3fe-77f8-4690-b847-22b8daf3e01e,POS-FE25FE86,MER-76524C,2026-08-07T10:01:21.279094,1003.1,0,266.6,v2.1.0,2.43,Chennai,13.0827,80.2707,1,normal,
5842529d-f088-4a99-b738-413ef1f8dcf8,POS-6C3D83AB,MER-BCAE45,2026-08-07T10:07:34.269294,295.25,0,297.2,v2.1.0,2.3,Bengaluru,12.9716,77.5946,1,normal,
eb6780f9-0465-4701-9624-b1cff90a895b,POS-520C7452,MER-52D41B,2026-08-07T10:08:06.592517,44835.2,0,711.1,v2.2.0,1.75,Kolkata,22.5726,88.3639,1,fraud,bust_out
68751cdc-6b2d-4c78-a75d-b167462f47cc,POS-1AF2A398,MER-9A9BF3,2026-08-07T10:09:23.122800,3508.69,1,67.5,v2.1.1,2.09,Chennai,13.0827,80.2707,1,normal,
77ca8f01-8881-42ee-9c0c-fcae657e9f17,POS-D2E37BD7,MER-94832D,2026-08-07T10:09:37.789262,3247.19,0,326.5,v2.3.0-beta,1.08,Kolkata,22.5726,88.3639,1,normal,
669e3991-cc8c-43ee-ad8d-e86583140e20,POS-EEE16951,MER-D3A1BB,2026-08-07T10:19:58.246257,2404.36,0,478.9,v2.3.0-beta,1.63,Bengaluru,12.9716,77.5946,1,normal,
dde34a14-6a34-4eaf-8592-0497190fbe00,POS-383A0EE8,MER-ECE86F,2026-08-07T10:23:52.889184,4145.87,0,398.0,v2.1.1,1.95,Mumbai,19.076,72.8777,1,normal,
58b3c990-ea04-4e3b-8f37-5782a40dfebd,POS-77136499,MER-3E00AA,2026-08-07T10:42:22.319391,1265.2,0,140.2,v2.3.0-beta,1.63,Bengaluru,12.9716,77.5946,1,normal,
f6acc40e-69de-4fda-9726-a839eaaadd4d,POS-91659503,MER-DC751C,2026-08-07T10:44:18.896987,567.83,0,434.8,v2.1.1,0.52,Hyderabad,17.385,78.4867,1,normal,
c4e36fa5-c6be-4ce3-bab8-0a8b1c3f4a03,POS-A77B64DE,MER-1A5D0B,2026-08-07T10:45:44.125203,533.74,1,50.9,v2.1.0,2.19,Kolkata,22.5726,88.3639,1,normal,
779f4f70-fd3f-4080-96b8-306823edb63f,POS-DD8321BF,MER-250C33,2026-08-07T10:54:27.420665,1500.26,0,104.3,v2.1.0,1.65,Pune,18.5204,73.8567,1,normal,
f9f178d1-d42e-4bc3-96be-ea7439b4c135,POS-7249E858,MER-AE0327,2026-08-07T11:03:03.163304,747.21,1,147.7,v2.3.0-beta,0.61,Kolkata,22.5726,88.3639,1,normal,
52db3ea8-6148-464d-86f4-149d0c243369,POS-A8756576,MER-414EF8,2026-08-07T11:03:56.296110,681.3,1,177.0,v2.1.0,1.74,Pune,18.5204,73.8567,1,normal,
8ba0db4a-c619-43e3-ad64-c536fc24d405,POS-FC0168BE,MER-ABA7C3,2026-08-07T11:07:19.223075,324.9,0,274.0,v2.2.0,2.01,Hyderabad,17.385,78.4867,1,normal,
8353ff82-2cd6-4d23-bbd8-c3042b3884b9,POS-00CFCF07,MER-73C8B8,2026-08-07T11:24:26.659652,999.93,1,393.1,v2.3.0-beta,2.63,Kolkata,22.5726,88.3639,1,normal,
7ce6b4c0-6442-45a9-8d5f-9c21f04e299b,POS-76F7895E,MER-F17607,2026-08-07T11:45:59.306625,878.43,0,292.8,v2.1.1,1.49,Pune,18.5204,73.8567,1,normal,
690b3b4d-b909-4567-ae77-6c1585219c9b,POS-BC359428,MER-C5AB1A,2026-08-07T11:46:54.654056,3887.45,1,412.3,v2.1.0,2.68,Kolkata,22.5726,88.3639,1,normal,
9b971418-fa28-4e86-8b4b-4420dd8f57ee,POS-D7A7B0B8,MER-0542EB,2026-08-07T11:47:22.915176,4734.82,0,361.3,v2.1.1,1.52,Nagpur,21.1458,79.0882,1,normal,
47a32dc2-0c01-41ac-9860-b59150ccec9c,POS-81C99677,MER-2280B3,2026-08-07T11:49:29.522763,333.45,0,412.1,v2.1.0,1.05,Nagpur,21.1458,79.0882,1,normal,
64639bc0-39e4-414e-a8e3-bf9b0b2bdd72,POS-AB472E48,MER-7D45F8,2026-08-07T11:57:33.929224,3671.15,0,106.5,v2.1.0,0.62,Bengaluru,12.9716,77.5946,1,normal,
221981d9-7569-453e-8eae-8c845d256be3,POS-74235C6B,MER-4BCD8F,2026-08-07T11:59:59.499425,2749.33,0,134.1,v2.1.1,2.73,Pune,18.5204,73.8567,1,normal,
7f6e7956-feb7-412f-82f1-57ea822645fb,POS-7B492CC9,MER-70B109,2026-08-07T12:00:35.096295,1287.21,1,342.5,v2.1.0,2.88,Mumbai,19.076,72.8777,1,normal,
b03ffec6-6f7c-4806-83a0-46666dfeb0ab,POS-91659503,MER-DC751C,2026-08-07T12:12:30.364612,3112.13,1,191.8,v2.1.1,2.14,Hyderabad,17.385,78.4867,1,normal,
ef32b0cf-a538-4070-bc38-a5a08e52dcfc,POS-A275E8CD,MER-DFFA45,2026-08-07T12:19:37.219692,2606.51,1,327.1,v2.1.1,2.47,Kolkata,22.5726,88.3639,1,normal,
1c0d2fcb-9e8c-451c-bb4b-a99b8d1e4f78,POS-982191FD,MER-C18197,2026-08-07T12:22:43.471603,1888.23,1,36.6,v2.2.0,1.57,Delhi,28.7041,77.1025,1,normal,
dbf0d286-a2e2-4f53-a759-faceb0baea7f,POS-B37501A9,MER-DC9CFB,2026-08-07T12:25:02.890499,3264.78,0,266.8,v2.2.0,1.5,Bengaluru,12.9716,77.5946,1,normal,
7406fa30-a49b-44cc-98ec-6d2bbf6e93ee,POS-3BD6788B,MER-FA377E,2026-08-07T12:32:09.895787,2331.5,1,284.5,v2.1.0,2.75,Pune,18.5204,73.8567,1,normal,
c406f09f-707d-4957-9943-527cd6883057,POS-A320C8AA,MER-9451DE,2026-08-07T12:47:12.090078,1865.12,0,381.5,v2.2.0,0.83,Nagpur,21.1458,79.0882,1,normal,
49b463dd-cd6d-4c48-8016-d6f3376de429,POS-A8756576,MER-414EF8,2026-08-07T13:07:00.400518,2962.34,0,402.0,v2.1.0,0.62,Pune,18.5204,73.8567,1,normal,
fe2f870c-01e6-4148-9a34-9d78d2ea28d2,POS-A9C6662D,MER-C0726A,2026-08-07T13:09:21.443780,3242.7,0,46.2,v2.3.0-beta,2.54,Pune,18.5204,73.8567,1,normal,
13823206-711a-4c76-ab0a-165e9d31b69b,POS-34F01FAC,MER-FE16C9,2026-08-07T13:17:12.084596,313.63,0,436.6,v2.1.1,2.63,Chennai,13.0827,80.2707,1,normal,
2139b954-f982-409d-89d3-391171f31636,POS-B9828EE6,MER-E676A0,2026-08-07T13:24:05.596430,1513.42,1,301.7,v2.2.0,1.57,Pune,18.5204,73.8567,1,normal,
2105b07d-1b61-491e-9eb8-3d5b6772e044,POS-BC46E34D,MER-0DC332,2026-08-07T13:25:24.984716,3084.69,0,197.1,v2.2.0,2.04,Mumbai,19.076,72.8777,1,normal,
f0306c98-454d-495a-9e1d-5d89d5bf5d52,POS-2F039298,MER-2CFF75,2026-08-07T13:33:56.651670,4328.55,0,176.2,v2.3.0-beta,1.77,Bengaluru,12.9716,77.5946,1,normal,
d0c40c03-48cf-4268-a113-6ec71fcb67b3,POS-24B8E3FE,MER-C60B06,2026-08-07T13:44:48.882016,2442.23,0,475.8,v2.3.0-beta,1.25,Bengaluru,12.9716,77.5946,1,normal,
a47ed31c-1482-4993-843e-747569912b42,POS-5CD2AFE7,MER-C65F5C,2026-08-07T13:45:25.907446,4477.91,0,439.4,v2.3.0-beta,0.73,Hyderabad,17.385,78.4867,1,normal,
11fd79da-121a-456f-9332-679c6d61d5e3,POS-A9C6662D,MER-C0726A,2026-08-07T13:49:53.479699,982.46,0,91.7,v2.3.0-beta,0.81,Pune,18.5204,73.8567,1,normal,
696dded0-3641-4960-9767-3404959b53ae,POS-3637119B,MER-7355A0,2026-08-07T14:01:12.334590,2098.1,0,348.2,v2.1.1,2.03,Hyderabad,17.385,78.4867,1,normal,
19d82c01-f08f-4569-93b0-7095418fbf9c,POS-75E7B52C,MER-837894,2026-08-07T14:15:05.624843,2811.92,1,142.8,v2.2.0,2.31,Chennai,13.0827,80.2707,1,normal,
ebb17c59-6005-4151-9d40-c8765305c9e7,POS-9CD505AA,MER-1F157D,2026-08-07T14:18:20.730664,3483.68,0,331.6,v2.1.1,1.5,Pune,18.5204,73.8567,1,normal,
d9ae4319-38b8-4d1f-8b35-9c32965fe26c,POS-28402991,MER-833A0C,2026-08-07T14:28:22.763193,3585.64,0,72.8,v2.1.1,2.41,Hyderabad,17.385,78.4867,1,normal,
12dd798b-61fc-41df-a52a-b3b0ad8363b4,POS-8D15D2C5,MER-4A3FBD,2026-08-07T14:28:36.808292,3871.29,0,483.4,v2.1.0,2.34,Nagpur,21.1458,79.0882,1,normal,
fd3d8fdb-c30f-4a5e-b03b-64c0d6e8cfab,POS-B41DA6C4,MER-9C5AB9,2026-08-07T14:32:27.381386,2388.4,0,3.6,v2.1.1,1.88,Mumbai,19.076,72.8777,1,normal,
6bcc7a03-5946-48c9-9b20-7901c56049e9,POS-208DB4F3,MER-C166F5,2026-08-07T14:34:11.380474,559.57,0,386.4,v2.1.1,2.72,Delhi,28.7041,77.1025,1,normal,
07a3dd66-15f0-42ae-93b5-30dc6222372f,POS-4A5BFB60,MER-B81D68,2026-08-07T14:41:23.048788,63.55,0,453.5,v2.1.1,2.59,Chennai,13.0827,80.2707,1,normal,
72434c56-b5e8-4b81-b849-6a5245877c99,POS-70A8C312,MER-778AE7,2026-08-07T14:43:02.576589,2279.36,0,284.5,v2.1.0,1.99,Chennai,13.0827,80.2707,1,normal,
030e236a-8dd9-44e3-83c5-801cc954b973,POS-3BD6788B,MER-FA377E,2026-08-07T14:57:06.972274,186.62,0,90.1,v2.1.0,2.91,Pune,18.5204,73.8567,1,normal,
816a7556-45e4-4c46-856e-77f1951064a0,POS-E566E75E,MER-4CD30C,2026-08-07T14:58:53.875530,3719.4,0,371.7,v2.2.0,1.97,Nagpur,21.1458,79.0882,1,normal,
1a45722d-2189-4f87-8c8f-d3778673d2d4,POS-BA41B435,MER-3AA9F7,2026-08-07T15:00:52.956426,3541.98,1,448.1,v2.1.1,2.92,Delhi,28.7041,77.1025,1,normal,
88e987be-8745-4633-9ce0-857ce44e5df5,POS-0AE6C0D2,MER-897854,2026-08-07T15:07:15.650998,1117.29,0,470.1,v2.1.1,0.59,Kolkata,22.5726,88.3639,1,normal,
1659b512-3420-44ee-b19a-7e1f6eb9690b,POS-C2744B6C,MER-4093C0,2026-08-07T15:09:33.777661,4449.66,0,367.7,v2.1.1,0.86,Nagpur,21.1458,79.0882,1,normal,
efccfcb6-3949-4694-9435-96b85575a037,POS-5B84BAFA,MER-54F0E4,2026-08-07T15:22:45.847675,4201.92,0,254.5,v2.1.1,2.54,Chennai,13.0827,80.2707,1,normal,
547dd7ff-1d97-4798-8294-11eed8ed1d07,POS-6B16F045,MER-ECDE68,2026-08-07T15:23:47.087317,724.09,0,23.0,v2.3.0-beta,1.73,Delhi,28.7041,77.1025,1,normal,
8357cfdd-aa7d-44b5-9935-2e14b474d28f,POS-74235C6B,MER-4BCD8F,2026-08-07T15:25:36.695648,4845.44,0,181.2,v2.1.1,1.83,Pune,18.5204,73.8567,1,normal,
5ab05e63-2e26-431b-8473-3cca994d8d62,POS-10016958,MER-25A16E,2026-08-07T15:27:51.348058,3119.95,0,220.7,v2.1.1,1.58,Delhi,28.7041,77.1025,1,normal,
6c8101c5-bf99-4a59-b2da-5e239ae2c7b2,POS-EF533CFF,MER-837BC2,2026-08-07T15:46:26.470098,1212.47,0,498.4,v2.2.0,2.85,Nagpur,21.1458,79.0882,1,normal,
bb2bb733-3baf-4ef1-bce9-642fe432a106,POS-34F01FAC,MER-FE16C9,2026-08-07T16:00:49.598313,2934.56,0,458.5,v2.1.1,1.28,Chennai,13.0827,80.2707,1,normal,
76b901e3-74e8-4035-bfe6-47ca10a09c85,POS-4FDF65E4,MER-8FF8CA,2026-08-07T16:02:45.629537,1176.51,0,345.2,v2.1.1,0.76,Delhi,28.7041,77.1025,1,normal,
e6505f7b-352d-4d59-92f4-9625381c0674,POS-D9E1B170,MER-4FA9A0,2026-08-07T16:21:35.417959,4388.46,1,162.3,v2.1.1,1.91,Delhi,28.7041,77.1025,1,normal,
7e1b4d6c-1fc3-4d4e-8cea-1ac9fb303ab0,POS-B27C0D31,MER-6BDAEB,2026-08-07T16:26:54.112773,2958.79,1,27.6,v2.1.1,2.27,Pune,18.5204,73.8567,1,normal,
c000f84e-70e7-4987-bc45-923ac49306d6,POS-B11F2EAD,MER-9FA357,2026-08-07T16:43:30.543818,947.76,1,76.0,v2.2.0,2.17,Mumbai,19.076,72.8777,1,normal,
03448ef0-68ee-4e6e-ae92-e68de55b04f5,POS-BA41B435,MER-3AA9F7,2026-08-07T16:57:42.619522,2294.65,0,353.7,v2.1.1,1.29,Delhi,28.7041,77.1025,1,normal,
90b4f7d8-311f-4b3d-becc-9f1aa2eedabc,POS-28402991,MER-833A0C,2026-08-07T17:06:17.128460,4025.57,1,204.2,v2.1.1,1.36,Hyderabad,17.385,78.4867,1,normal,
210b8dbe-5d0b-4677-8681-3df0a0c03a25,POS-CC66C62A,MER-6E235F,2026-08-07T17:31:24.671553,1481.49,0,198.8,v2.2.0,1.34,Hyderabad,17.385,78.4867,1,normal,
7ced09d1-2625-4f08-a4d5-d36b7c8414ea,POS-4FA685DF,MER-202A96,2026-08-07T17:45:38.156108,2216.96,0,377.6,v2.3.0-beta,2.9,Hyderabad,17.385,78.4867,1,normal,
06cb4ceb-bca0-45ed-aed6-3ec17a7e9afe,POS-73F6AE86,MER-2BE75A,2026-08-07T17:56:58.747104,4596.06,1,265.4,v2.3.0-beta,1.51,Chennai,13.0827,80.2707,1,normal,
d90dd56a-72b9-452d-a36d-7df451b1e876,POS-AB472E48,MER-7D45F8,2026-08-07T18:00:51.561775,2527.29,1,255.9,v2.1.0,1.7,Bengaluru,12.9716,77.5946,1,normal,
480bd287-d048-4314-849f-0601d67fcafc,POS-B81706F4,MER-CC7ACE,2026-08-07T18:05:36.416194,429.89,0,467.0,v2.3.0-beta,2.24,Nagpur,21.1458,79.0882,1,normal,
10d77d43-d3bc-410c-a450-a4cd0f35d287,POS-CC26C0E8,MER-0D1C10,2026-08-07T18:18:57.109180,2092.58,0,246.7,v2.1.0,1.86,Delhi,28.7041,77.1025,1,normal,
6cc702e4-0ea9-4d90-ae00-4b22d930693e,POS-B41DA6C4,MER-9C5AB9,2026-08-07T18:41:13.837347,2294.82,1,365.1,v2.1.1,1.28,Mumbai,19.076,72.8777,1,normal,
7b71c975-5d72-4bcf-bba1-f13b3a43915c,POS-AD42C2FB,MER-96DF46,2026-08-07T18:47:35.378226,1907.44,0,285.9,v2.1.1,1.47,Mumbai,19.076,72.8777,1,normal,
aa8c3fbf-ef4e-4ca1-9915-63fc1fa8b976,POS-A8756576,MER-414EF8,2026-08-07T19:00:05.741010,3287.52,1,76.2,v2.1.0,1.28,Pune,18.5204,73.8567,1,normal,
20d502b5-d0aa-4427-92b0-4f4f56800293,POS-F5C825B8,MER-3430AF,2026-08-07T19:06:31.194658,2662.18,1,444.8,v2.1.1,1.5,Pune,18.5204,73.8567,1,normal,
e57bf1c0-4adc-4c66-b554-e5e4af7c5b52,POS-E9D66DA1,MER-38119E,2026-08-07T19:32:24.944306,3196.64,0,14.9,v2.1.1,2.49,Pune,18.5204,73.8567,1,normal,
eceb2c7d-55a4-4335-9bd4-a859192950c4,POS-E566E75E,MER-4CD30C,2026-08-07T19:33:51.628493,928.43,0,30.7,v2.2.0,0.87,Nagpur,21.1458,79.0882,1,normal,
a8ca88d9-298d-443a-a7e5-8fad03ba4551,POS-9C17BF21,MER-B0A7FE,2026-08-07T19:40:18.614477,4366.26,1,332.0,v2.1.0,2.17,Nagpur,21.1458,79.0882,1,normal,
6b04de65-5d49-4dd7-92e6-030beeda7d59,POS-6C1EE20B,MER-F3F810,2026-08-07T19:53:49.903216,2862.46,0,283.5,v2.1.1,1.66,Bengaluru,12.9716,77.5946,1,normal,
b1783190-7a54-48fb-84e8-b02e7bf72ccd,POS-43D83AB1,MER-C30AE6,2026-08-07T20:17:54.933956,152.54,1,419.3,v2.2.0,2.02,Kolkata,22.5726,88.3639,1,normal,
651e64df-9829-4f22-9d87-7fa2502da29a,POS-105BE397,MER-3B97DB,2026-08-07T20:21:47.882835,3041.63,0,351.4,v2.1.0,1.69,Chennai,13.0827,80.2707,1,normal,
49fa8fca-6692-4ea4-9b1f-3c23b23b57e4,POS-B93996C3,MER-901889,2026-08-07T20:27:08.837708,1225.26,0,204.3,v2.3.0-beta,1.03,Delhi,28.7041,77.1025,1,normal,
74231876-0415-40c2-b6d7-281fab09e699,POS-849A1C0F,MER-D8D0DA,2026-08-07T20:46:12.931544,4031.19,0,225.6,v2.1.0,0.56,Delhi,28.7041,77.1025,1,normal,
5a809eef-aa69-426d-a8ee-e5b2371b480d,POS-3BF5E359,MER-A82822,2026-08-07T20:47:45.678073,3059.29,0,52.0,v2.2.0,2.65,Mumbai,19.076,72.8777,1,normal,
f9b0897d-6964-464c-84aa-526a56cb9a23,POS-383A0EE8,MER-ECE86F,2026-08-07T21:03:53.137008,2372.53,0,344.2,v2.1.1,1.73,Mumbai,19.076,72.8777,1,normal,
d111f99c-8024-467d-a861-363606785d80,POS-38B8A946,MER-7808DD,2026-08-07T21:36:12.267749,2685.94,1,202.6,v2.3.0-beta,2.27,Nagpur,21.1458,79.0882,1,normal,
0e20d8ab-cf8b-4e7b-8e5c-c634061cd04a,POS-3637119B,MER-7355A0,2026-08-07T21:47:07.494259,2317.25,0,459.5,v2.1.1,2.76,Hyderabad,17.385,78.4867,1,normal,
73efd364-58bb-4f55-88c9-94943f4e4e9c,POS-4A5BFB60,MER-B81D68,2026-08-07T21:57:35.114327,3397.66,1,75.2,v2.1.1,2.57,Chennai,13.0827,80.2707,1,normal,
68c8589b-d3dc-48e9-93e6-d1b5feb9dbcd,POS-6C3D83AB,MER-BCAE45,2026-08-07T22:05:27.886287,4707.48,0,423.1,v2.1.0,1.13,Bengaluru,12.9716,77.5946,1,normal,
85cc7b13-e632-46dc-b284-c2ddd529d4fb,POS-B9828EE6,MER-E676A0,2026-08-07T22:15:16.152357,2239.76,0,373.9,v2.2.0,1.03,Pune,18.5204,73.8567,1,normal,
085307dc-7f7e-49f3-908b-545efdcd8ddb,POS-D9E1B170,MER-4FA9A0,2026-08-07T22:27:19.019827,4221.07,0,196.2,v2.1.1,2.56,Delhi,28.7041,77.1025,1,normal,
a7d96cf1-baa3-45a4-9150-b184d6cbae61,POS-8E1D47A7,MER-9204E3,2026-08-07T22:31:27.691778,1666.4,0,26.4,v2.1.0,1.79,Delhi,28.7041,77.1025,1,normal,
4a0e22a8-266f-4385-b9ee-20f78f8e6be0,POS-36A2CBE2,MER-7D9478,2026-08-07T22:42:22.095314,3951.27,1,287.1,v2.1.1,1.81,Mumbai,19.076,72.8777,1,normal,
55446ef7-db00-455b-b502-8bc80151d95e,POS-982191FD,MER-C18197,2026-08-07T22:51:50.019682,1475.56,0,367.2,v2.2.0,0.74,Delhi,28.7041,77.1025,1,normal,
7ad852fa-bc5f-4957-9b29-074b714a6d7a,POS-87D47970,MER-BF7D1A,2026-08-07T23:00:13.773491,4235.31,0,407.1,v2.1.0,2.26,Pune,18.5204,73.8567,1,normal,
d823996e-e135-49b3-85fb-153889cccf2f,POS-7249E858,MER-AE0327,2026-08-07T23:05:08.540526,3106.5,1,34.7,v2.3.0-beta,0.57,Kolkata,22.5726,88.3639,1,normal,
e5300424-3beb-4655-a3bd-7119bb51735d,POS-B9828EE6,MER-E676A0,2026-08-07T23:12:01.079423,4698.47,1,493.4,v2.2.0,2.64,Pune,18.5204,73.8567,1,normal,
a964f088-7cb1-44bc-a75e-8278c0a1351f,POS-A8756576,MER-414EF8,2026-08-07T23:29:24.798250,2369.02,1,55.5,v2.1.0,0.95,Pune,18.5204,73.8567,1,normal,
90fbd046-b33d-43e3-8829-f001fd49ffb0,POS-F79A698C,MER-2ED01B,2026-08-07T23:42:11.290793,449.11,0,255.1,v2.1.1,2.57,Pune,18.5204,73.8567,1,normal,
53bad538-d6f7-4811-aeb0-d5686a5c3c65,POS-8E1D47A7,MER-9204E3,2026-08-07T23:50:09.757443,4111.66,0,112.2,v2.1.0,2.15,Delhi,28.7041,77.1025,1,normal,
ff89eac3-f8db-427c-953e-fd256430d1a0,POS-CDFD9F1A,MER-243265,2026-08-07T23:52:12.836126,433.52,1,57.5,v2.1.0,0.69,Bengaluru,12.9716,77.5946,1,normal,
a7778f56-88f0-4734-b98b-88cdf2d6768b,POS-AA696464,MER-59201B,2026-08-07T23:53:05.110042,859.39,0,374.7,v2.2.0,2.22,Nagpur,21.1458,79.0882,1,normal,
f30b6f22-0c9c-436c-81ed-32736a457fb6,POS-1AF2A398,MER-9A9BF3,2026-08-08T00:03:22.551782,1043.21,0,196.3,v2.1.1,0.88,Chennai,13.0827,80.2707,1,normal,
9313a55d-3f3b-468c-bf95-159fb9e8e145,POS-8E784FDD,MER-40A230,2026-08-08T00:13:02.426158,2817.82,0,173.1,v2.1.0,0.54,Pune,18.5204,73.8567,1,normal,
522de3b2-de43-48da-b2dd-0e32ee652044,POS-94086F72,MER-6D8C2C,2026-08-08T00:23:29.147630,1441.37,0,162.5,v2.1.0,2.26,Mumbai,19.076,72.8777,1,normal,
7a823db2-518f-49ef-9720-4dfa3da80075,POS-EBF11023,MER-16D60A,2026-08-08T00:30:39.329027,813.16,1,88.8,v2.2.0,2.3,Hyderabad,17.385,78.4867,1,normal,
1958cd19-4c29-4057-a3ed-2e512205daff,POS-8D15D2C5,MER-4A3FBD,2026-08-08T00:44:13.586582,2175.47,0,124.6,v2.1.0,2.11,Nagpur,21.1458,79.0882,1,normal,
78e385c5-2917-40d4-a853-dbd0bbdc96f5,POS-70A8C312,MER-778AE7,2026-08-08T00:44:33.187958,259.66,0,307.8,v2.1.0,1.59,Chennai,13.0827,80.2707,1,normal,
4dcbb601-50a1-44c2-a49b-5a4e47048d06,POS-00CFCF07,MER-73C8B8,2026-08-08T00:51:41.774843,2829.33,1,111.7,v2.3.0-beta,0.96,Kolkata,22.5726,88.3639,1,normal,
e71ee9cd-1b9f-4595-90c0-749a862ed71a,POS-7F1981DF,MER-B33B9B,2026-08-08T01:18:05.764620,1373.42,1,139.3,v2.2.0,0.66,Nagpur,21.1458,79.0882,1,normal,
7cfd5526-647f-4f88-9715-7f0d0e8dcbe5,POS-2F039298,MER-2CFF75,2026-08-08T01:30:04.602280,2005.96,0,259.4,v2.3.0-beta,2.34,Bengaluru,12.9716,77.5946,1,normal,
d11a2410-9bab-44b3-a37c-4d8e6392c053,POS-A77B64DE,MER-1A5D0B,2026-08-08T01:31:31.911638,4356.26,0,245.5,v2.1.0,2.87,Kolkata,22.5726,88.3639,1,normal,
0be806f6-e3cb-4ef5-abb5-5807ab162398,POS-E9D66DA1,MER-38119E,2026-08-08T01:53:20.519768,3047.31,1,376.1,v2.1.1,1.81,Pune,18.5204,73.8567,1,normal,
c2835e63-4515-4f3b-8749-e840d5455f95,POS-6439ED84,MER-ADB4F6,2026-08-08T02:23:45.540170,4201.31,0,265.8,v2.2.0,2.71,Hyderabad,17.385,78.4867,1,normal,
b3ab8cef-9544-4699-b42f-0f044411f530,POS-778516AB,MER-714018,2026-08-08T02:45:25.742416,3096.87,0,149.9,v2.1.0,0.77,Delhi,28.7041,77.1025,1,normal,
83aa8de1-991c-4f6c-ab2d-7890af1eb855,POS-74235C6B,MER-4BCD8F,2026-08-08T02:47:21.749636,4708.66,1,93.7,v2.1.1,1.96,Pune,18.5204,73.8567,1,normal,
b60f4949-1e09-4878-8238-7336a212fb41,POS-2F039298,MER-2CFF75,2026-08-08T02:55:36.146282,3350.05,1,493.8,v2.3.0-beta,1.78,Bengaluru,12.9716,77.5946,1,normal,
22632ed3-037e-45d0-a7d9-9989d2836c26,POS-1B73B11B,MER-95FEFA,2026-08-08T03:31:31.115352,4811.8,0,79.8,v2.2.0,1.54,Hyderabad,17.385,78.4867,1,normal,
4861842a-5f98-41ac-b9ef-71185e538f45,POS-B11F2EAD,MER-9FA357,2026-08-08T03:34:04.038536,2940.75,0,487.0,v2.2.0,0.75,Mumbai,19.076,72.8777,1,normal,
48974f4d-b669-447c-b53a-cdd83f91852a,POS-F5C825B8,MER-3430AF,2026-08-08T03:49:20.696226,2320.67,1,441.5,v2.1.1,0.92,Pune,18.5204,73.8567,1,normal,
67a3a4ce-d7b6-4fcf-855f-8429290bcfac,POS-28402991,MER-833A0C,2026-08-08T03:55:13.435249,716.92,0,243.2,v2.1.1,1.59,Hyderabad,17.385,78.4867,1,normal,
438c4fdb-1431-4823-8a0c-9e5ec0430911,POS-81C99677,MER-2280B3,2026-08-08T04:03:44.655495,2181.9,0,266.1,v2.1.0,1.91,Nagpur,21.1458,79.0882,1,normal,
7d522c0c-f0a8-414c-a5cc-97abff203e1a,POS-5E1A46C9,MER-4361C1,2026-08-08T04:57:06.662652,4286.97,1,21.0,v2.1.1,2.28,Delhi,28.7041,77.1025,1,normal,
967b094a-b666-42b1-9929-b04ee92656b8,POS-D8B3BBA8,MER-81983E,2026-08-08T05:00:17.261678,307.83,0,486.7,v2.3.0-beta,1.09,Hyderabad,17.385,78.4867,1,normal,
7c9ee83f-249d-43b2-9c07-8bf03401e7bf,POS-73F6AE86,MER-2BE75A,2026-08-08T05:08:11.030246,3379.42,1,407.8,v2.3.0-beta,2.3,Chennai,13.0827,80.2707,1,normal,
c87f3c2c-4741-43ef-b744-028b9dd37a11,POS-C9DBE224,MER-11AEAE,2026-08-08T05:10:58.641017,1131.3,1,498.3,v2.3.0-beta,2.56,Bengaluru,12.9716,77.5946,1,normal,
6ee18b7b-8aed-47f1-ace5-e32f582d89a4,POS-862B6369,MER-4CCB87,2026-08-08T05:15:01.419602,319.12,0,283.9,v2.1.1,2.71,Nagpur,21.1458,79.0882,1,normal,
266df272-17f0-4497-b8dc-e8b620752dbf,POS-38B8A946,MER-7808DD,2026-08-08T05:22:45.547400,2576.96,0,230.8,v2.3.0-beta,1.64,Nagpur,21.1458,79.0882,1,normal,
01b74ca4-728c-46a9-b227-d557cb49d328,POS-9CD505AA,MER-1F157D,2026-08-08T05:29:10.391977,3837.21,0,155.4,v2.1.1,1.86,Pune,18.5204,73.8567,1,normal,
3c626c4c-cf2e-42e4-b7e8-89509c8a27aa,POS-FC80D3D1,MER-FD74EE,2026-08-08T05:30:14.528439,2603.66,0,203.2,v2.1.1,1.91,Mumbai,19.076,72.8777,1,normal,
941c011c-5c05-4891-8771-66cae79acdb4,POS-03C6BBBA,MER-C61A54,2026-08-08T05:42:10.644203,1792.32,0,457.4,v2.3.0-beta,2.13,Nagpur,21.1458,79.0882,1,normal,
1ababd8e-f987-4ae8-b6d1-376f58d91cc1,POS-52FC2A7B,MER-31B3EE,2026-08-08T05:49:56.206635,4749.86,0,302.9,v2.1.1,2.2,Delhi,28.7041,77.1025,1,normal,
f450c731-2492-4059-86a7-2bc31a8cb6b3,POS-77B485D3,MER-340AFB,2026-08-08T06:15:00.888179,4227.27,1,448.5,v2.1.0,0.56,Delhi,28.7041,77.1025,1,normal,
03df2c39-4e3c-43c7-b85f-7b3caa11bf1b,POS-198FC2BC,MER-7149CD,2026-08-08T06:31:08.387330,1556.57,0,334.8,v2.2.0,2.21,Bengaluru,12.9716,77.5946,1,normal,
14aec83a-59f8-4064-842f-97f16d7a8b80,POS-D2E37BD7,MER-94832D,2026-08-08T06:44:12.125639,3010.34,1,410.5,v2.3.0-beta,1.86,Kolkata,22.5726,88.3639,1,normal,
491c084f-ba28-416c-81a6-403a9c836abd,POS-D7A7B0B8,MER-0542EB,2026-08-08T06:58:01.106044,4631.25,0,160.8,v2.1.1,1.39,Nagpur,21.1458,79.0882,1,normal,
4d7c1eaf-d5d8-4d88-a693-a54837dce6cf,POS-7249E858,MER-AE0327,2026-08-08T07:08:00.210673,700.49,0,164.0,v2.3.0-beta,1.54,Kolkata,22.5726,88.3639,1,normal,
3a739267-87a6-4430-ad67-3d669c09da43,POS-77B485D3,MER-340AFB,2026-08-08T07:13:57.521427,4628.52,0,16.0,v2.1.0,1.01,Delhi,28.7041,77.1025,1,normal,
ecc9b029-6378-4edc-8c95-39ffac157307,POS-849A1C0F,MER-D8D0DA,2026-08-08T07:14:29.139978,61.14,0,43.1,v2.1.0,2.6,Delhi,28.7041,77.1025,1,normal,
1b40a72d-2978-42fe-994a-11eaf4338be0,POS-70E04A75,MER-F51428,2026-08-08T07:46:51.989009,4116.81,1,365.1,v2.1.1,1.88,Pune,18.5204,73.8567,1,normal,
44bd1708-0e25-416b-a805-1f158ac2b1f8,POS-982191FD,MER-C18197,2026-08-08T07:59:18.089224,3795.12,0,417.5,v2.2.0,1.58,Delhi,28.7041,77.1025,1,normal,
6b132f5a-7c04-45f0-8a7d-446c7f1ab567,POS-62F7C65F,MER-BAFD17,2026-08-08T08:19:35.489786,3996.59,0,400.8,v2.1.0,2.32,Delhi,28.7041,77.1025,1,normal,
6abba2eb-c6a0-4863-8d62-773d47b2eeab,POS-055D6FBC,MER-294500,2026-08-08T08:25:45.495463,3824.9,0,403.8,v2.2.0,2.61,Kolkata,22.5726,88.3639,1,normal,
a7780c20-9c4b-4a2c-a875-8e9a085dee51,POS-4167FD28,MER-DA1B0B,2026-08-08T08:25:46.599668,1531.31,1,387.0,v2.1.0,2.38,Delhi,28.7041,77.1025,1,normal,
984e4837-a984-4768-b297-1bbd200a8360,POS-B66D5760,MER-221884,2026-08-08T08:26:52.045150,1997.8,1,472.4,v2.1.0,2.71,Hyderabad,17.385,78.4867,1,normal,
00550767-f8c1-4898-b453-77fa2cd46818,POS-24B8E3FE,MER-C60B06,2026-08-08T08:38:35.824625,595.1,0,231.9,v2.3.0-beta,2.19,Bengaluru,12.9716,77.5946,1,normal,
e1dbef62-520b-4511-8588-f83069490d43,POS-E566E75E,MER-4CD30C,2026-08-08T08:45:47.257376,3639.88,1,107.7,v2.2.0,1.27,Nagpur,21.1458,79.0882,1,normal,
2b8d51e9-1748-465a-beb4-aa16d4390360,POS-FB95985B,MER-7765F7,2026-08-08T08:48:42.295448,3385.34,1,292.3,v2.1.0,2.49,Hyderabad,17.385,78.4867,1,normal,
9ae1b8f7-4325-4eef-a0ed-1d4771d7f056,POS-6EAB7795,MER-39C88B,2026-08-08T08:50:46.858788,3110.84,1,257.9,v2.2.0,2.15,Chennai,13.0827,80.2707,1,normal,
2c843ae6-aede-45ae-9619-e6a78071d246,POS-5CD2AFE7,MER-C65F5C,2026-08-08T08:52:40.715748,1360.4,0,155.6,v2.3.0-beta,0.81,Hyderabad,17.385,78.4867,1,normal,
e2f7517b-7420-4ca2-b8ad-c4828eadac2f,POS-76F7895E,MER-F17607,2026-08-08T08:56:49.931567,4515.73,0,248.5,v2.1.1,1.65,Pune,18.5204,73.8567,1,normal,
2a8bacc5-a6d7-45fb-bdb0-e0d05c662f61,POS-0FF08306,MER-2B307F,2026-08-08T09:04:52.652616,1493.4,0,370.0,v2.1.1,1.11,Nagpur,21.1458,79.0882,1,normal,
6062f01a-8e16-484e-98bd-84f056199fe1,POS-CDFD9F1A,MER-243265,2026-08-08T09:11:01.074343,1732.26,0,305.7,v2.1.0,2.38,Bengaluru,12.9716,77.5946,1,normal,
9c568069-f666-4f85-abb4-4d3232dc8c2c,POS-CC8EC905,MER-15DD11,2026-08-08T09:13:37.160096,2766.98,0,1.4,v2.1.0,1.9,Hyderabad,17.385,78.4867,1,normal,
a2f4f458-da28-4c89-8230-248d30155c8d,POS-D122D405,MER-F03908,2026-08-08T09:16:45.799048,4761.52,1,56.1,v2.1.0,1.42,Mumbai,19.076,72.8777,1,normal,
cf8f58be-9bbb-4821-a19b-fdf33faecbc8,POS-C2744B6C,MER-4093C0,2026-08-08T09:22:46.085570,1445.1,1,366.3,v2.1.1,1.8,Nagpur,21.1458,79.0882,1,normal,
0efb6bd9-e87b-4591-b35c-34e1467d6e79,POS-D1DB24C2,MER-26B633,2026-08-08T09:25:20.583165,1895.51,0,173.1,v2.3.0-beta,1.27,Hyderabad,17.385,78.4867,1,normal,
678dd87a-0643-468c-acae-6c2f12b6a2ea,POS-73F6AE86,MER-2BE75A,2026-08-08T09:25:39.050797,1893.13,0,470.6,v2.3.0-beta,2.94,Chennai,13.0827,80.2707,1,normal,
34033b44-839f-4696-9699-af642cc015ba,POS-77136499,MER-3E00AA,2026-08-08T09:30:05.645903,2361.18,1,458.2,v2.3.0-beta,1.91,Bengaluru,12.9716,77.5946,1,normal,
fefbb63d-8c34-4268-ad5c-a78e30643779,POS-B27C0D31,MER-6BDAEB,2026-08-08T09:48:46.182314,1536.22,1,157.4,v2.1.1,3.0,Pune,18.5204,73.8567,1,normal,
357ea4a3-716d-42c7-aa1e-cdb02eaea040,POS-B41DA6C4,MER-9C5AB9,2026-08-08T09:51:40.077481,2421.02,8,429.7,v2.1.1,9.51,Mumbai,19.076,72.8777,1,fraud,retry_storm
45fbdf0a-d1c8-4053-b53a-c0b62984e72b,POS-0EF33479,MER-87BA54,2026-08-08T10:21:07.986405,1063.23,0,208.5,v2.1.1,0.63,Delhi,28.7041,77.1025,1,normal,
70e571a0-4359-4854-ae27-9ff84d243b84,POS-483FD0E6,MER-A77E7B,2026-08-08T10:24:30.351629,3521.94,0,238.9,v2.2.0,1.98,Kolkata,22.5726,88.3639,1,normal,
f311eee0-5aab-471a-b725-081066c0885c,POS-D7A7B0B8,MER-0542EB,2026-08-08T10:33:59.117997,3827.27,0,265.2,v2.1.1,1.5,Nagpur,21.1458,79.0882,1,normal,
cb517807-625e-434b-8649-059b92909ef5,POS-DEE4DD42,MER-D53081,2026-08-08T10:48:06.217908,1186.39,0,37.3,v2.1.0,1.09,Mumbai,19.076,72.8777,1,normal,
5ba3dcbc-2d46-49a2-b27e-99ac70442533,POS-81C99677,MER-2280B3,2026-08-08T10:58:02.052576,4175.52,0,160.2,v2.1.0,2.45,Nagpur,21.1458,79.0882,1,normal,
c11f69d4-ac7e-4da6-b960-cad65bd7f88d,POS-6C1EE20B,MER-F3F810,2026-08-08T11:08:13.429202,3678.14,0,422.8,v2.1.1,0.91,Bengaluru,12.9716,77.5946,1,normal,
e627b012-e110-47e2-81e5-1153a42ce5fc,POS-F66B7F18,MER-589763,2026-08-08T11:11:31.544175,1351.88,0,485.5,v2.2.0,2.14,Pune,18.5204,73.8567,1,normal,
059dd2ef-219c-45f4-95bf-af5b5293bde3,POS-1D6FD4E1,MER-F1C4E7,2026-08-08T11:16:03.693446,2850.29,0,479.9,v2.1.0,2.68,Chennai,13.0827,80.2707,1,normal,
762b47c0-8d9c-47db-9263-0b4401821ecb,POS-A320C8AA,MER-9451DE,2026-08-08T11:20:56.618639,2088.09,1,198.0,v2.2.0,0.91,Nagpur,21.1458,79.0882,1,normal,
0106f896-b3aa-4f75-ac36-d1a003f39934,POS-483FD0E6,MER-A77E7B,2026-08-08T11:53:23.766848,768.84,0,374.2,v2.2.0,2.5,Kolkata,22.5726,88.3639,1,normal,
242dcc33-45a4-46b7-ada8-8a2e92660258,POS-62F7C65F,MER-BAFD17,2026-08-08T11:59:57.621361,1988.57,0,466.3,v2.1.0,1.65,Delhi,28.7041,77.1025,1,normal,
f699ca7d-b560-42ae-9abd-620769ba9ccb,POS-FC0168BE,MER-ABA7C3,2026-08-08T12:04:13.817166,3049.83,0,167.3,v2.2.0,2.29,Hyderabad,17.385,78.4867,1,normal,
011365f9-fe8d-497b-9111-85d5d0de22bc,POS-BC2D02AD,MER-18BAD6,2026-08-08T12:05:32.523664,3219.59,0,297.4,v2.2.0,0.62,Kolkata,22.5726,88.3639,1,normal,
6b0b9399-7688-4e65-9023-675595738cd7,POS-CDFD9F1A,MER-243265,2026-08-08T12:08:11.332470,2711.08,1,304.0,v2.1.0,2.62,Bengaluru,12.9716,77.5946,1,normal,
839ce818-9dc4-4e3e-b516-0980fc5f5adc,POS-F66B7F18,MER-589763,2026-08-08T12:10:00.601548,4152.59,0,82.2,v2.2.0,0.68,Pune,18.5204,73.8567,1,normal,
b0848016-687d-4fdd-b116-20f867cd0224,POS-F79A698C,MER-2ED01B,2026-08-08T12:19:10.508061,2624.37,0,466.1,v2.1.1,1.68,Pune,18.5204,73.8567,1,normal,
2631a434-6d48-49d8-831a-95d76eaa7a88,POS-20AF02F8,MER-8C904C,2026-08-08T12:19:45.495108,3796.59,0,260.4,v2.1.0,0.8,Hyderabad,17.385,78.4867,1,normal,
a45809d4-e4e9-460b-b73f-5bc82fe96576,POS-D5B36245,MER-8A9DAF,2026-08-08T12:30:23.562416,4091.65,1,183.1,v2.1.1,2.83,Kolkata,22.5726,88.3639,1,normal,
2a84f2ff-b866-4127-8a8f-6140a01fd5bf,POS-F66B7F18,MER-589763,2026-08-08T13:03:38.973682,4667.62,0,490.4,v2.2.0,1.1,Pune,18.5204,73.8567,1,normal,
7ed8e747-ae6a-43c8-898a-4e5b7876646e,POS-5B84BAFA,MER-54F0E4,2026-08-08T13:34:55.677427,2064.28,0,461.8,v2.1.1,1.04,Chennai,13.0827,80.2707,1,normal,
614623dc-d5b6-43c8-a9f4-7262d4f05d3d,POS-3BF5E359,MER-A82822,2026-08-08T13:44:36.703214,569.76,0,88.7,v2.2.0,2.32,Mumbai,19.076,72.8777,1,normal,
beb4d2fe-cf9b-4d1c-b6ae-63a13ffbbb10,POS-4167FD28,MER-DA1B0B,2026-08-08T13:56:29.862513,620.03,0,376.5,v2.1.0,1.15,Delhi,28.7041,77.1025,1,normal,
915958ae-6e8b-4b79-a532-61dcf4d37a6a,POS-38B8A946,MER-7808DD,2026-08-08T14:05:49.937714,10.5,1,156.7,v2.3.0-beta,0.61,Nagpur,21.1458,79.0882,1,fraud,card_testing
f86b1365-418b-44d4-9fa9-2311e9a691e3,POS-38B8A946,MER-7808DD,2026-08-08T14:05:52.471230,5.38,2,279.2,v2.3.0-beta,0.41,Nagpur,21.1458,79.0882,1,fraud,card_testing
4b758f58-abc7-4085-8c43-7ffb15d008d4,POS-38B8A946,MER-7808DD,2026-08-08T14:05:54.113379,9.31,0,26.1,v2.3.0-beta,0.99,Nagpur,21.1458,79.0882,1,fraud,card_testing
a7fb987c-8c5b-4efd-919e-a879c2860d09,POS-38B8A946,MER-7808DD,2026-08-08T14:05:55.325045,11.87,1,146.5,v2.3.0-beta,1.32,Nagpur,21.1458,79.0882,1,fraud,card_testing
b841f288-a83c-4023-8864-3a1cf86be1db,POS-38B8A946,MER-7808DD,2026-08-08T14:06:00.249841,5.26,2,205.7,v2.3.0-beta,0.63,Nagpur,21.1458,79.0882,1,fraud,card_testing
48424f2f-3836-4ec2-9474-42328890a5e7,POS-38B8A946,MER-7808DD,2026-08-08T14:06:00.374059,18.15,0,439.4,v2.3.0-beta,1.21,Nagpur,21.1458,79.0882,1,fraud,card_testing
067a8fd5-52e5-460e-af85-57c44407406e,POS-38B8A946,MER-7808DD,2026-08-08T14:06:00.779993,9.3,1,472.3,v2.3.0-beta,0.35,Nagpur,21.1458,79.0882,1,fraud,card_testing
c9ec07ed-eb96-4c05-9bd9-837ebf5e2793,POS-38B8A946,MER-7808DD,2026-08-08T14:06:01.002999,1.39,2,260.0,v2.3.0-beta,0.6,Nagpur,21.1458,79.0882,1,fraud,card_testing
73f2eca7-a68c-4c9a-8462-cc598e74782c,POS-38B8A946,MER-7808DD,2026-08-08T14:06:02.437514,14.57,0,84.9,v2.3.0-beta,1.5,Nagpur,21.1458,79.0882,1,fraud,card_testing
74663f76-a47e-40c8-9175-3c5bfe089d58,POS-38B8A946,MER-7808DD,2026-08-08T14:06:02.650910,11.05,0,197.1,v2.3.0-beta,1.45,Nagpur,21.1458,79.0882,1,fraud,card_testing
8cace167-4c02-4a42-990d-f78d8bb51478,POS-38B8A946,MER-7808DD,2026-08-08T14:06:04.317623,16.84,1,489.8,v2.3.0-beta,0.63,Nagpur,21.1458,79.0882,1,fraud,card_testing
2412ec3d-6862-42ff-9beb-e0b3bbee0d8a,POS-38B8A946,MER-7808DD,2026-08-08T14:06:04.318864,14.81,2,469.5,v2.3.0-beta,0.48,Nagpur,21.1458,79.0882,1,fraud,card_testing
6a4ebe1b-d057-4d73-8e62-c68df5879cf3,POS-FE25FE86,MER-76524C,2026-08-08T14:07:31.590198,548.7,0,306.8,v2.1.0,1.15,Chennai,13.0827,80.2707,1,normal,
5a7f5a9d-d617-41f2-8381-a4d1928095b0,POS-4167FD28,MER-DA1B0B,2026-08-08T14:08:01.406336,249.9,1,234.2,v2.1.0,0.61,Delhi,28.7041,77.1025,1,normal,
9dd71124-a48c-42c3-ae58-b7028cab0429,POS-C2744B6C,MER-4093C0,2026-08-08T14:23:03.485624,4815.7,0,238.0,v2.1.1,1.86,Nagpur,21.1458,79.0882,1,normal,
ecc7058c-2cd5-4826-8efa-ca44e87f57f7,POS-00CFCF07,MER-73C8B8,2026-08-08T14:23:59.988048,3930.26,0,370.1,v2.3.0-beta,1.29,Kolkata,22.5726,88.3639,1,normal,
14160fac-8f4a-4e3b-9121-c5ba45c365ad,POS-FE25FE86,MER-76524C,2026-08-08T14:35:59.824337,2261.72,1,100.1,v2.1.0,2.43,Chennai,13.0827,80.2707,1,normal,
9ed2f72e-4e4f-420b-a8b6-c88f0c0703b3,POS-34F01FAC,MER-FE16C9,2026-08-08T14:55:22.938056,4989.21,0,477.6,v2.1.1,2.9,Chennai,13.0827,80.2707,1,normal,
2e834df1-9ed0-46d9-ab42-33b34a0fd5c3,POS-7B3948DF,MER-2C19A0,2026-08-08T15:04:42.656702,4119.51,0,237.5,v2.1.0,1.83,Mumbai,19.076,72.8777,1,normal,
421be8d9-17d4-4942-b7fe-2526133afd6e,POS-36A2CBE2,MER-7D9478,2026-08-08T15:07:14.956086,4461.03,0,313.8,v2.1.1,1.56,Mumbai,19.076,72.8777,1,normal,
3382b6d3-5909-4f3a-898e-98bef8c586fc,POS-F5C825B8,MER-3430AF,2026-08-08T15:08:31.678943,3911.6,0,174.6,v2.1.1,2.54,Pune,18.5204,73.8567,1,normal,
9ef94373-edd4-4c1e-9f60-ee654f4ae249,POS-0E673AA4,MER-A73341,2026-08-08T15:19:05.655747,4902.32,0,169.5,v2.2.0,2.09,Hyderabad,17.385,78.4867,1,normal,
5025f957-f43c-4c26-9702-b084472f34ba,POS-CBC618C2,MER-07EDD3,2026-08-08T15:21:43.075657,1612.66,0,49.6,v2.3.0-beta,1.83,Mumbai,19.076,72.8777,1,normal,
428761d5-e685-4b72-8dcd-be1cc2dd3602,POS-2D6C822A,MER-CA6F11,2026-08-08T15:30:27.822390,4044.12,1,105.1,v2.1.0,1.2,Kolkata,22.5726,88.3639,1,normal,
580889b4-1a57-4805-a0b5-6f5334e97a26,POS-B37501A9,MER-DC9CFB,2026-08-08T15:37:12.096648,241.69,1,112.0,v2.2.0,2.54,Bengaluru,12.9716,77.5946,1,normal,
0eef7db0-59c4-46a8-b6e5-f785797c687b,POS-24B8E3FE,MER-C60B06,2026-08-08T15:39:49.794218,3412.06,0,152.1,v2.3.0-beta,2.06,Bengaluru,12.9716,77.5946,1,normal,
455f263d-6f8a-4c57-9351-09b4d1797144,POS-BB11FCF8,MER-275B28,2026-08-08T15:55:44.044544,2769.23,1,266.7,v2.1.0,2.55,Mumbai,19.076,72.8777,1,normal,
fadc06c4-1a87-421e-bbde-fd495e769d0a,POS-0E673AA4,MER-A73341,2026-08-08T16:00:34.716541,3282.87,1,205.7,v2.2.0,2.09,Hyderabad,17.385,78.4867,1,normal,
fc12fabd-c5f8-4a16-9fb5-45915dd3238a,POS-0E2B0643,MER-16DFEB,2026-08-08T16:42:59.347786,2849.76,0,381.7,v2.3.0-beta,2.89,Bengaluru,12.9716,77.5946,1,normal,
138acf3e-6e8a-4de3-83eb-13a80692af19,POS-862B6369,MER-4CCB87,2026-08-08T16:45:09.603444,1791.24,0,412.0,v2.1.1,2.21,Nagpur,21.1458,79.0882,1,normal,
102c2fe2-9b7b-411f-848d-e2bf9b40b9ae,POS-52FC2A7B,MER-31B3EE,2026-08-08T17:04:34.893916,2289.54,0,390.2,v2.1.1,0.97,Delhi,28.7041,77.1025,1,normal,
3ed0fa7b-59bc-41d7-9556-b26d574af8de,POS-87D47970,MER-BF7D1A,2026-08-08T17:13:13.615307,2724.17,0,13.3,v2.1.0,1.79,Pune,18.5204,73.8567,1,normal,
530f354f-c76f-4a66-9553-0fd56fe2148c,POS-A9C6662D,MER-C0726A,2026-08-08T17:19:04.084304,3335.26,0,248.2,v2.3.0-beta,0.59,Pune,18.5204,73.8567,1,normal,
cd5edc7c-47af-4f18-9863-07cc2384550a,POS-CDFD9F1A,MER-243265,2026-08-08T17:21:35.051981,453.95,0,15.1,v2.1.0,2.83,Bengaluru,12.9716,77.5946,1,normal,
a9f7cc29-c759-4766-8187-a734e5df1951,POS-E566E75E,MER-4CD30C,2026-08-08T17:40:56.493970,4202.92,1,183.3,v2.2.0,2.21,Nagpur,21.1458,79.0882,1,normal,
3d104ec1-3392-46a9-bb23-f931e828b806,POS-03C6BBBA,MER-C61A54,2026-08-08T17:52:22.290252,4506.21,0,271.0,v2.3.0-beta,2.9,Nagpur,21.1458,79.0882,1,normal,
5b9ace58-bb2c-4c5d-bb5c-294044d10060,POS-F79A698C,MER-2ED01B,2026-08-08T17:54:20.756466,3735.43,0,386.5,v2.1.1,0.61,Pune,18.5204,73.8567,1,normal,
26efd681-9da9-46ab-b41f-1f74114a77c0,POS-CC26C0E8,MER-0D1C10,2026-08-08T17:57:11.634858,15.58,0,412.9,v2.1.0,1.47,Delhi,28.7041,77.1025,1,fraud,card_testing
a1851685-0d30-4705-bb61-e7e63747b96d,POS-CC26C0E8,MER-0D1C10,2026-08-08T17:57:14.629757,18.05,1,216.6,v2.1.0,0.98,Delhi,28.7041,77.1025,1,fraud,card_testing
3cd9b633-bf09-45d1-b0f5-aad7515caaf6,POS-CC26C0E8,MER-0D1C10,2026-08-08T17:57:16.650780,10.12,2,456.2,v2.1.0,1.08,Delhi,28.7041,77.1025,1,fraud,card_testing
6b804061-ef0e-4fb9-a708-785ad753c292,POS-CC26C0E8,MER-0D1C10,2026-08-08T17:57:19.412233,4.08,2,402.0,v2.1.0,0.34,Delhi,28.7041,77.1025,1,fraud,card_testing
1a86f92b-2192-49e1-9d39-c6054c87898c,POS-CC26C0E8,MER-0D1C10,2026-08-08T17:57:20.098751,18.46,1,474.9,v2.1.0,0.6,Delhi,28.7041,77.1025,1,fraud,card_testing
93dc55d4-8233-4afc-bb58-502e043ca5d7,POS-CC26C0E8,MER-0D1C10,2026-08-08T17:57:23.207139,4.88,1,444.4,v2.1.0,0.45,Delhi,28.7041,77.1025,1,fraud,card_testing
a9456743-3fef-4c93-8121-73b48fe3d77b,POS-CC26C0E8,MER-0D1C10,2026-08-08T17:57:26.756036,1.15,0,108.5,v2.1.0,1.06,Delhi,28.7041,77.1025,1,fraud,card_testing
65cfcfd5-e8be-464a-86e5-f18040d99ef0,POS-CC26C0E8,MER-0D1C10,2026-08-08T17:57:26.856061,1.73,0,393.9,v2.1.0,0.45,Delhi,28.7041,77.1025,1,fraud,card_testing
e0d3c26d-d903-4812-acfa-e3089c77bd4e,POS-CC26C0E8,MER-0D1C10,2026-08-08T17:57:28.461012,18.82,1,242.5,v2.1.0,1.1,Delhi,28.7041,77.1025,1,fraud,card_testing
98e34534-2757-46b8-8f51-5c76f0388fd4,POS-CC26C0E8,MER-0D1C10,2026-08-08T17:57:29.372255,7.54,2,218.7,v2.1.0,0.87,Delhi,28.7041,77.1025,1,fraud,card_testing
ecca7d4b-50c1-42a8-afc2-44c33a358eba,POS-CC26C0E8,MER-0D1C10,2026-08-08T17:57:31.097649,9.08,0,92.9,v2.1.0,1.33,Delhi,28.7041,77.1025,1,fraud,card_testing
1c242dbe-675a-4d07-838d-c4812b5eb02e,POS-CC26C0E8,MER-0D1C10,2026-08-08T17:57:38.683393,11.61,1,409.4,v2.1.0,0.75,Delhi,28.7041,77.1025,1,fraud,card_testing
a78bfc1b-0bdb-46c3-b34d-0358dd5b6bf4,POS-B41DA6C4,MER-9C5AB9,2026-08-08T18:08:37.638606,469.26,0,286.4,v2.1.1,0.92,Mumbai,19.076,72.8777,1,normal,
6e99cd12-5bf9-4098-bcea-417b5df55e3f,POS-1AF2A398,MER-9A9BF3,2026-08-08T18:10:17.825857,3185.31,0,73.9,v2.1.1,0.82,Chennai,13.0827,80.2707,1,normal,
7d42095d-3719-41ff-b430-f2723e0c506e,POS-32F79BA7,MER-9F2DF0,2026-08-08T18:17:04.893990,4593.61,0,20.9,v2.2.0,2.12,Hyderabad,17.385,78.4867,1,normal,
fc6e0b15-18b7-41e8-9f01-6261a46c4a91,POS-9CD505AA,MER-1F157D,2026-08-08T18:28:53.014033,2041.86,0,61.2,v2.1.1,1.73,Pune,18.5204,73.8567,1,normal,
3a3f19f9-1a78-4bcb-b8c9-dd3d6ad0d9ec,POS-8E784FDD,MER-40A230,2026-08-08T18:42:59.727453,4522.76,0,65.8,v2.1.0,1.01,Pune,18.5204,73.8567,1,normal,
fe9201f2-0061-48d8-b323-d41264279932,POS-1B73B11B,MER-95FEFA,2026-08-08T18:55:33.999680,2923.66,0,322.9,v2.2.0,2.73,Hyderabad,17.385,78.4867,1,normal,
1719f2e1-368c-4c38-9380-2a4e57d5ef0c,POS-CC66C62A,MER-6E235F,2026-08-08T18:56:55.932288,3860.49,0,428.5,v2.2.0,2.41,Hyderabad,17.385,78.4867,1,normal,
af834798-08e8-4bd0-8947-2509c95a2fa0,POS-0BC87AB9,MER-FCAB0C,2026-08-08T18:59:18.071536,4071.97,1,329.5,v2.1.0,1.49,Nagpur,21.1458,79.0882,1,normal,
2d4f1a4b-74f1-4580-aa61-346e1a0a7f1b,POS-EDC02D19,MER-6176CA,2026-08-08T19:10:15.821012,1634.21,1,446.6,v2.1.0,1.14,Chennai,13.0827,80.2707,1,normal,
cdf285a0-512b-45c8-a4a1-19f31520d8f2,POS-70A8C312,MER-778AE7,2026-08-08T19:32:33.607608,4633.92,0,202.9,v2.1.0,2.96,Chennai,13.0827,80.2707,1,normal,
d15f523b-a7ce-4826-b91e-6cb810161892,POS-D5B36245,MER-8A9DAF,2026-08-08T19:33:04.037129,3189.76,0,155.8,v2.1.1,1.59,Kolkata,22.5726,88.3639,1,normal,
9192b558-c5de-4ba4-a2be-41b5a56a1b64,POS-CC66C62A,MER-6E235F,2026-08-08T19:40:47.419914,1007.19,0,36.2,v2.2.0,2.91,Hyderabad,17.385,78.4867,1,normal,
3311fdf8-6776-474b-9479-a21ff8229707,POS-C9DBE224,MER-11AEAE,2026-08-08T19:41:33.317846,2115.61,0,155.4,v2.3.0-beta,0.6,Bengaluru,12.9716,77.5946,1,normal,
3ed90355-31b0-4ac4-869d-8bb5b1ea0a93,POS-B41DA6C4,MER-9C5AB9,2026-08-08T19:43:49.911823,4948.5,0,268.7,v2.1.1,1.7,Mumbai,19.076,72.8777,1,normal,
8315889b-0da0-4e82-a249-3de446949c2e,POS-8BA2BC27,MER-CDDE89,2026-08-08T19:55:40.072657,1021.92,0,302.7,v2.1.1,0.97,Bengaluru,12.9716,77.5946,1,normal,
8a4ac410-4d2c-4348-b79c-4101153466ff,POS-D780167B,MER-226112,2026-08-08T20:06:57.179111,551.46,0,248.1,v2.3.0-beta,0.93,Kolkata,22.5726,88.3639,1,normal,
9ccf432e-62e0-48fc-963e-1f043ae80a32,POS-D1DB24C2,MER-26B633,2026-08-08T20:07:12.162396,3538.15,1,308.5,v2.3.0-beta,1.28,Hyderabad,17.385,78.4867,1,normal,
64b01bf2-2d10-4241-afb8-e5fd2333801a,POS-52FC2A7B,MER-31B3EE,2026-08-08T20:11:48.914924,3513.09,0,394.6,v2.1.1,2.71,Delhi,28.7041,77.1025,1,normal,
2f68882e-8073-4d8e-bfa0-5c12b1b77714,POS-6B16F045,MER-ECDE68,2026-08-08T20:27:48.857392,3269.79,1,15.4,v2.3.0-beta,2.01,Delhi,28.7041,77.1025,1,normal,
31bb63b9-f299-4491-944e-166c6baa6f63,POS-43D83AB1,MER-C30AE6,2026-08-08T20:43:23.570861,2988.29,0,71.0,v2.2.0,2.57,Kolkata,22.5726,88.3639,1,normal,
47f79e66-38eb-4876-b86b-686449386ded,POS-AE4DEB2A,MER-78544D,2026-08-08T20:46:05.968791,2349.31,0,152.4,v2.2.0,1.84,Nagpur,21.1458,79.0882,1,normal,
e328ef8e-b91c-4937-80b8-fc836eb23ecc,POS-7F1981DF,MER-B33B9B,2026-08-08T21:51:29.142325,1666.72,0,322.2,v2.2.0,1.31,Nagpur,21.1458,79.0882,1,normal,
1743140f-055d-4f66-ba17-77745fd1bfaa,POS-38B8A946,MER-7808DD,2026-08-08T21:54:31.486982,1580.47,1,248.7,v2.3.0-beta,1.24,Nagpur,21.1458,79.0882,1,normal,
4dd45f35-acad-4d08-9d86-3fa2b72cc3af,POS-B7140521,MER-A41052,2026-08-08T21:57:35.476806,1095.96,0,285.8,v2.1.0,0.95,Nagpur,21.1458,79.0882,1,normal,
9eefd16a-cd61-48f8-b3cf-8dd0cd4deee0,POS-D1DB24C2,MER-26B633,2026-08-08T22:13:40.191271,2457.47,0,416.0,v2.3.0-beta,0.65,Hyderabad,17.385,78.4867,1,normal,
f0fb27de-c14f-43d7-b92a-87137d2c7f85,POS-F1C56238,MER-7963AE,2026-08-08T22:15:26.942743,2637.18,0,60.5,v2.2.0,1.49,Kolkata,22.5726,88.3639,1,normal,
a1f38704-350b-4d15-92a3-7026a59a7ec2,POS-B93996C3,MER-901889,2026-08-08T22:24:13.238497,103.15,0,354.8,v2.3.0-beta,0.84,Delhi,28.7041,77.1025,1,normal,
44ab3ebb-9f3e-4900-84a2-767300e4dc4b,POS-A8756576,MER-414EF8,2026-08-08T22:27:24.752419,2535.73,0,424.1,v2.1.0,2.52,Pune,18.5204,73.8567,1,normal,
0668270f-68d7-4c0c-8254-326f45170b7b,POS-A9C6662D,MER-C0726A,2026-08-08T22:35:45.406321,4228.99,0,57.3,v2.3.0-beta,2.81,Pune,18.5204,73.8567,1,normal,
d8351e4d-0afc-449a-87d3-c838f27b4347,POS-8D15D2C5,MER-4A3FBD,2026-08-08T22:52:48.440372,2951.49,0,259.7,v2.1.0,0.97,Nagpur,21.1458,79.0882,1,normal,
f2593318-c204-4b19-afc6-f310bb2e6380,POS-A77B64DE,MER-1A5D0B,2026-08-08T22:57:30.782720,3056.77,0,193.8,v2.1.0,2.21,Kolkata,22.5726,88.3639,1,normal,
f0e93ab0-de4e-4316-8e31-1810dc7a74ea,POS-77136499,MER-3E00AA,2026-08-08T23:21:42.608690,787.31,0,425.0,v2.3.0-beta,1.18,Bengaluru,12.9716,77.5946,1,normal,
0816478a-96e7-443f-99e9-cf60df80ac28,POS-A8756576,MER-414EF8,2026-08-08T23:27:07.482743,931.15,1,45.5,v2.1.0,2.63,Pune,18.5204,73.8567,1,normal,
8bd0b07e-2112-4a75-9470-f895c5f67205,POS-F5C825B8,MER-3430AF,2026-08-09T00:21:36.220118,191.35,0,461.3,v2.1.1,2.72,Pune,18.5204,73.8567,1,normal,
4bb764a1-4733-4fe9-ab87-0fe3ea72ef6f,POS-7F1981DF,MER-B33B9B,2026-08-09T00:51:46.711149,272.67,0,170.6,v2.2.0,0.95,Nagpur,21.1458,79.0882,1,normal,
81100ee4-32f4-4ee0-943a-415aae29b19a,POS-B66D5760,MER-221884,2026-08-09T00:59:27.882737,362.74,1,448.4,v2.1.0,2.83,Hyderabad,17.385,78.4867,1,normal,
bba599fc-1465-476c-a3df-d47d6850b0d1,POS-4FA685DF,MER-202A96,2026-08-09T01:03:10.553091,4456.42,0,279.1,v2.3.0-beta,2.78,Hyderabad,17.385,78.4867,1,normal,
c281f06f-215b-4156-b87b-921e12de87fd,POS-A8756576,MER-414EF8,2026-08-09T01:22:06.136266,3761.52,0,227.9,v2.1.0,1.72,Pune,18.5204,73.8567,1,normal,
8e1cf61b-6641-4966-88f4-825355eb7eea,POS-1AF2A398,MER-9A9BF3,2026-08-09T01:29:49.665610,1624.72,0,219.3,v2.1.1,0.75,Chennai,13.0827,80.2707,1,normal,
2b52a45f-ce8c-4cf8-a6f4-49a7f4fe4c79,POS-D1DB24C2,MER-26B633,2026-08-09T01:37:43.934128,4828.37,1,3.3,v2.3.0-beta,1.83,Hyderabad,17.385,78.4867,1,normal,
9f5c52b7-0912-449b-9919-7ba146ee13d5,POS-8BA2BC27,MER-CDDE89,2026-08-09T02:01:18.635896,2821.25,0,204.5,v2.1.1,2.25,Bengaluru,12.9716,77.5946,1,normal,
f1b3f554-9073-4824-8deb-31c1d54efc2d,POS-5B84BAFA,MER-54F0E4,2026-08-09T02:07:22.744425,3218.7,0,58.5,v2.1.1,0.55,Chennai,13.0827,80.2707,1,normal,
bdff58d6-8411-49dd-8d85-3efc6788e214,POS-383A0EE8,MER-ECE86F,2026-08-09T02:10:11.585374,2974.31,0,135.4,v2.1.1,2.04,Mumbai,19.076,72.8777,1,normal,
4bfec42b-cfb3-4694-b087-96a96ee98c17,POS-D1DB24C2,MER-26B633,2026-08-09T02:20:09.775523,257.04,1,360.4,v2.3.0-beta,1.49,Hyderabad,17.385,78.4867,1,normal,
2b449f56-524d-42a9-864c-e16693fc4e93,POS-87CA5368,MER-503568,2026-08-09T02:33:08.980681,4254.78,0,122.4,v2.3.0-beta,2.51,Pune,18.5204,73.8567,1,normal,
dea5c403-5e95-4f32-800a-72273ee28dae,POS-F5C825B8,MER-3430AF,2026-08-09T02:42:55.045780,4963.86,1,311.0,v2.1.1,1.86,Pune,18.5204,73.8567,1,normal,
446797e2-8bf6-41ad-b690-d5191d1a728e,POS-EDC02D19,MER-6176CA,2026-08-09T02:49:41.708958,732.6,0,166.1,v2.1.0,0.63,Chennai,13.0827,80.2707,1,normal,
f1e4cebd-7f1e-45fa-96e1-ff8f5261e2aa,POS-DEE4DD42,MER-D53081,2026-08-09T03:07:37.547572,1598.05,0,317.7,v2.1.0,0.69,Mumbai,19.076,72.8777,1,normal,
711ad1e1-7d30-46b3-bd34-156a4a761865,POS-7F1981DF,MER-B33B9B,2026-08-09T03:14:02.632334,1015.15,0,56.6,v2.2.0,2.78,Nagpur,21.1458,79.0882,1,normal,
53b39a7e-9be4-4b16-8866-414a05882cb2,POS-A320C8AA,MER-9451DE,2026-08-09T03:15:18.024435,1680.32,0,182.0,v2.2.0,1.33,Nagpur,21.1458,79.0882,1,normal,
8a7e1c74-ad9f-479f-9dcf-063641037467,POS-A275E8CD,MER-DFFA45,2026-08-09T03:18:56.076273,4678.41,1,239.2,v2.1.1,1.0,Kolkata,22.5726,88.3639,1,normal,
b9a3a94e-8ac3-49fd-84b9-7e1e409eaf95,POS-70E04A75,MER-F51428,2026-08-09T03:26:09.018289,2009.57,0,341.4,v2.1.1,2.56,Pune,18.5204,73.8567,1,normal,
2ec95b51-0914-4bd5-93f7-3deb5145a61b,POS-DEE4DD42,MER-D53081,2026-08-09T03:40:04.014127,835.03,0,439.8,v2.1.0,2.39,Mumbai,19.076,72.8777,1,normal,
1690c685-34cf-4923-bd31-acaac7496a73,POS-B9828EE6,MER-E676A0,2026-08-09T04:05:47.813146,2248.46,0,369.8,v2.2.0,1.46,Pune,18.5204,73.8567,1,normal,
52f8b670-5b38-4c34-829c-a5d0ace20256,POS-DEE4DD42,MER-D53081,2026-08-09T04:07:29.916659,5967.04,1,1.6,v2.1.0,4.81,Nagpur,21.1458,79.0882,0,fraud,device_spoof
0ded1bc8-6757-4241-ac5c-7b12f198b37d,POS-4167FD28,MER-DA1B0B,2026-08-09T04:14:44.293357,577.59,1,326.1,v2.1.0,1.13,Delhi,28.7041,77.1025,1,normal,
864bd667-87a4-4961-bb09-905aa55bbbe4,POS-D2E37BD7,MER-94832D,2026-08-09T04:15:22.065096,3856.41,1,187.9,v2.3.0-beta,2.73,Kolkata,22.5726,88.3639,1,normal,
b29d2119-be2d-4872-a543-2b9206b24ccf,POS-47CB19EB,MER-7848E9,2026-08-09T04:25:03.488749,100.63,1,189.2,v2.2.0,2.61,Bengaluru,12.9716,77.5946,1,normal,
0ef28bbe-e5e1-4480-a895-d95ae02fb458,POS-CBC618C2,MER-07EDD3,2026-08-09T04:42:34.346454,2883.9,0,268.5,v2.3.0-beta,2.45,Mumbai,19.076,72.8777,1,normal,
02120884-27e2-46cb-930a-9579f9b854d5,POS-5190E155,MER-85B4C2,2026-08-09T04:48:15.112146,4755.66,1,86.7,v2.1.0,2.57,Delhi,28.7041,77.1025,1,normal,
e10e7e30-f9d2-4367-ac0d-898dcf1b944a,POS-DEE4DD42,MER-D53081,2026-08-09T05:22:19.129442,1434.95,0,257.0,v2.1.0,2.9,Mumbai,19.076,72.8777,1,normal,
7b91abb0-7496-4cd0-9df6-5506d83dd963,POS-B81706F4,MER-CC7ACE,2026-08-09T05:36:43.308690,1746.82,0,243.6,v2.3.0-beta,2.16,Nagpur,21.1458,79.0882,1,normal,
a81ba975-1052-4883-98c2-5363a7e02508,POS-CC26C0E8,MER-0D1C10,2026-08-09T05:43:34.353220,329.42,0,124.6,v2.1.0,2.12,Delhi,28.7041,77.1025,1,normal,
69679836-a168-41dd-b773-8f15467fdc95,POS-52FC2A7B,MER-31B3EE,2026-08-09T05:51:28.176067,820.8,0,1.0,v2.1.1,2.54,Delhi,28.7041,77.1025,1,normal,
90e2a36e-b1ec-4197-a43c-90c64bd434d9,POS-38B8A946,MER-7808DD,2026-08-09T06:12:31.234491,4111.07,1,4.8,v2.3.0-beta,1.44,Nagpur,21.1458,79.0882,1,normal,
1c98f387-8ad0-4229-a506-2c89f702e8db,POS-34F01FAC,MER-FE16C9,2026-08-09T06:13:15.069715,1059.26,1,436.5,v2.1.1,2.34,Chennai,13.0827,80.2707,1,normal,
4af93944-a129-45ea-b266-faf9e3f61717,POS-CDFD9F1A,MER-243265,2026-08-09T06:13:36.305843,3998.62,0,495.3,v2.1.0,1.42,Bengaluru,12.9716,77.5946,1,normal,
100585d9-331f-486e-acf0-1eaae6503f4d,POS-982191FD,MER-C18197,2026-08-09T06:20:58.257535,3929.75,1,90.2,v2.2.0,1.9,Delhi,28.7041,77.1025,1,normal,
d5060e03-4f58-45a6-91e3-e9edd1724d14,POS-CD16D1EF,MER-7BDF7F,2026-08-09T06:21:45.965198,2820.35,0,102.0,v2.1.0,1.25,Mumbai,19.076,72.8777,1,normal,
b6fcd828-63e6-4353-bb94-b36cc35cb2ab,POS-D1DB24C2,MER-26B633,2026-08-09T06:26:11.475595,2076.08,1,476.0,v2.3.0-beta,1.79,Hyderabad,17.385,78.4867,1,normal,
6f578a9f-81aa-452b-ab5d-6be91436fd1d,POS-FD4A2FB5,MER-DB7A61,2026-08-09T06:42:48.936162,3794.46,0,277.2,v2.1.1,2.6,Delhi,28.7041,77.1025,1,normal,
a134fb43-07f0-4e8e-88f6-15e2c88af9fa,POS-B66D5760,MER-221884,2026-08-09T06:44:23.089098,1702.27,0,6.6,v2.1.0,1.0,Hyderabad,17.385,78.4867,1,normal,
21b10c29-e75c-4991-a23d-8c34cdb050da,POS-D9E1B170,MER-4FA9A0,2026-08-09T06:44:44.839001,1791.06,1,262.1,v2.1.1,2.41,Delhi,28.7041,77.1025,1,normal,
30dc9154-cee1-42e0-87a3-1921e60131c3,POS-D9E1B170,MER-4FA9A0,2026-08-09T06:55:54.067004,3167.34,0,359.5,v2.1.1,1.46,Delhi,28.7041,77.1025,1,normal,
b1ce5fa7-cfe2-4c3d-98f9-65dc70e2448c,POS-75E7B52C,MER-837894,2026-08-09T07:08:11.724112,1687.86,1,208.5,v2.2.0,1.02,Chennai,13.0827,80.2707,1,normal,
7e73f346-f885-432c-8d0a-a01de1f7706a,POS-1AF2A398,MER-9A9BF3,2026-08-09T07:13:31.166728,938.91,1,229.5,v2.1.1,2.78,Chennai,13.0827,80.2707,1,normal,
169ed8d3-24a0-491b-9738-75ab3b93862c,POS-D1DB24C2,MER-26B633,2026-08-09T07:43:11.606033,4779.95,1,396.4,v2.3.0-beta,1.62,Hyderabad,17.385,78.4867,1,normal,
1fed3aba-f3df-4833-87bc-84b4ddf6794a,POS-C72F113B,MER-DDFFD5,2026-08-09T07:50:44.874880,114.19,0,316.1,v2.3.0-beta,1.35,Bengaluru,12.9716,77.5946,1,normal,
9643b72d-caa6-4df4-998f-021ead08ca9f,POS-43D83AB1,MER-C30AE6,2026-08-09T07:50:57.841553,3959.16,0,274.5,v2.2.0,0.72,Kolkata,22.5726,88.3639,1,normal,
8888575a-b693-4170-b3b8-816b6cfe9303,POS-D780167B,MER-226112,2026-08-09T07:51:42.441701,3355.23,0,33.4,v2.3.0-beta,2.56,Kolkata,22.5726,88.3639,1,normal,
24c79b58-bd3a-4f3d-abde-950af9f1dfcd,POS-B37501A9,MER-DC9CFB,2026-08-09T08:08:21.564422,932.33,0,305.9,v2.2.0,2.23,Bengaluru,12.9716,77.5946,1,normal,
9b08fff2-0eb2-4e35-af2c-aa33d578f2da,POS-AD42C2FB,MER-96DF46,2026-08-09T08:18:42.803588,2830.35,0,386.7,v2.1.1,0.6,Mumbai,19.076,72.8777,1,normal,
193b592b-0861-4375-8306-323c5483aff9,POS-74235C6B,MER-4BCD8F,2026-08-09T08:19:12.005429,2885.85,1,485.3,v2.1.1,2.77,Pune,18.5204,73.8567,1,normal,
65e3b740-1b5b-4b81-b4e3-a51312ef79ef,POS-77136499,MER-3E00AA,2026-08-09T08:34:48.682794,2471.06,1,368.8,v2.3.0-beta,2.71,Bengaluru,12.9716,77.5946,1,normal,
fc98bfa4-7f3c-43fd-a9a4-222899af5dce,POS-2F039298,MER-2CFF75,2026-08-09T08:37:31.465220,4655.96,0,333.5,v2.3.0-beta,1.03,Bengaluru,12.9716,77.5946,1,normal,
c13bce5e-ff7d-40a4-b047-c2b4f1693095,POS-C72F113B,MER-DDFFD5,2026-08-09T08:43:35.032345,3016.28,0,385.5,v2.3.0-beta,2.08,Bengaluru,12.9716,77.5946,1,normal,
4ff1b673-893d-4d12-b969-0c6fb4a2b921,POS-EEE16951,MER-D3A1BB,2026-08-09T08:47:55.952659,2072.19,0,15.4,v2.3.0-beta,2.94,Bengaluru,12.9716,77.5946,1,normal,
e4e831b5-ed94-4080-8369-c71b3ec12fdf,POS-E9D66DA1,MER-38119E,2026-08-09T08:56:36.225487,2700.8,1,286.8,v2.1.1,1.09,Pune,18.5204,73.8567,1,normal,
7de9512c-ed3e-405f-a33c-a526c3f94b78,POS-FE25FE86,MER-76524C,2026-08-09T09:09:52.606411,3773.37,0,427.3,v2.1.0,1.2,Chennai,13.0827,80.2707,1,normal,
73f4a483-2339-4dd9-bc51-b177339912aa,POS-FD4A2FB5,MER-DB7A61,2026-08-09T09:10:51.029901,3724.23,0,442.8,v2.1.1,2.14,Delhi,28.7041,77.1025,1,normal,
fa4fa578-d394-4de0-a9a4-c6d760ec8107,POS-BC46E34D,MER-0DC332,2026-08-09T09:13:57.771027,3231.13,0,315.7,v2.2.0,2.51,Mumbai,19.076,72.8777,1,normal,
fb0e48ea-e632-4311-b330-6ca3b1859ab7,POS-A275E8CD,MER-DFFA45,2026-08-09T09:14:05.250824,914.46,0,371.2,v2.1.1,2.53,Kolkata,22.5726,88.3639,1,normal,
28b3111a-fcfb-4e6b-bab6-9a3665ed98a7,POS-32F79BA7,MER-9F2DF0,2026-08-09T09:22:00.200910,4564.92,0,25.3,v2.2.0,1.23,Hyderabad,17.385,78.4867,1,normal,
d38d16bd-7eee-4136-b0ce-6be9adbf97e0,POS-EF533CFF,MER-837BC2,2026-08-09T09:23:57.162455,1582.12,1,145.1,v2.2.0,0.95,Nagpur,21.1458,79.0882,1,normal,
f2999c12-3553-4808-9117-9f5053610311,POS-D2E37BD7,MER-94832D,2026-08-09T09:24:18.478438,2263.51,0,331.5,v2.3.0-beta,0.79,Kolkata,22.5726,88.3639,1,normal,
e81cbced-ac17-49b1-a933-353f4e722c54,POS-28402991,MER-833A0C,2026-08-09T09:31:10.549225,1737.44,0,156.5,v2.1.1,1.31,Hyderabad,17.385,78.4867,1,normal,
25730efd-cef4-469b-bf98-0213aea32916,POS-862B6369,MER-4CCB87,2026-08-09T10:01:05.876706,549.85,0,311.8,v2.1.1,2.25,Nagpur,21.1458,79.0882,1,normal,
a89bd573-edbf-4279-9f6b-9cd54ef9b43e,POS-6C1EE20B,MER-F3F810,2026-08-09T10:07:32.717688,2773.11,0,163.1,v2.1.1,2.41,Bengaluru,12.9716,77.5946,1,normal,
3942bf01-a495-413f-bcac-80a6df499e74,POS-FB95985B,MER-7765F7,2026-08-09T10:33:43.858148,1613.46,0,134.7,v2.1.0,2.12,Hyderabad,17.385,78.4867,1,normal,
96d71198-e039-4011-be76-9cc40e898f77,POS-BC359428,MER-C5AB1A,2026-08-09T10:37:07.523358,3187.58,0,369.1,v2.1.0,1.3,Kolkata,22.5726,88.3639,1,normal,
e8839dca-305e-4a47-8816-9dc2bcadb396,POS-8BA2BC27,MER-CDDE89,2026-08-09T10:40:45.125897,15.16,2,2.1,v2.1.1,0.31,Bengaluru,12.9716,77.5946,1,fraud,card_testing
fb904150-028e-4aee-8e94-92ddc53046c5,POS-8BA2BC27,MER-CDDE89,2026-08-09T10:40:48.257209,2.83,1,316.3,v2.1.1,0.69,Bengaluru,12.9716,77.5946,1,fraud,card_testing
8be1ecff-0763-4da7-be2c-735523498a1e,POS-8BA2BC27,MER-CDDE89,2026-08-09T10:40:48.934636,15.21,2,169.0,v2.1.1,0.95,Bengaluru,12.9716,77.5946,1,fraud,card_testing
4b4e8150-5c17-4418-a292-e785044f7d6e,POS-8BA2BC27,MER-CDDE89,2026-08-09T10:40:49.148829,7.75,2,81.8,v2.1.1,0.8,Bengaluru,12.9716,77.5946,1,fraud,card_testing
f276d6c1-7b14-49df-8656-1de8ee1368c0,POS-8BA2BC27,MER-CDDE89,2026-08-09T10:40:49.741041,5.64,2,449.7,v2.1.1,0.96,Bengaluru,12.9716,77.5946,1,fraud,card_testing
bbed6d43-2e57-465c-9533-cf6b28a59602,POS-8BA2BC27,MER-CDDE89,2026-08-09T10:40:59.245731,11.15,1,82.8,v2.1.1,0.85,Bengaluru,12.9716,77.5946,1,fraud,card_testing
3d71d1b7-9277-4268-887c-e97f0a1a103d,POS-8BA2BC27,MER-CDDE89,2026-08-09T10:41:01.284999,5.64,0,89.5,v2.1.1,0.97,Bengaluru,12.9716,77.5946,1,fraud,card_testing
88a6adc1-876d-4b9b-ad69-106e8ba3a3e9,POS-8BA2BC27,MER-CDDE89,2026-08-09T10:41:02.280648,4.25,2,383.9,v2.1.1,0.37,Bengaluru,12.9716,77.5946,1,fraud,card_testing
28f44991-e9f9-4fc5-a0d7-33b38726af60,POS-8BA2BC27,MER-CDDE89,2026-08-09T10:41:14.022821,16.42,1,89.3,v2.1.1,0.85,Bengaluru,12.9716,77.5946,1,fraud,card_testing
c40a4343-21a3-44b9-b0b2-1479482b7896,POS-8BA2BC27,MER-CDDE89,2026-08-09T10:41:14.474746,17.76,2,305.1,v2.1.1,0.76,Bengaluru,12.9716,77.5946,1,fraud,card_testing
cdecc04f-38f8-498a-90bd-b5aa4c2a9a49,POS-8BA2BC27,MER-CDDE89,2026-08-09T10:41:15.445199,19.24,0,407.5,v2.1.1,0.79,Bengaluru,12.9716,77.5946,1,fraud,card_testing
4f4ace69-dc68-4b31-93c2-efa25f84578a,POS-8BA2BC27,MER-CDDE89,2026-08-09T10:41:17.535412,10.61,2,57.9,v2.1.1,1.06,Bengaluru,12.9716,77.5946,1,fraud,card_testing
480c3ab4-7320-4862-9643-44dc2afe2d8e,POS-CBA73359,MER-269861,2026-08-09T10:46:11.951152,2393.44,0,379.1,v2.1.1,1.48,Hyderabad,17.385,78.4867,1,normal,
4b6bbdf8-cb95-4924-b70e-2be4f6c01b72,POS-EF533CFF,MER-837BC2,2026-08-09T10:46:50.516321,1841.02,0,240.2,v2.2.0,1.89,Nagpur,21.1458,79.0882,1,normal,
9f867af5-0617-499d-95a1-85d48affa1e6,POS-862B6369,MER-4CCB87,2026-08-09T10:48:51.682787,160.8,0,361.1,v2.1.1,2.36,Nagpur,21.1458,79.0882,1,normal,
587ea297-5e17-4ebb-bd53-08535cf095a4,POS-EF533CFF,MER-837BC2,2026-08-09T10:54:24.080514,1926.52,0,484.9,v2.2.0,1.34,Nagpur,21.1458,79.0882,1,normal,
52f32095-685a-480b-b8d7-e89ca3b145ab,POS-8D15D2C5,MER-4A3FBD,2026-08-09T11:03:31.015423,2459.02,0,277.9,v2.1.0,1.72,Nagpur,21.1458,79.0882,1,normal,
d627cd7b-89e6-40fd-a08e-822371a1a878,POS-AE4DEB2A,MER-78544D,2026-08-09T11:05:06.403081,3447.02,0,74.5,v2.2.0,2.69,Nagpur,21.1458,79.0882,1,normal,
f54ab47f-6396-4cea-8237-bd13b2523339,POS-3BD6788B,MER-FA377E,2026-08-09T11:18:34.353965,1859.94,0,495.9,v2.1.0,1.49,Pune,18.5204,73.8567,1,normal,
0044400c-63d4-4e34-b396-e38fff5f379a,POS-4167FD28,MER-DA1B0B,2026-08-09T11:19:24.697533,1852.73,1,170.6,v2.1.0,2.73,Delhi,28.7041,77.1025,1,normal,
da5246d3-bdcd-4a32-b03b-9298d504cf15,POS-F66B7F18,MER-589763,2026-08-09T11:24:54.114981,3429.56,0,439.8,v2.2.0,2.84,Pune,18.5204,73.8567,1,normal,
b9d2ee67-9161-48ed-85a2-36dc597608c6,POS-38B8A946,MER-7808DD,2026-08-09T11:26:26.916380,3610.14,0,82.1,v2.3.0-beta,1.45,Nagpur,21.1458,79.0882,1,normal,
679d4b05-d40d-4d1d-8432-fc7feb8edb4f,POS-B11F2EAD,MER-9FA357,2026-08-09T11:27:51.456582,1567.08,1,0.2,v2.1.0,5.62,Pune,18.5204,73.8567,0,fraud,device_spoof
b520c298-edc7-4f3f-94dd-878be4e2bb96,POS-6C1EE20B,MER-F3F810,2026-08-09T12:12:10.294187,3040.87,0,483.9,v2.1.1,2.23,Bengaluru,12.9716,77.5946,1,normal,
07a11453-990b-4d9f-ac5c-f9d764e97c49,POS-208DB4F3,MER-C166F5,2026-08-09T12:37:31.544321,3101.51,0,432.3,v2.1.1,1.45,Delhi,28.7041,77.1025,1,normal,
43f71d00-9ba2-4a9c-a0f8-fcbc242d4543,POS-EBF11023,MER-16D60A,2026-08-09T12:46:57.353176,4953.51,0,429.1,v2.2.0,0.58,Hyderabad,17.385,78.4867,1,normal,
f8995af5-5b5c-4b9f-acd9-1a62b3c7452e,POS-C9DBE224,MER-11AEAE,2026-08-09T12:49:52.208558,3449.7,0,100.4,v2.3.0-beta,1.72,Bengaluru,12.9716,77.5946,1,normal,
5efd3b27-3e81-41e7-b9f6-481e78b208b7,POS-BA41B435,MER-3AA9F7,2026-08-09T12:50:08.027852,4538.93,1,448.7,v2.1.1,2.36,Delhi,28.7041,77.1025,1,normal,
9e9b03f5-9c0f-4e91-aaeb-75c12fa49abd,POS-34F01FAC,MER-FE16C9,2026-08-09T12:55:03.058610,2862.52,0,1.3,v2.1.1,0.67,Chennai,13.0827,80.2707,1,normal,
dc9cceff-cc23-4a4c-bbb0-be437b3a9d03,POS-D2E37BD7,MER-94832D,2026-08-09T12:59:08.629589,4246.6,0,263.2,v2.3.0-beta,2.99,Kolkata,22.5726,88.3639,1,normal,
916d7231-4b02-49ae-8dee-f5b0b32a41a6,POS-52FC2A7B,MER-31B3EE,2026-08-09T13:36:14.059910,951.8,0,55.2,v2.1.1,1.6,Delhi,28.7041,77.1025,1,normal,
8bb6edcb-d774-4a6f-b119-83e1c78316ef,POS-7F1981DF,MER-B33B9B,2026-08-09T14:06:20.391194,970.28,0,37.2,v2.2.0,2.14,Nagpur,21.1458,79.0882,1,normal,
96c149e5-d30e-4813-87e5-882766cdfd88,POS-5190E155,MER-85B4C2,2026-08-09T14:14:21.208517,3005.58,0,217.7,v2.1.0,1.22,Delhi,28.7041,77.1025,1,normal,
5f8d5bf3-d4b4-4343-86cc-7a480b9106de,POS-B9828EE6,MER-E676A0,2026-08-09T14:41:29.158662,4975.74,0,273.2,v2.2.0,1.3,Pune,18.5204,73.8567,1,normal,
3052dba9-6c36-45ac-add7-6a71f724a9d8,POS-B7140521,MER-A41052,2026-08-09T14:57:24.038027,1459.57,0,119.0,v2.1.0,1.01,Nagpur,21.1458,79.0882,1,normal,
53acdad5-1825-4248-8b23-8e7285b19ca2,POS-E2ABAA01,MER-94FBB2,2026-08-09T14:59:11.427034,4316.72,0,206.8,v2.1.0,0.82,Nagpur,21.1458,79.0882,1,normal,
3a19c3b7-5aea-42e6-937e-690d4f3de10c,POS-E566E75E,MER-4CD30C,2026-08-09T15:01:41.241456,1072.7,0,497.6,v2.2.0,1.21,Nagpur,21.1458,79.0882,1,normal,
fc8af9a6-0dab-4f76-8149-28322ded7d62,POS-4FA685DF,MER-202A96,2026-08-09T15:07:38.893058,1551.92,0,11.7,v2.3.0-beta,0.64,Hyderabad,17.385,78.4867,1,normal,
b19857c3-7e43-4fde-879f-acebbc4b3e8c,POS-D780167B,MER-226112,2026-08-09T15:19:56.530115,902.51,0,1.1,v2.2.0,11.05,Chennai,13.0827,80.2707,0,fraud,device_spoof
c77387a8-095e-4075-8fcd-4e4aa5a8573f,POS-EDC02D19,MER-6176CA,2026-08-09T15:47:49.317300,2722.74,0,207.7,v2.1.0,1.13,Chennai,13.0827,80.2707,1,normal,
c67c4dc6-36da-4770-8c4c-fc716249e7de,POS-B11F2EAD,MER-9FA357,2026-08-09T15:48:22.449812,1339.01,0,23.0,v2.2.0,0.82,Mumbai,19.076,72.8777,1,normal,
954131b5-c35e-4fb7-bcc3-99bb482e33f0,POS-BC2D02AD,MER-18BAD6,2026-08-09T16:01:16.534801,4665.22,0,96.0,v2.2.0,1.9,Kolkata,22.5726,88.3639,1,normal,
0a03392b-2053-4ae2-ba56-cb7ddc3cf3f1,POS-B37501A9,MER-DC9CFB,2026-08-09T16:05:28.437491,1842.83,1,353.9,v2.2.0,1.59,Bengaluru,12.9716,77.5946,1,normal,
bb320cf7-77e8-4701-8f3f-e9e35d73361d,POS-6EAB7795,MER-39C88B,2026-08-09T16:20:44.344381,77907.93,0,454.3,v2.2.0,1.96,Chennai,13.0827,80.2707,1,fraud,bust_out
34363404-951b-49ed-87b6-f2687f44e9e6,POS-9CD505AA,MER-1F157D,2026-08-09T16:21:00.878741,2666.22,0,43.9,v2.1.1,0.56,Pune,18.5204,73.8567,1,normal,
836519c9-3045-43e2-94b0-ce4abd61d39d,POS-38B8A946,MER-7808DD,2026-08-09T16:24:31.458184,597.27,0,384.8,v2.3.0-beta,2.49,Nagpur,21.1458,79.0882,1,normal,
373d5b03-aa14-40f8-a323-4e75e63b7a7e,POS-D5B36245,MER-8A9DAF,2026-08-09T16:26:21.788085,1150.91,0,457.0,v2.1.1,2.75,Kolkata,22.5726,88.3639,1,normal,
67d9ef07-f5e1-4fc4-bcee-01c2ea3d1ced,POS-D8B3BBA8,MER-81983E,2026-08-09T16:46:12.279349,4751.59,0,228.0,v2.3.0-beta,2.3,Hyderabad,17.385,78.4867,1,normal,
4d836b3d-b047-4386-bfce-ac7d8d1fd0a6,POS-D780167B,MER-226112,2026-08-09T16:51:59.888583,457.83,0,246.1,v2.3.0-beta,1.3,Kolkata,22.5726,88.3639,1,normal,
768b1c5c-5d20-406f-adad-57213a2ecf00,POS-43D83AB1,MER-C30AE6,2026-08-09T16:52:34.294625,4603.95,1,413.8,v2.2.0,1.74,Kolkata,22.5726,88.3639,1,normal,
ef7cf0fc-c0a2-41b9-99d3-3ccedcf79b6a,POS-DEE4DD42,MER-D53081,2026-08-09T16:53:33.991666,4311.43,1,223.6,v2.1.0,1.08,Mumbai,19.076,72.8777,1,normal,
d547dea6-a447-4585-bf3f-8a9307fb28fd,POS-73F6AE86,MER-2BE75A,2026-08-09T17:10:42.482727,3148.99,0,44.0,v2.3.0-beta,2.42,Chennai,13.0827,80.2707,1,normal,
deae4f43-c3d4-4289-951c-74cf19449ada,POS-FD4A2FB5,MER-DB7A61,2026-08-09T17:13:14.010879,1460.89,1,317.4,v2.1.1,2.26,Delhi,28.7041,77.1025,1,normal,
313f38fc-2927-43f8-93e9-05d6126e2cdd,POS-36A2CBE2,MER-7D9478,2026-08-09T17:23:07.461045,2325.78,0,431.2,v2.1.1,1.94,Mumbai,19.076,72.8777,1,normal,
56ada972-0e85-495b-ba4e-7e0e68fa96fb,POS-73F6AE86,MER-2BE75A,2026-08-09T17:33:40.844559,2843.37,0,197.1,v2.3.0-beta,2.83,Chennai,13.0827,80.2707,1,normal,
6fe962e3-ff47-4560-a0dc-5d5158625caa,POS-FC80D3D1,MER-FD74EE,2026-08-09T17:37:17.955094,574.02,1,294.8,v2.1.1,1.81,Mumbai,19.076,72.8777,1,normal,
8b4cad34-1a03-48a5-9aa8-e8c4416de6e9,POS-D8B3BBA8,MER-81983E,2026-08-09T18:02:54.977056,4860.99,0,442.9,v2.3.0-beta,1.74,Hyderabad,17.385,78.4867,1,normal,
2e3ffd37-4e41-4cc6-9c91-ff23a2a695c8,POS-94086F72,MER-6D8C2C,2026-08-09T18:25:03.268924,3433.81,0,334.0,v2.1.0,1.39,Mumbai,19.076,72.8777,1,normal,
7ef91608-f33f-4ed9-90a0-b4d4e01ce225,POS-FE25FE86,MER-76524C,2026-08-09T18:27:30.161046,1492.09,0,409.7,v2.1.0,2.49,Chennai,13.0827,80.2707,1,normal,
74f03f6a-4fb1-486c-9243-24798e55a2ec,POS-7F1981DF,MER-B33B9B,2026-08-09T18:31:18.406893,2567.9,0,472.4,v2.2.0,0.74,Nagpur,21.1458,79.0882,1,normal,
acc78ea4-4d51-4a32-9580-b7df035105d1,POS-F967E1DC,MER-6F1422,2026-08-09T18:33:26.574430,4632.09,0,67.6,v2.2.0,2.48,Nagpur,21.1458,79.0882,1,normal,
fb241fc4-4f12-4665-8f50-6579824482d6,POS-DD8321BF,MER-250C33,2026-08-09T18:46:19.420462,2107.96,0,123.4,v2.1.0,2.52,Pune,18.5204,73.8567,1,normal,
f258df35-cea2-4b67-be1a-8fa59664c5d4,POS-81C99677,MER-2280B3,2026-08-09T18:59:48.754375,6.84,1,152.5,v2.1.0,0.65,Nagpur,21.1458,79.0882,1,fraud,card_testing
e308dbc1-d19e-4315-8052-cbc06db05f0c,POS-81C99677,MER-2280B3,2026-08-09T18:59:51.332708,16.66,0,267.7,v2.1.0,0.68,Nagpur,21.1458,79.0882,1,fraud,card_testing
0842fe5e-d18f-4cb0-8cdc-2a2dcd987585,POS-81C99677,MER-2280B3,2026-08-09T18:59:52.110777,8.07,0,300.8,v2.1.0,0.69,Nagpur,21.1458,79.0882,1,fraud,card_testing
1f0d64b6-db78-48e8-a8db-e5c9eadafc27,POS-81C99677,MER-2280B3,2026-08-09T18:59:55.372311,4.16,2,29.1,v2.1.0,1.19,Nagpur,21.1458,79.0882,1,fraud,card_testing
302ac28b-2a25-489f-8cf9-30b9988e0290,POS-81C99677,MER-2280B3,2026-08-09T18:59:56.156265,2.55,0,144.4,v2.1.0,1.17,Nagpur,21.1458,79.0882,1,fraud,card_testing
dd03639f-29aa-4684-b4ab-9179deb1ba13,POS-81C99677,MER-2280B3,2026-08-09T18:59:59.670172,13.51,0,465.3,v2.1.0,0.38,Nagpur,21.1458,79.0882,1,fraud,card_testing
ad2541dd-b704-4b9e-8527-84fb3261881e,POS-81C99677,MER-2280B3,2026-08-09T19:00:02.667514,7.58,1,356.5,v2.1.0,0.69,Nagpur,21.1458,79.0882,1,fraud,card_testing
1ccbfe98-515b-4ea1-b516-bebc4f6b472c,POS-81C99677,MER-2280B3,2026-08-09T19:00:06.142098,9.09,1,268.5,v2.1.0,0.95,Nagpur,21.1458,79.0882,1,fraud,card_testing
c996ad97-d39f-47a3-b325-d9a5785e8de2,POS-81C99677,MER-2280B3,2026-08-09T19:00:06.521923,4.44,2,153.3,v2.1.0,1.12,Nagpur,21.1458,79.0882,1,fraud,card_testing
f8f11080-5e40-47f5-ba46-2d033f8baaa7,POS-81C99677,MER-2280B3,2026-08-09T19:00:07.662736,9.97,2,72.5,v2.1.0,1.46,Nagpur,21.1458,79.0882,1,fraud,card_testing
681ca310-09df-45ab-bcfd-3cf1cb97f9e0,POS-81C99677,MER-2280B3,2026-08-09T19:00:09.142635,14.54,1,51.6,v2.1.0,0.44,Nagpur,21.1458,79.0882,1,fraud,card_testing
135366e9-132c-4422-9fd9-7f78f1035c87,POS-81C99677,MER-2280B3,2026-08-09T19:00:16.332159,10.3,2,42.9,v2.1.0,0.38,Nagpur,21.1458,79.0882,1,fraud,card_testing
833083a4-0b69-4cb7-8785-7aa70062f84d,POS-A275E8CD,MER-DFFA45,2026-08-09T19:00:38.303862,2447.04,0,170.8,v2.1.1,0.86,Kolkata,22.5726,88.3639,1,normal,
c384b780-2fbd-4693-ad9e-546d2e2bdf43,POS-34F01FAC,MER-FE16C9,2026-08-09T19:05:10.146639,2371.16,0,398.4,v2.1.1,1.98,Chennai,13.0827,80.2707,1,normal,
5e7a8e33-cd8f-4ca9-b842-a48741428e21,POS-F967E1DC,MER-6F1422,2026-08-09T19:14:51.799108,3626.04,0,460.0,v2.2.0,2.04,Nagpur,21.1458,79.0882,1,normal,
1e3c9148-efeb-4bf5-af03-1292ff432cab,POS-A320C8AA,MER-9451DE,2026-08-09T19:21:58.977935,4655.03,1,284.0,v2.2.0,2.22,Nagpur,21.1458,79.0882,1,normal,
85dcc79a-85ec-469e-bf61-c9fdaba534cf,POS-03C6BBBA,MER-C61A54,2026-08-09T19:33:02.217181,4569.21,0,434.3,v2.3.0-beta,0.92,Nagpur,21.1458,79.0882,1,normal,
a92a82a9-a51f-4611-88d0-3453fc17d32f,POS-E566E75E,MER-4CD30C,2026-08-09T19:35:50.227404,2586.77,0,187.5,v2.2.0,2.21,Nagpur,21.1458,79.0882,1,normal,
94a59d9e-188d-4a0e-b33a-c1b1b6b9fdf6,POS-D122D405,MER-F03908,2026-08-09T19:59:25.701500,3490.74,0,343.0,v2.1.0,1.89,Mumbai,19.076,72.8777,1,normal,
ccde10fa-f357-4798-8fba-2affae6765e2,POS-D3B57689,MER-58F164,2026-08-09T20:10:17.157802,3857.18,0,384.5,v2.2.0,2.31,Hyderabad,17.385,78.4867,1,normal,
25701a78-d46e-4318-8ded-e17068cdee12,POS-CC8EC905,MER-15DD11,2026-08-09T20:24:28.215271,2562.54,0,88.7,v2.1.0,0.99,Hyderabad,17.385,78.4867,1,normal,
a4c594f8-c273-44d9-b765-faf6ae966666,POS-0E673AA4,MER-A73341,2026-08-09T20:57:56.537271,3485.31,0,23.9,v2.2.0,2.49,Hyderabad,17.385,78.4867,1,normal,
b304347b-c163-4c72-930f-e8d25438ea24,POS-75E7B52C,MER-837894,2026-08-09T21:05:39.428765,807.1,0,52.0,v2.2.0,0.86,Chennai,13.0827,80.2707,1,normal,
fb0c2ff0-287b-4663-a5bf-496eb5e86b13,POS-CC26C0E8,MER-0D1C10,2026-08-09T21:09:44.650292,3938.69,0,465.6,v2.1.0,1.18,Delhi,28.7041,77.1025,1,normal,
62fce2cc-cc0a-4579-8e00-25155af96189,POS-70A8C312,MER-778AE7,2026-08-09T21:27:14.445698,1218.76,0,50.6,v2.1.0,2.21,Chennai,13.0827,80.2707,1,normal,
14d253cd-617e-43d2-8475-e353be53db60,POS-207CA2EB,MER-5B06DF,2026-08-09T21:49:54.092100,325.4,0,257.1,v2.1.1,1.64,Pune,18.5204,73.8567,1,normal,
877f5ec0-c50c-4174-aaa6-f6f6c2dfb5fd,POS-A22B806C,MER-66332B,2026-08-09T21:58:19.667933,1353.32,1,132.4,v2.1.1,2.59,Delhi,28.7041,77.1025,1,normal,
10d4c7c2-44f2-4f60-b48b-c3ab546776b0,POS-3BF5E359,MER-A82822,2026-08-09T22:04:00.810323,507.78,0,304.5,v2.2.0,0.99,Mumbai,19.076,72.8777,1,normal,
0baa7b63-2aea-4180-9de8-5ea5cbd4106d,POS-208DB4F3,MER-C166F5,2026-08-09T22:24:31.844720,1941.0,0,297.3,v2.1.1,2.4,Delhi,28.7041,77.1025,1,normal,
aa0cf62b-357a-46b2-923f-9e4be8ef0b78,POS-5EB40BC5,MER-FF8806,2026-08-09T22:28:24.666471,3531.87,0,248.6,v2.1.0,1.01,Kolkata,22.5726,88.3639,1,normal,
2692ca89-5ceb-4090-9daa-7d0ab675384c,POS-5B84BAFA,MER-54F0E4,2026-08-09T23:05:14.356030,4290.12,1,158.7,v2.1.1,2.95,Chennai,13.0827,80.2707,1,normal,
63bb70aa-ee3e-449e-a77b-037c268073e1,POS-FE25FE86,MER-76524C,2026-08-09T23:16:44.796169,620.48,0,114.5,v2.1.0,0.64,Chennai,13.0827,80.2707,1,normal,
3d53ed51-734d-4937-b43d-9fe5118c9e8c,POS-0E2B0643,MER-16DFEB,2026-08-09T23:23:37.338870,2883.55,0,227.1,v2.3.0-beta,2.96,Bengaluru,12.9716,77.5946,1,normal,
cd0df775-a2f9-4857-ab78-0b3aa0bf0aa0,POS-7249E858,MER-AE0327,2026-08-09T23:28:28.284087,4624.56,0,432.3,v2.3.0-beta,2.07,Kolkata,22.5726,88.3639,1,normal,
8a882a8e-4322-4b05-a94e-0676e4de4b62,POS-CD16D1EF,MER-7BDF7F,2026-08-09T23:28:39.185030,2579.58,0,252.2,v2.1.0,2.26,Mumbai,19.076,72.8777,1,normal,
6870c100-237b-4fe4-91ce-336735c77987,POS-74235C6B,MER-4BCD8F,2026-08-09T23:30:16.741099,2123.31,0,462.9,v2.1.1,1.11,Pune,18.5204,73.8567,1,normal,
bfea15b6-a184-46fb-97d6-145da2059cac,POS-C9DBE224,MER-11AEAE,2026-08-09T23:36:04.352245,702.27,0,290.9,v2.3.0-beta,2.21,Bengaluru,12.9716,77.5946,1,normal,
8c561aec-a7ef-4158-8d30-cc6a9cb860bf,POS-6C3D83AB,MER-BCAE45,2026-08-09T23:39:00.872358,1536.4,0,408.6,v2.1.0,2.17,Bengaluru,12.9716,77.5946,1,normal,
7fd59567-7163-412c-9cdd-1a4d5789ca4b,POS-47CB19EB,MER-7848E9,2026-08-09T23:40:23.612806,2591.1,1,46.8,v2.2.0,2.78,Bengaluru,12.9716,77.5946,1,normal,
a54107ff-b433-431d-87e7-ea678798d6c4,POS-7F1981DF,MER-B33B9B,2026-08-09T23:48:49.961008,4088.12,1,329.5,v2.2.0,2.9,Nagpur,21.1458,79.0882,1,normal,
899a7a38-f2de-4017-a196-b5b80d90bcf5,POS-208DB4F3,MER-C166F5,2026-08-09T23:58:17.070961,2972.63,0,324.9,v2.1.1,1.25,Delhi,28.7041,77.1025,1,normal,
8b492891-6c9a-4a6d-804b-2893df937a7b,POS-BC359428,MER-C5AB1A,2026-08-09T23:59:15.928506,3416.54,0,65.0,v2.1.0,2.57,Kolkata,22.5726,88.3639,1,normal,
c8052abe-9e16-44d4-8df7-33105fe1f60b,POS-6439ED84,MER-ADB4F6,2026-08-10T00:02:00.540523,3771.3,0,383.1,v2.2.0,1.8,Hyderabad,17.385,78.4867,1,normal,
7b94c405-04fd-489c-87c3-ceeda297a29b,POS-BA41B435,MER-3AA9F7,2026-08-10T00:02:39.447621,4393.17,0,310.7,v2.1.1,2.11,Delhi,28.7041,77.1025,1,normal,
d804a2d3-3c87-4885-bf05-4cd0d85f406f,POS-C72F113B,MER-DDFFD5,2026-08-10T00:09:41.392681,3932.18,0,8.8,v2.3.0-beta,2.22,Bengaluru,12.9716,77.5946,1,normal,
821a6281-3f6a-4a57-985a-3448ccfd8332,POS-5B84BAFA,MER-54F0E4,2026-08-10T00:17:53.576893,4767.31,0,482.4,v2.1.1,0.98,Chennai,13.0827,80.2707,1,normal,
b5d39d9d-b44c-456c-982e-10c5af04adaf,POS-E2ABAA01,MER-94FBB2,2026-08-10T00:21:36.200102,4510.79,1,382.3,v2.1.0,1.11,Nagpur,21.1458,79.0882,1,normal,
33b9fbf3-363b-4fac-81ba-45d7d2230e7d,POS-0EF33479,MER-87BA54,2026-08-10T00:22:08.390670,2719.1,0,445.0,v2.1.1,1.36,Delhi,28.7041,77.1025,1,normal,
080c2ee0-b928-46dd-84ac-f24aafbc5c30,POS-7F1981DF,MER-B33B9B,2026-08-10T00:24:44.840189,2508.42,0,31.0,v2.2.0,2.51,Nagpur,21.1458,79.0882,1,normal,
a7d9ea69-90ac-4883-9dc0-4812df4dd1c4,POS-D1DB24C2,MER-26B633,2026-08-10T00:33:09.278995,2190.9,0,402.4,v2.3.0-beta,1.29,Hyderabad,17.385,78.4867,1,normal,
4c6d9456-d721-4ceb-b88e-987846a91acc,POS-6C1EE20B,MER-F3F810,2026-08-10T00:37:11.443579,4406.88,0,261.5,v2.1.1,2.34,Bengaluru,12.9716,77.5946,1,normal,
c82ef758-1d18-43f5-88ed-5831c572a328,POS-75E7B52C,MER-837894,2026-08-10T01:04:40.754496,4010.5,1,286.3,v2.2.0,1.4,Chennai,13.0827,80.2707,1,normal,
43b07e30-940b-467d-baf9-118c4708e9d9,POS-EBF11023,MER-16D60A,2026-08-10T01:09:25.602173,2532.18,0,235.6,v2.2.0,1.83,Hyderabad,17.385,78.4867,1,normal,
3989f1f2-d512-4e9d-9502-4f622e23ba0b,POS-B11F2EAD,MER-9FA357,2026-08-10T01:16:03.502933,1364.61,0,177.9,v2.2.0,1.03,Mumbai,19.076,72.8777,1,normal,
3a90205b-84f5-4684-aca3-2bdd1384b5cf,POS-105BE397,MER-3B97DB,2026-08-10T01:19:25.568801,1206.38,0,68.9,v2.1.0,2.43,Chennai,13.0827,80.2707,1,normal,
d31c8bbd-d2b3-4d10-b0cc-ec98d70e4465,POS-0E2B0643,MER-16DFEB,2026-08-10T01:20:12.662802,3027.08,1,119.0,v2.3.0-beta,0.55,Bengaluru,12.9716,77.5946,1,normal,
131672b0-a830-44a4-b850-eda87886600d,POS-778516AB,MER-714018,2026-08-10T01:20:47.352074,2092.61,1,113.8,v2.1.0,2.9,Delhi,28.7041,77.1025,1,normal,
d0989488-24c5-4c15-b23e-7351549844a1,POS-81C99677,MER-2280B3,2026-08-10T01:21:57.380109,710.19,1,301.7,v2.1.0,2.72,Nagpur,21.1458,79.0882,1,normal,
8e6928be-0b1c-43b3-adde-7a3444292edb,POS-849A1C0F,MER-D8D0DA,2026-08-10T01:32:10.173441,4905.15,0,120.6,v2.1.0,2.44,Delhi,28.7041,77.1025,1,normal,
ea62f8f7-c76c-4d96-bc69-db40d96581e1,POS-1D6FD4E1,MER-F1C4E7,2026-08-10T01:32:59.030005,3829.04,0,440.6,v2.1.0,2.07,Chennai,13.0827,80.2707,1,normal,
c1bf4a4f-95f1-4c67-9bf9-f725a508c94a,POS-6439ED84,MER-ADB4F6,2026-08-10T01:47:40.100114,2237.28,0,123.1,v2.2.0,1.87,Hyderabad,17.385,78.4867,1,normal,
8b983be4-daa4-4935-b38c-c06401573b9c,POS-B27C0D31,MER-6BDAEB,2026-08-10T01:56:47.930167,4778.25,0,165.4,v2.1.1,0.61,Pune,18.5204,73.8567,1,normal,
b0c70745-2f66-438f-bbe4-6c5070b6e021,POS-C2744B6C,MER-4093C0,2026-08-10T01:57:24.647105,1674.56,0,54.9,v2.1.1,0.53,Nagpur,21.1458,79.0882,1,normal,
9e393cc0-d5c4-4826-8611-5ee23a790060,POS-CC26C0E8,MER-0D1C10,2026-08-10T02:11:06.076818,4818.79,0,190.7,v2.1.0,1.26,Delhi,28.7041,77.1025,1,normal,
e2ee13a4-fea4-4fb4-b713-11140f4f8bd1,POS-AE4DEB2A,MER-78544D,2026-08-10T02:11:51.899964,2748.15,1,73.6,v2.2.0,1.03,Nagpur,21.1458,79.0882,1,normal,
5e645b11-2af7-4d98-9924-7a95d165c60c,POS-520C7452,MER-52D41B,2026-08-10T02:17:06.257819,4954.73,0,256.0,v2.2.0,1.55,Kolkata,22.5726,88.3639,1,normal,
c7258b3c-fa26-4692-81e3-6237097e0daa,POS-BB11FCF8,MER-275B28,2026-08-10T02:22:23.504013,3565.54,0,81.9,v2.1.0,2.02,Mumbai,19.076,72.8777,1,normal,
4000909c-311b-42f9-9a4f-a27ae72910db,POS-BB11FCF8,MER-275B28,2026-08-10T02:24:41.748079,3243.34,1,51.0,v2.1.0,1.82,Mumbai,19.076,72.8777,1,normal,
1b145d90-71d7-4b8e-a5fb-808f3c0ce9cc,POS-CDFD9F1A,MER-243265,2026-08-10T02:31:02.629835,4437.88,0,135.8,v2.1.0,2.26,Bengaluru,12.9716,77.5946,1,normal,
73a1c784-2b94-428f-8144-cd375fd3d341,POS-1D6FD4E1,MER-F1C4E7,2026-08-10T02:36:42.025415,3553.38,0,152.4,v2.1.0,1.05,Chennai,13.0827,80.2707,1,normal,
28a77b66-cb74-4c87-abc7-3f07e1259b13,POS-D5F8541B,MER-EFC947,2026-08-10T02:47:38.988237,3753.53,0,346.8,v2.2.0,1.61,Bengaluru,12.9716,77.5946,1,normal,
aca3b916-0732-4bdd-9971-6727ac630286,POS-0E2B0643,MER-16DFEB,2026-08-10T03:06:06.034412,4017.01,0,475.1,v2.3.0-beta,2.73,Bengaluru,12.9716,77.5946,1,normal,
fe25bbba-8185-41ee-86f2-b2c6e4077962,POS-FB95985B,MER-7765F7,2026-08-10T03:22:52.142197,3770.4,0,2.8,v2.1.0,2.54,Hyderabad,17.385,78.4867,1,normal,
213d95d1-85a8-42bf-97f7-b6a81975fd83,POS-C72F113B,MER-DDFFD5,2026-08-10T03:22:55.502330,3918.03,0,54.8,v2.3.0-beta,1.54,Bengaluru,12.9716,77.5946,1,normal,
974727e6-92f7-4376-89b5-936484a98f6c,POS-1AF2A398,MER-9A9BF3,2026-08-10T03:27:14.747298,645.82,1,158.5,v2.1.1,0.52,Chennai,13.0827,80.2707,1,normal,
6588a66d-d0c3-4416-86a7-11bf0ed85b7b,POS-BA41B435,MER-3AA9F7,2026-08-10T03:28:14.549704,1241.61,0,25.3,v2.1.1,1.2,Delhi,28.7041,77.1025,1,normal,
91690cd9-c286-4b3b-98e5-530611b30f68,POS-D3B57689,MER-58F164,2026-08-10T03:38:06.361786,1800.93,0,39.8,v2.2.0,1.65,Hyderabad,17.385,78.4867,1,normal,
82768885-21c0-4e31-8243-cd0903e04a79,POS-9CD505AA,MER-1F157D,2026-08-10T03:43:44.654848,3629.15,0,88.4,v2.1.1,2.84,Pune,18.5204,73.8567,1,normal,
39c47e01-1330-4bf4-a816-eee126c47d2e,POS-BC359428,MER-C5AB1A,2026-08-10T03:57:22.211856,3559.96,0,378.7,v2.1.0,1.36,Kolkata,22.5726,88.3639,1,normal,
2a6d64aa-aece-4ea3-809d-ae2b3b16c963,POS-E9D66DA1,MER-38119E,2026-08-10T04:01:03.990298,3406.49,0,370.8,v2.1.1,1.08,Pune,18.5204,73.8567,1,normal,
7eebdc19-eaf2-49e4-89fe-086409430d03,POS-0AE6C0D2,MER-897854,2026-08-10T04:03:35.473324,3752.1,0,253.2,v2.1.1,2.09,Kolkata,22.5726,88.3639,1,normal,
c00b3808-f794-4818-9b1b-8c8574ca2dc5,POS-0EF33479,MER-87BA54,2026-08-10T04:07:04.382349,897.45,0,110.7,v2.1.1,1.24,Delhi,28.7041,77.1025,1,normal,
0ede82d0-a6b7-48c4-8958-073167a1b354,POS-4FA685DF,MER-202A96,2026-08-10T04:19:08.576643,1130.13,0,338.9,v2.3.0-beta,2.56,Hyderabad,17.385,78.4867,1,normal,
d5f42713-c049-4ed2-ab16-eca07bc0134b,POS-CBA73359,MER-269861,2026-08-10T04:33:04.453349,4300.39,0,139.9,v2.1.1,2.41,Hyderabad,17.385,78.4867,1,normal,
30127a2a-319c-45dc-a7cd-c8c26b90cc41,POS-055D6FBC,MER-294500,2026-08-10T04:48:40.873493,1807.63,0,386.4,v2.2.0,2.45,Kolkata,22.5726,88.3639,1,normal,
7f7ceec8-0bc7-44c3-b424-9ea139c968ce,POS-198FC2BC,MER-7149CD,2026-08-10T04:53:53.479735,2901.86,0,144.7,v2.2.0,2.7,Bengaluru,12.9716,77.5946,1,normal,
c40ff41e-2b49-4270-be72-d38adee32427,POS-EF533CFF,MER-837BC2,2026-08-10T04:54:52.769293,2217.46,1,33.3,v2.2.0,2.99,Nagpur,21.1458,79.0882,1,normal,
9e1814e2-120c-4efa-9c66-85398829dce0,POS-AF1B4891,MER-875B51,2026-08-10T05:02:31.907711,3778.06,0,192.2,v2.1.0,2.25,Mumbai,19.076,72.8777,1,normal,
05b8b465-c527-4de4-83ca-68219cf60435,POS-F967E1DC,MER-6F1422,2026-08-10T05:04:55.588886,3310.11,0,441.6,v2.2.0,1.25,Nagpur,21.1458,79.0882,1,normal,
a637c43d-f349-4a00-bd0b-7d0d0461c31e,POS-1D6FD4E1,MER-F1C4E7,2026-08-10T05:09:21.820476,4525.18,0,53.7,v2.1.0,1.53,Chennai,13.0827,80.2707,1,normal,
a39de922-a2bf-4075-8453-acf22523ec40,POS-198FC2BC,MER-7149CD,2026-08-10T05:11:52.509318,3677.22,0,85.5,v2.2.0,2.3,Bengaluru,12.9716,77.5946,1,normal,
b9467cc0-235c-406d-b577-25f6fcfd4494,POS-A22B806C,MER-66332B,2026-08-10T05:19:17.656051,7.18,2,470.5,v2.1.1,0.32,Delhi,28.7041,77.1025,1,fraud,card_testing
52fa7aab-6d57-4f48-a914-a7a30a283001,POS-A22B806C,MER-66332B,2026-08-10T05:19:21.514054,10.16,1,48.4,v2.1.1,0.35,Delhi,28.7041,77.1025,1,fraud,card_testing
b5961b8e-1ffe-4ccf-9fc2-ca595c4fccbd,POS-A22B806C,MER-66332B,2026-08-10T05:19:22.556775,3.42,2,222.9,v2.1.1,0.79,Delhi,28.7041,77.1025,1,fraud,card_testing
be659d3b-a1eb-46b1-b07e-411a124592ca,POS-A22B806C,MER-66332B,2026-08-10T05:19:24.189157,14.74,2,84.4,v2.1.1,1.06,Delhi,28.7041,77.1025,1,fraud,card_testing
fc6da5f7-cc2d-4b41-9f24-28cd45c16921,POS-A22B806C,MER-66332B,2026-08-10T05:19:29.065042,10.93,2,406.8,v2.1.1,0.6,Delhi,28.7041,77.1025,1,fraud,card_testing
7619c9fb-5f54-4790-98d8-6126e226ee43,POS-A22B806C,MER-66332B,2026-08-10T05:19:29.565716,10.56,0,176.8,v2.1.1,1.01,Delhi,28.7041,77.1025,1,fraud,card_testing
73cb246f-23b6-4eeb-9a7f-94a7f35bb700,POS-A22B806C,MER-66332B,2026-08-10T05:19:34.088048,11.13,0,271.0,v2.1.1,0.66,Delhi,28.7041,77.1025,1,fraud,card_testing
9717b658-5481-40b6-89f8-06556b303dac,POS-A22B806C,MER-66332B,2026-08-10T05:19:37.435903,8.3,0,306.2,v2.1.1,0.72,Delhi,28.7041,77.1025,1,fraud,card_testing
7f27ce18-a1d1-4036-a5cf-44973e29afc2,POS-A22B806C,MER-66332B,2026-08-10T05:19:38.531615,4.39,2,9.3,v2.1.1,1.16,Delhi,28.7041,77.1025,1,fraud,card_testing
8ab91828-00c8-4ef0-9ce5-2319167cc42a,POS-A22B806C,MER-66332B,2026-08-10T05:19:43.221275,14.33,1,185.0,v2.1.1,1.44,Delhi,28.7041,77.1025,1,fraud,card_testing
7eb531e8-4761-479f-9553-3cf8f3efbcb6,POS-A22B806C,MER-66332B,2026-08-10T05:19:48.230879,17.93,0,172.4,v2.1.1,0.57,Delhi,28.7041,77.1025,1,fraud,card_testing
616258b3-20d1-4981-96fc-c16b2f0e820e,POS-A22B806C,MER-66332B,2026-08-10T05:19:52.539041,3.63,1,102.9,v2.1.1,1.04,Delhi,28.7041,77.1025,1,fraud,card_testing
1af66df8-f5b8-4199-bd76-8cfecb932cd6,POS-A320C8AA,MER-9451DE,2026-08-10T05:24:26.271976,2770.84,0,336.2,v2.2.0,1.13,Nagpur,21.1458,79.0882,1,normal,
806be3a1-4af0-48fd-84f4-7780f83840c4,POS-BB11FCF8,MER-275B28,2026-08-10T05:51:42.738044,4814.25,0,374.6,v2.1.0,2.21,Mumbai,19.076,72.8777,1,normal,
64ad108c-7aef-47c3-9418-e591a0424303,POS-75E7B52C,MER-837894,2026-08-10T05:55:17.587932,4269.36,0,322.1,v2.2.0,2.25,Chennai,13.0827,80.2707,1,normal,
acb4d417-d0bc-4409-a5de-87899b3b4571,POS-D8B3BBA8,MER-81983E,2026-08-10T06:21:32.125959,2223.14,0,407.0,v2.3.0-beta,1.46,Hyderabad,17.385,78.4867,1,normal,
18fa6494-1860-484f-8003-040956538fee,POS-A77B64DE,MER-1A5D0B,2026-08-10T06:29:17.642944,1722.12,1,67.4,v2.1.0,1.82,Kolkata,22.5726,88.3639,1,normal,
36fb73ae-1813-4af9-a1e8-e7fec2c000e9,POS-0AE6C0D2,MER-897854,2026-08-10T06:34:06.759328,3967.55,0,41.0,v2.1.1,2.38,Kolkata,22.5726,88.3639,1,normal,
5df33f77-6fab-459d-ad29-0c75875c7eec,POS-D2E37BD7,MER-94832D,2026-08-10T06:36:03.595512,4785.14,0,320.6,v2.3.0-beta,2.82,Kolkata,22.5726,88.3639,1,normal,
e6b11845-30a8-495e-9a9f-7030912f54d5,POS-B37501A9,MER-DC9CFB,2026-08-10T06:42:09.270104,4076.79,0,15.0,v2.2.0,1.64,Bengaluru,12.9716,77.5946,1,normal,
88d1679b-158b-408b-8bad-219734d6c21b,POS-6EAB7795,MER-39C88B,2026-08-10T06:53:12.614574,808.63,0,349.0,v2.2.0,1.76,Chennai,13.0827,80.2707,1,normal,
0003c804-430d-460a-9896-f309a77924b1,POS-EF533CFF,MER-837BC2,2026-08-10T07:10:52.294196,4728.62,0,194.9,v2.2.0,1.18,Nagpur,21.1458,79.0882,1,normal,
0e7763f5-ed50-4056-ab0e-f478100347e7,POS-52FC2A7B,MER-31B3EE,2026-08-10T07:22:09.768236,252.33,0,88.5,v2.1.1,1.9,Delhi,28.7041,77.1025,1,normal,
f79b927d-7846-4548-bfaa-a088681f9f18,POS-43D83AB1,MER-C30AE6,2026-08-10T07:53:45.632131,4399.05,0,272.6,v2.2.0,2.02,Kolkata,22.5726,88.3639,1,normal,
ff31ebb9-72a6-42e2-940f-dc8a22072a7d,POS-1D6FD4E1,MER-F1C4E7,2026-08-10T08:04:16.523450,4401.42,1,12.6,v2.1.0,2.86,Chennai,13.0827,80.2707,1,normal,
7ed0e9f8-2866-4c8c-8486-a8448f388f57,POS-9CD505AA,MER-1F157D,2026-08-10T08:05:01.649553,971.5,0,220.1,v2.1.1,2.04,Pune,18.5204,73.8567,1,normal,
4541abfe-52d0-4be1-a71f-2e9db78556f4,POS-81C99677,MER-2280B3,2026-08-10T08:10:51.596699,4054.61,1,256.8,v2.1.0,1.5,Nagpur,21.1458,79.0882,1,normal,
1aff9d0d-0669-45a7-9716-4effe62fdd3f,POS-7F1981DF,MER-B33B9B,2026-08-10T08:47:48.017362,2330.98,0,100.3,v2.2.0,2.93,Nagpur,21.1458,79.0882,1,normal,
b997d269-acad-4801-90e5-38fdcf4777aa,POS-CC26C0E8,MER-0D1C10,2026-08-10T08:49:18.694822,2166.96,1,480.8,v2.1.0,1.65,Delhi,28.7041,77.1025,1,normal,
ed8fdda6-fdcb-406f-947f-68196af1e700,POS-BC2D02AD,MER-18BAD6,2026-08-10T09:05:57.675518,591.25,0,20.0,v2.2.0,1.47,Kolkata,22.5726,88.3639,1,normal,
3db47c9f-9959-4738-9611-7e8d3f78e2b7,POS-FC0168BE,MER-ABA7C3,2026-08-10T09:18:37.920840,2230.32,0,482.8,v2.2.0,1.13,Hyderabad,17.385,78.4867,1,normal,
7b14f810-c3d9-4abd-8b10-a2ae2bdf6877,POS-1B73B11B,MER-95FEFA,2026-08-10T09:28:52.392333,146.02,0,192.7,v2.2.0,0.87,Hyderabad,17.385,78.4867,1,normal,
b4a52961-2c10-45a1-ac5f-5b2e8da92905,POS-5B84BAFA,MER-54F0E4,2026-08-10T09:30:46.159863,2833.16,0,253.8,v2.1.1,1.48,Chennai,13.0827,80.2707,1,normal,
99891b20-e4d3-452e-9173-41462de99fa2,POS-EDC02D19,MER-6176CA,2026-08-10T09:41:18.817039,3626.66,1,390.9,v2.1.0,2.24,Chennai,13.0827,80.2707,1,normal,
b005a2f3-8b4f-4089-a43d-541f95d1a38d,POS-34F01FAC,MER-FE16C9,2026-08-10T09:50:12.658029,4966.89,0,156.6,v2.1.1,0.97,Chennai,13.0827,80.2707,1,normal,
36c1d45e-e47e-43d3-a86b-3b91f7d45ed6,POS-1AF2A398,MER-9A9BF3,2026-08-10T09:50:25.422579,3274.97,0,91.6,v2.1.1,1.96,Chennai,13.0827,80.2707,1,normal,
1637e30b-036d-4147-91ba-b7a7dd9153e9,POS-0EF33479,MER-87BA54,2026-08-10T09:51:43.271606,4739.87,0,430.7,v2.1.1,2.04,Delhi,28.7041,77.1025,1,normal,
c41b6b12-1acb-44fb-82a6-20b71ea3f192,POS-0AE6C0D2,MER-897854,2026-08-10T09:55:43.739723,4868.83,0,81.0,v2.1.1,0.61,Kolkata,22.5726,88.3639,1,normal,
1d13e27b-b901-4602-b998-7424821ee02a,POS-849A1C0F,MER-D8D0DA,2026-08-10T10:33:42.901278,2587.6,0,432.9,v2.1.0,1.07,Delhi,28.7041,77.1025,1,normal,
bdafad09-e1a9-4dea-a3e9-ba02e7839a5c,POS-5B84BAFA,MER-54F0E4,2026-08-10T11:00:02.995687,3815.56,1,138.1,v2.1.1,2.22,Chennai,13.0827,80.2707,1,normal,
3f438b8c-cbac-4537-9e1b-32bc7e7e08b4,POS-055D6FBC,MER-294500,2026-08-10T11:01:45.206387,2020.07,0,229.1,v2.2.0,1.54,Kolkata,22.5726,88.3639,1,normal,
c0d31bcd-d8e3-4a1e-9b68-fd149ce0253e,POS-34F01FAC,MER-FE16C9,2026-08-10T11:02:01.578385,98.22,1,250.3,v2.1.1,2.99,Chennai,13.0827,80.2707,1,normal,
31d1c047-abd4-4301-b6b3-6a9e59849a17,POS-F66B7F18,MER-589763,2026-08-10T11:13:54.798546,231.27,0,143.8,v2.2.0,2.66,Pune,18.5204,73.8567,1,normal,
b24e72d5-c4a6-4185-9e3e-1e4ac267c24a,POS-8E784FDD,MER-40A230,2026-08-10T11:30:04.598391,6.82,1,27.8,v2.1.0,1.47,Pune,18.5204,73.8567,1,fraud,card_testing
bb376813-9f26-49ad-8480-dbf664438f12,POS-8E784FDD,MER-40A230,2026-08-10T11:30:07.388859,7.85,0,324.3,v2.1.0,0.32,Pune,18.5204,73.8567,1,fraud,card_testing
8da36773-d110-4e67-b7ae-58830a05c50f,POS-8E784FDD,MER-40A230,2026-08-10T11:30:08.073549,15.43,1,428.6,v2.1.0,1.42,Pune,18.5204,73.8567,1,fraud,card_testing
2ccf92d1-9ae8-4316-8881-ad9aa57d4fc2,POS-8E784FDD,MER-40A230,2026-08-10T11:30:10.679282,5.08,2,135.7,v2.1.0,0.4,Pune,18.5204,73.8567,1,fraud,card_testing
20a909e1-90f0-4bc1-9f9b-650e5a002b57,POS-8E784FDD,MER-40A230,2026-08-10T11:30:11.005262,13.81,1,321.1,v2.1.0,0.72,Pune,18.5204,73.8567,1,fraud,card_testing
baa2738c-b161-4590-8e80-2fda862d253b,POS-8E784FDD,MER-40A230,2026-08-10T11:30:13.580232,18.54,1,205.1,v2.1.0,1.08,Pune,18.5204,73.8567,1,fraud,card_testing
23053c8a-717e-407d-b3c1-826c59f1fbed,POS-8E784FDD,MER-40A230,2026-08-10T11:30:14.174755,16.64,1,441.8,v2.1.0,0.75,Pune,18.5204,73.8567,1,fraud,card_testing
09eee6b9-a80f-4fe7-8982-3010f042b94b,POS-8E784FDD,MER-40A230,2026-08-10T11:30:17.214677,19.01,2,180.2,v2.1.0,0.95,Pune,18.5204,73.8567,1,fraud,card_testing
62668192-3296-4ee5-8c31-78e8854fdcda,POS-8E784FDD,MER-40A230,2026-08-10T11:30:17.956794,1.7,0,54.0,v2.1.0,1.1,Pune,18.5204,73.8567,1,fraud,card_testing
43fa4224-6e60-427b-aed1-8f47c48d200d,POS-8E784FDD,MER-40A230,2026-08-10T11:30:20.050589,18.36,2,365.5,v2.1.0,1.0,Pune,18.5204,73.8567,1,fraud,card_testing
568665c2-dd3b-4451-b315-c244a707bcf3,POS-8E784FDD,MER-40A230,2026-08-10T11:30:26.147473,18.67,2,461.2,v2.1.0,0.41,Pune,18.5204,73.8567,1,fraud,card_testing
bde41842-33d2-4087-ac67-ef80c791f0e8,POS-8E784FDD,MER-40A230,2026-08-10T11:30:27.062660,6.7,2,13.0,v2.1.0,1.46,Pune,18.5204,73.8567,1,fraud,card_testing
dac04582-81ef-4672-bb8a-6b3ce77b2e7f,POS-208DB4F3,MER-C166F5,2026-08-10T11:30:53.143211,157.99,0,451.3,v2.1.1,2.35,Delhi,28.7041,77.1025,1,normal,
51ba3d30-5960-4357-adf3-dc973be8082b,POS-0FF08306,MER-2B307F,2026-08-10T11:33:59.972883,704.95,0,301.0,v2.1.1,0.52,Nagpur,21.1458,79.0882,1,normal,
9ab90b3b-c87c-4ce4-94e2-5baeac32bbe4,POS-FE25FE86,MER-76524C,2026-08-10T11:43:49.299121,2603.34,1,361.5,v2.1.0,1.65,Chennai,13.0827,80.2707,1,normal,
dd8b190b-3763-4717-9c10-89c00391e39f,POS-CC26C0E8,MER-0D1C10,2026-08-10T11:49:12.891558,2560.21,0,453.4,v2.1.0,2.69,Delhi,28.7041,77.1025,1,normal,
e6a5aae2-3e55-4f21-b36f-47bf952f5bf1,POS-1AF2A398,MER-9A9BF3,2026-08-10T11:56:17.801588,981.72,1,421.8,v2.1.1,1.4,Chennai,13.0827,80.2707,1,normal,
48a0cd3e-475a-4436-86b1-425e4a88a39e,POS-32F79BA7,MER-9F2DF0,2026-08-10T12:06:23.237230,1870.31,0,11.5,v2.2.0,2.92,Hyderabad,17.385,78.4867,1,normal,
512d3135-8e90-4085-8fb8-527d201b7cd5,POS-28402991,MER-833A0C,2026-08-10T12:06:33.203702,3614.17,0,381.2,v2.1.1,1.76,Hyderabad,17.385,78.4867,1,normal,
87c905bb-12f2-43f1-8473-70ea61735781,POS-B11F2EAD,MER-9FA357,2026-08-10T12:07:43.738409,1088.21,0,326.1,v2.2.0,1.25,Mumbai,19.076,72.8777,1,normal,
e3f9f056-d345-45e1-a765-65e0077eea10,POS-CC66C62A,MER-6E235F,2026-08-10T12:14:16.953353,1716.53,0,94.4,v2.2.0,1.4,Hyderabad,17.385,78.4867,1,normal,
366b1bf1-cb65-4469-8a0e-384a127e79fb,POS-94086F72,MER-6D8C2C,2026-08-10T12:14:24.497051,280.48,0,342.5,v2.1.0,1.2,Mumbai,19.076,72.8777,1,normal,
8a7cd58f-e899-4a9c-8399-86527ab856d2,POS-24B8E3FE,MER-C60B06,2026-08-10T12:25:01.952526,3093.0,0,439.0,v2.3.0-beta,1.83,Bengaluru,12.9716,77.5946,1,normal,
0e134936-56ac-459f-9883-8ecb029aaeb0,POS-75E7B52C,MER-837894,2026-08-10T12:35:53.028251,3901.18,0,226.6,v2.2.0,1.05,Chennai,13.0827,80.2707,1,normal,
cd577ff1-2f3a-48bc-8acb-a9cfa9acef3e,POS-D7A7B0B8,MER-0542EB,2026-08-10T12:52:01.315768,589.29,0,166.9,v2.1.1,2.52,Nagpur,21.1458,79.0882,1,normal,
d5ee43b0-eee3-40d6-921a-0441dade202f,POS-A9C6662D,MER-C0726A,2026-08-10T12:57:00.977859,4716.57,0,377.0,v2.3.0-beta,2.63,Pune,18.5204,73.8567,1,normal,
516ee9d5-b3cf-4bfc-bc8a-a4c65cc0480c,POS-AA696464,MER-59201B,2026-08-10T13:00:31.417922,751.68,1,275.5,v2.2.0,2.07,Nagpur,21.1458,79.0882,1,normal,
bc7db83a-ffec-4a07-9ad9-e1a876d7c74a,POS-BC46E34D,MER-0DC332,2026-08-10T13:10:40.682191,4682.34,0,131.1,v2.2.0,1.09,Mumbai,19.076,72.8777,1,normal,
b73b0c46-f372-4912-ba1f-1a74d2df7c66,POS-E566E75E,MER-4CD30C,2026-08-10T13:17:46.017204,1183.29,0,365.7,v2.2.0,0.76,Nagpur,21.1458,79.0882,1,normal,
4a0aeefb-8720-4561-807f-dc15ef051e54,POS-D8B3BBA8,MER-81983E,2026-08-10T13:25:29.981939,3286.09,0,29.3,v2.3.0-beta,2.56,Hyderabad,17.385,78.4867,1,normal,
5f089386-f93a-41c7-a9fe-35486499e83b,POS-198FC2BC,MER-7149CD,2026-08-10T13:30:24.928271,2049.37,0,270.5,v2.2.0,0.51,Bengaluru,12.9716,77.5946,1,normal,
783d3fe7-c62a-4f50-a5ad-401c5d51298d,POS-383A0EE8,MER-ECE86F,2026-08-10T13:31:38.322742,2302.14,0,208.5,v2.1.1,1.87,Mumbai,19.076,72.8777,1,normal,
dde03295-edff-4219-816f-90673a98b631,POS-5B84BAFA,MER-54F0E4,2026-08-10T13:34:32.586650,4152.0,1,146.5,v2.1.1,2.92,Chennai,13.0827,80.2707,1,normal,
df6dbb02-0d6b-4841-9259-ee196edf40eb,POS-CDFD9F1A,MER-243265,2026-08-10T13:48:00.363772,3839.66,0,34.5,v2.1.0,2.95,Bengaluru,12.9716,77.5946,1,normal,
5fb60015-6a54-410c-be55-95eb56dc10a5,POS-FCC69214,MER-85878E,2026-08-10T13:53:11.360008,73954.27,0,659.3,v2.2.0,0.79,Hyderabad,17.385,78.4867,1,fraud,bust_out
a8b213a1-476e-4bf9-bc35-b28975648378,POS-5B84BAFA,MER-54F0E4,2026-08-10T14:09:33.176570,3483.94,0,397.4,v2.1.1,0.95,Chennai,13.0827,80.2707,1,normal,
bb328b62-c6f3-4b86-91c9-a4b10716ddd4,POS-383A0EE8,MER-ECE86F,2026-08-10T14:14:05.477314,2599.31,0,203.3,v2.1.1,2.04,Mumbai,19.076,72.8777,1,normal,
d9841e1d-61c5-4c2c-8b76-5178a3d94eb4,POS-FC0168BE,MER-ABA7C3,2026-08-10T14:22:12.761853,3569.28,0,71.0,v2.2.0,2.92,Hyderabad,17.385,78.4867,1,normal,
5fc8cc6b-7ea2-4763-a73a-dbca103422b4,POS-383A0EE8,MER-ECE86F,2026-08-10T14:50:34.083415,1030.64,1,326.5,v2.1.1,0.99,Mumbai,19.076,72.8777,1,normal,
bf6f7e84-6dc0-4696-b26c-3617af0703e3,POS-D3B57689,MER-58F164,2026-08-10T14:50:50.707915,843.25,0,196.2,v2.2.0,0.9,Hyderabad,17.385,78.4867,1,normal,
4179fa45-9fb3-40c6-9769-e08e81d4ea0f,POS-CC66C62A,MER-6E235F,2026-08-10T15:04:17.995779,3123.21,0,122.3,v2.2.0,2.49,Hyderabad,17.385,78.4867,1,normal,
1a6e4d2f-f736-4bf6-86ee-dca0c6ce6884,POS-1B73B11B,MER-95FEFA,2026-08-10T15:06:16.531814,1689.97,0,61.6,v2.2.0,1.96,Hyderabad,17.385,78.4867,1,normal,
826d6dd4-e907-4d7f-9826-40e31fce9c61,POS-87D47970,MER-BF7D1A,2026-08-10T15:07:40.770145,2420.13,0,295.8,v2.1.0,2.12,Pune,18.5204,73.8567,1,normal,
8b081064-0c66-48a7-beca-34e172a49ae2,POS-D122D405,MER-F03908,2026-08-10T15:19:33.445528,2158.47,0,383.5,v2.1.0,2.52,Mumbai,19.076,72.8777,1,normal,
91f6100d-6db4-4049-b6eb-96d19c52b030,POS-87D47970,MER-BF7D1A,2026-08-10T15:26:27.246271,2726.31,0,106.6,v2.1.0,2.38,Pune,18.5204,73.8567,1,normal,
63b7059b-b400-410d-9821-db3a8c3557b8,POS-E566E75E,MER-4CD30C,2026-08-10T15:52:41.646200,2466.21,1,220.9,v2.2.0,0.66,Nagpur,21.1458,79.0882,1,normal,
ab1f82f5-fe64-42f0-a1f5-26f71cc7ba12,POS-1B73B11B,MER-95FEFA,2026-08-10T16:08:32.459464,1254.2,0,480.7,v2.2.0,1.65,Hyderabad,17.385,78.4867,1,normal,
b5113855-dd29-415c-81c1-3dee683d3d82,POS-38B8A946,MER-7808DD,2026-08-10T16:41:03.962105,387.77,0,357.1,v2.3.0-beta,1.59,Nagpur,21.1458,79.0882,1,normal,
505a5dbe-e2f4-4a00-9340-c38c6cf95c4e,POS-CDFD9F1A,MER-243265,2026-08-10T16:45:39.191762,4006.89,0,172.1,v2.1.0,0.71,Bengaluru,12.9716,77.5946,1,normal,
7eecd23d-237e-4e05-ad6c-f21fa8551405,POS-B27C0D31,MER-6BDAEB,2026-08-10T16:53:35.841658,3814.64,0,31.5,v2.1.1,2.38,Pune,18.5204,73.8567,1,normal,
de47204c-3c53-429a-9e94-10387e689a64,POS-B37501A9,MER-DC9CFB,2026-08-10T16:58:39.856345,538.83,1,329.3,v2.2.0,1.81,Bengaluru,12.9716,77.5946,1,normal,
2b8ffaa4-5bab-4f56-83cb-d95dcbdaf326,POS-81C99677,MER-2280B3,2026-08-10T17:14:39.334047,3966.46,0,392.1,v2.1.0,1.55,Nagpur,21.1458,79.0882,1,normal,
a8048b9d-8668-41fd-909b-223ab8786833,POS-CC26C0E8,MER-0D1C10,2026-08-10T17:31:18.120752,4431.81,1,367.9,v2.1.0,0.85,Delhi,28.7041,77.1025,1,normal,
3f87c3a4-29da-41b6-8bbe-7d3a7552d464,POS-EBF11023,MER-16D60A,2026-08-10T17:41:36.780301,2436.44,0,251.4,v2.2.0,0.85,Hyderabad,17.385,78.4867,1,normal,
10b52aa3-626a-4afa-bb6e-9ad4cf1e365d,POS-43D83AB1,MER-C30AE6,2026-08-10T17:51:10.155228,3757.52,1,200.3,v2.2.0,1.24,Kolkata,22.5726,88.3639,1,normal,
5f345567-2751-4bcc-a1c8-af9fe4a5a7b8,POS-A275E8CD,MER-DFFA45,2026-08-10T17:55:27.220233,3345.66,0,480.8,v2.1.1,0.67,Kolkata,22.5726,88.3639,1,normal,
ae45ac92-d682-41de-bb41-c3ba43571987,POS-D9E1B170,MER-4FA9A0,2026-08-10T18:00:11.633881,373.56,0,176.4,v2.1.1,1.65,Delhi,28.7041,77.1025,1,normal,
2c70eca4-0bab-4caf-8591-b61a72715206,POS-77B485D3,MER-340AFB,2026-08-10T18:01:26.283172,1806.38,0,170.8,v2.1.0,2.7,Delhi,28.7041,77.1025,1,normal,
5861b1b5-1fcb-42d9-9f11-9fb3aa1bca94,POS-77B485D3,MER-340AFB,2026-08-10T18:02:19.002026,1630.08,1,248.4,v2.1.0,0.95,Delhi,28.7041,77.1025,1,normal,
3ed79f05-425b-466a-8af8-7cc299a1c15f,POS-EBF11023,MER-16D60A,2026-08-10T18:23:18.520130,3715.12,0,111.6,v2.2.0,2.02,Hyderabad,17.385,78.4867,1,normal,
ffa7042a-432d-4bcf-a0f5-56396b1698d3,POS-70A8C312,MER-778AE7,2026-08-10T18:34:32.756632,459.22,0,398.1,v2.1.0,1.05,Chennai,13.0827,80.2707,1,normal,
92e76f3d-3a0f-4a15-9590-82f6ac546ccf,POS-0E2B0643,MER-16DFEB,2026-08-10T18:49:29.465980,3360.52,0,12.5,v2.3.0-beta,1.93,Bengaluru,12.9716,77.5946,1,normal,
a88955b7-e700-4a0a-9e07-145af062e811,POS-B81706F4,MER-CC7ACE,2026-08-10T19:10:03.956996,3734.73,0,174.0,v2.3.0-beta,1.38,Nagpur,21.1458,79.0882,1,normal,
83559340-1cfa-4f9d-b338-b686364ae523,POS-62F7C65F,MER-BAFD17,2026-08-10T19:19:12.622523,1345.24,0,404.9,v2.1.0,1.85,Delhi,28.7041,77.1025,1,normal,
bfb3dbc8-c8a8-426b-a5fb-123849aece89,POS-862B6369,MER-4CCB87,2026-08-10T19:27:52.026314,2884.75,0,37.4,v2.1.1,2.27,Nagpur,21.1458,79.0882,1,normal,
a8ce579e-27c4-49eb-bbfc-a3aea83e5816,POS-AF1B4891,MER-875B51,2026-08-10T19:34:21.813535,1916.04,0,167.8,v2.1.0,0.52,Mumbai,19.076,72.8777,1,normal,
c0338fd1-0e53-4b2f-a258-8f6c0ffdda6c,POS-7B492CC9,MER-70B109,2026-08-10T19:39:34.511614,3634.68,1,45.6,v2.1.0,1.14,Mumbai,19.076,72.8777,1,normal,
1adea032-7e83-460a-94a4-7bb5f8bbbc9b,POS-0E673AA4,MER-A73341,2026-08-10T19:41:51.862505,158.69,0,243.8,v2.2.0,2.06,Hyderabad,17.385,78.4867,1,normal,
ccbe8521-5aa6-48b2-90fb-690cb27f4f11,POS-BB1E7F2D,MER-6350FC,2026-08-10T19:43:39.074200,4516.2,0,426.9,v2.2.0,0.6,Nagpur,21.1458,79.0882,1,normal,
ae0c25a2-ffdd-4b1e-96fa-d9dea1322b37,POS-0AE6C0D2,MER-897854,2026-08-10T19:53:52.024156,4632.17,1,485.3,v2.1.1,1.43,Kolkata,22.5726,88.3639,1,normal,
7708efea-6e81-47c5-abc0-16c5b0f12a4d,POS-3637119B,MER-7355A0,2026-08-10T20:10:33.242086,1037.5,1,88.3,v2.1.1,2.26,Hyderabad,17.385,78.4867,1,normal,
defcbe73-3717-41c0-9eca-7e9ca0584c6e,POS-4167FD28,MER-DA1B0B,2026-08-10T20:19:24.172673,4927.54,0,245.9,v2.1.0,2.96,Delhi,28.7041,77.1025,1,normal,
9f88e7fe-651a-4be3-8143-b9129dbdd507,POS-2D6C822A,MER-CA6F11,2026-08-10T20:33:47.222118,1728.92,1,66.8,v2.1.0,1.29,Kolkata,22.5726,88.3639,1,normal,
efe0ebc2-0e95-462e-b391-cefbc83fcd91,POS-EDC02D19,MER-6176CA,2026-08-10T20:46:51.110501,289.03,1,143.3,v2.1.0,1.46,Chennai,13.0827,80.2707,1,normal,
8e3c3502-fb7c-4c3b-a02d-3e8f4cd145ff,POS-D9E1B170,MER-4FA9A0,2026-08-10T20:48:05.686738,3223.43,0,421.7,v2.1.1,2.84,Delhi,28.7041,77.1025,1,normal,
4613916e-bd64-496a-b9bc-7ccb1176e584,POS-36A2CBE2,MER-7D9478,2026-08-10T20:49:28.428984,3514.19,0,333.4,v2.1.1,2.0,Mumbai,19.076,72.8777,1,normal,
b5de5b7f-cfe2-4dba-996c-55bee39f73db,POS-D5B36245,MER-8A9DAF,2026-08-10T20:58:55.716021,1954.67,1,300.6,v2.1.1,1.28,Kolkata,22.5726,88.3639,1,normal,
1a5e7d89-d0b0-43cd-a8e9-9123f0243be8,POS-FC80D3D1,MER-FD74EE,2026-08-10T21:18:03.691322,864.17,0,100.0,v2.1.1,1.0,Mumbai,19.076,72.8777,1,normal,
47fddbcf-019d-41a9-9939-a2aa881faf2c,POS-87CA5368,MER-503568,2026-08-10T21:27:47.429376,1648.18,0,169.5,v2.3.0-beta,1.94,Pune,18.5204,73.8567,1,normal,
f19aaae0-d4e8-4606-af64-269e0712a5d4,POS-38B8A946,MER-7808DD,2026-08-10T21:33:04.187642,2684.38,1,271.4,v2.3.0-beta,2.64,Nagpur,21.1458,79.0882,1,normal,
6ad9bd46-dcd8-467b-9d28-a103657b364d,POS-CD16D1EF,MER-7BDF7F,2026-08-10T21:35:18.670739,2975.87,0,52.9,v2.1.0,2.45,Mumbai,19.076,72.8777,1,normal,
e2fae69a-940a-444c-8148-228f8d7794f4,POS-383A0EE8,MER-ECE86F,2026-08-10T21:59:30.083228,1838.19,0,279.0,v2.1.1,0.6,Mumbai,19.076,72.8777,1,normal,
5a9a5879-91c6-4be2-abc2-e5f3a28729e5,POS-10016958,MER-25A16E,2026-08-10T22:08:26.404017,1944.51,1,87.2,v2.1.1,1.04,Delhi,28.7041,77.1025,1,normal,
aeb97c42-afe5-4dbc-84a5-c2c2148755f2,POS-B7140521,MER-A41052,2026-08-10T22:16:46.023300,1157.77,0,17.0,v2.1.0,2.63,Nagpur,21.1458,79.0882,1,normal,
89389908-6e4f-4af1-9723-bfef3217358c,POS-A9C6662D,MER-C0726A,2026-08-10T22:21:02.633212,1383.81,12,466.8,v2.3.0-beta,15.11,Pune,18.5204,73.8567,1,fraud,retry_storm
0e972b8e-5aa1-475d-a02c-b04a840624cd,POS-CBA73359,MER-269861,2026-08-10T22:25:51.853645,4066.71,0,84.1,v2.1.1,1.25,Hyderabad,17.385,78.4867,1,normal,
630847f3-ea67-43c2-af60-8d4e49b3fbf1,POS-FC80D3D1,MER-FD74EE,2026-08-10T22:35:10.062637,1226.33,1,414.9,v2.1.1,1.26,Mumbai,19.076,72.8777,1,normal,
5a5161f1-040a-4199-b3f5-929531e2a8bc,POS-7B3948DF,MER-2C19A0,2026-08-10T23:03:10.693807,4259.91,0,348.0,v2.1.0,0.76,Mumbai,19.076,72.8777,1,normal,
ee65d923-a581-435d-9ac0-3e5c1d9abcf5,POS-00CFCF07,MER-73C8B8,2026-08-10T23:13:12.872134,3597.19,0,208.3,v2.3.0-beta,1.71,Kolkata,22.5726,88.3639,1,normal,
98c0a476-d387-4205-85d4-cd5434dfb145,POS-6C1EE20B,MER-F3F810,2026-08-10T23:22:54.756539,304.82,0,12.2,v2.1.1,2.55,Bengaluru,12.9716,77.5946,1,normal,
22f6b21a-378a-48c7-8b09-4716a07d0155,POS-EDC02D19,MER-6176CA,2026-08-10T23:27:34.917462,3635.17,1,26.6,v2.1.0,1.98,Chennai,13.0827,80.2707,1,normal,
c1afffbb-cd88-4e94-89b5-11b5ef80c777,POS-FC80D3D1,MER-FD74EE,2026-08-10T23:28:40.386382,2301.3,0,467.1,v2.1.1,0.9,Mumbai,19.076,72.8777,1,normal,
3f64afcd-f014-4087-8ed2-e65f6dc9c99e,POS-BB11FCF8,MER-275B28,2026-08-10T23:39:52.961534,3290.31,0,129.4,v2.1.0,2.55,Mumbai,19.076,72.8777,1,normal,
7ee4f073-3810-4b7d-9784-217e41c28e1d,POS-77136499,MER-3E00AA,2026-08-10T23:42:07.755800,3990.53,1,293.8,v2.3.0-beta,2.74,Bengaluru,12.9716,77.5946,1,normal,
4a56e230-3003-4ec2-b233-9327737acc10,POS-778516AB,MER-714018,2026-08-10T23:48:46.089956,2856.09,0,79.5,v2.1.0,2.43,Delhi,28.7041,77.1025,1,normal,
1fd4af54-444e-4d54-8384-6612965fb5c9,POS-F66B7F18,MER-589763,2026-08-10T23:54:41.125856,4799.4,0,161.6,v2.2.0,2.27,Pune,18.5204,73.8567,1,normal,
f8274aad-cfef-4842-bd7a-02ef416d33c1,POS-A320C8AA,MER-9451DE,2026-08-10T23:59:06.738154,1989.89,0,471.9,v2.2.0,1.92,Nagpur,21.1458,79.0882,1,normal,
a33390ad-71bd-4931-ba2e-74d52406576b,POS-74235C6B,MER-4BCD8F,2026-08-11T00:07:33.334849,4175.1,0,37.0,v2.1.1,2.65,Pune,18.5204,73.8567,1,normal,
354d75b3-3782-450a-bcb8-6d0f84ab7922,POS-47CB19EB,MER-7848E9,2026-08-11T00:13:35.922060,2494.29,0,299.4,v2.2.0,2.72,Bengaluru,12.9716,77.5946,1,normal,
e36001a7-9b81-4bce-a672-08d570ffc36b,POS-6439ED84,MER-ADB4F6,2026-08-11T00:24:29.292882,1814.6,0,401.0,v2.2.0,1.6,Hyderabad,17.385,78.4867,1,normal,
499fbf3f-8cc7-4e91-b070-8973800e7637,POS-7B492CC9,MER-70B109,2026-08-11T00:26:17.814875,4479.45,1,68.3,v2.1.0,0.62,Mumbai,19.076,72.8777,1,normal,
417462d9-37c2-4c65-8bb7-72c050ec5cdd,POS-849A1C0F,MER-D8D0DA,2026-08-11T00:31:18.701453,1866.12,0,484.5,v2.1.0,1.54,Delhi,28.7041,77.1025,1,normal,
27144baf-5e0a-4517-9bc2-4a36357d4df2,POS-2F039298,MER-2CFF75,2026-08-11T00:53:31.630631,4621.63,1,66.6,v2.3.0-beta,2.89,Bengaluru,12.9716,77.5946,1,normal,
13cb49c6-88a9-4f5e-8bac-ff35ca46357f,POS-5B84BAFA,MER-54F0E4,2026-08-11T00:53:55.571987,3561.3,1,465.8,v2.1.1,1.18,Chennai,13.0827,80.2707,1,normal,
b7734923-d5cf-4224-b1ab-2f5b82912385,POS-10016958,MER-25A16E,2026-08-11T01:03:04.997288,2564.24,0,221.2,v2.1.1,1.42,Delhi,28.7041,77.1025,1,normal,
1a5fdc05-d4cd-48e1-b984-27fbbdaa32a1,POS-105BE397,MER-3B97DB,2026-08-11T01:06:22.469302,2685.92,0,429.7,v2.1.0,1.74,Chennai,13.0827,80.2707,1,normal,
161d68b1-ee2f-4f27-9a11-7726cdbe50c7,POS-DD8321BF,MER-250C33,2026-08-11T01:11:16.836564,3439.94,0,101.6,v2.1.0,2.98,Pune,18.5204,73.8567,1,normal,
2be41c57-d130-4f51-ac5b-d2d9cc9afe86,POS-80C06FB8,MER-0D360C,2026-08-11T01:12:56.759590,2890.66,0,133.7,v2.1.0,1.5,Delhi,28.7041,77.1025,1,normal,
217fa543-d01c-44aa-b4de-b42302abe97f,POS-A9C6662D,MER-C0726A,2026-08-11T01:23:42.762891,2122.37,0,408.6,v2.3.0-beta,2.5,Pune,18.5204,73.8567,1,normal,
c91a8220-c80d-473d-9c02-9d0fc60a3939,POS-7F1981DF,MER-B33B9B,2026-08-11T01:58:22.286242,1954.08,0,137.5,v2.2.0,2.91,Nagpur,21.1458,79.0882,1,normal,
10c7f2fd-3a3b-4cc0-a2b1-76846b3d72c3,POS-15DBCFD0,MER-2D83F7,2026-08-11T02:02:36.176470,3175.63,1,421.7,v2.2.0,2.07,Hyderabad,17.385,78.4867,1,normal,
7ca16e3c-f5e7-4f10-85ae-9cd20ac2e348,POS-F1C56238,MER-7963AE,2026-08-11T02:06:34.287728,3908.58,1,226.0,v2.2.0,1.13,Kolkata,22.5726,88.3639,1,normal,
0ebca2a0-1628-45c9-b64e-687cdec53d3d,POS-73F6AE86,MER-2BE75A,2026-08-11T02:21:23.147810,388.27,0,264.9,v2.3.0-beta,2.29,Chennai,13.0827,80.2707,1,normal,
db884979-6e49-44b1-9c49-98cf3a81b9f7,POS-B11F2EAD,MER-9FA357,2026-08-11T02:30:13.830538,4594.35,0,365.7,v2.2.0,1.42,Mumbai,19.076,72.8777,1,normal,
b445ca21-f7dd-432f-856f-d129e4acadc3,POS-5E1A46C9,MER-4361C1,2026-08-11T02:41:07.463168,1164.92,0,168.6,v2.1.1,2.3,Delhi,28.7041,77.1025,1,normal,
a88eb895-56c5-41ad-ba72-47782a3ad172,POS-70A8C312,MER-778AE7,2026-08-11T02:52:38.828866,4005.18,0,95.9,v2.1.0,2.81,Chennai,13.0827,80.2707,1,normal,
68da1f97-8d12-4186-ac66-a526e241890e,POS-03C6BBBA,MER-C61A54,2026-08-11T02:59:39.430330,2815.22,0,170.6,v2.3.0-beta,0.79,Nagpur,21.1458,79.0882,1,normal,
bc2cbed0-ede8-48eb-b54a-9450657d1190,POS-5EB40BC5,MER-FF8806,2026-08-11T03:31:18.137781,1586.52,1,19.8,v2.1.0,1.42,Kolkata,22.5726,88.3639,1,normal,
7eb89496-b16f-4355-8e1c-87366465dcfd,POS-F5C825B8,MER-3430AF,2026-08-11T03:33:28.881161,815.91,1,112.9,v2.1.1,0.77,Pune,18.5204,73.8567,1,normal,
706bd547-fb04-4f30-a332-fc5f40a93f98,POS-77136499,MER-3E00AA,2026-08-11T03:35:38.232330,4454.56,1,31.3,v2.3.0-beta,2.43,Bengaluru,12.9716,77.5946,1,normal,
9f5fe13f-f938-45f3-9a84-dc46da512f3f,POS-FD4A2FB5,MER-DB7A61,2026-08-11T03:37:10.427418,2347.87,0,138.9,v2.1.1,0.98,Delhi,28.7041,77.1025,1,normal,
ca8836b7-913a-447d-af67-30d6a38aaa96,POS-6C3D83AB,MER-BCAE45,2026-08-11T03:37:45.086678,1374.67,0,154.4,v2.1.0,2.76,Bengaluru,12.9716,77.5946,1,normal,
82c9d01d-7ed1-4076-ac92-59ad7ddc004e,POS-D8B3BBA8,MER-81983E,2026-08-11T04:00:51.395104,2072.5,0,124.0,v2.3.0-beta,1.65,Hyderabad,17.385,78.4867,1,normal,
c71770dc-3803-4c63-bb8e-536ceb5b000b,POS-00CFCF07,MER-73C8B8,2026-08-11T04:05:23.111883,2930.33,0,402.0,v2.3.0-beta,1.19,Kolkata,22.5726,88.3639,1,normal,
88936570-55e6-4ca3-8f7d-841ccc4e831f,POS-4FA685DF,MER-202A96,2026-08-11T04:36:43.252004,2468.68,0,348.5,v2.3.0-beta,2.13,Hyderabad,17.385,78.4867,1,normal,
5f1c13c7-79a0-4487-91d2-c6a44dcdd571,POS-AA696464,MER-59201B,2026-08-11T04:39:17.643381,4673.18,0,134.6,v2.2.0,1.43,Nagpur,21.1458,79.0882,1,normal,
76732ba6-4825-429c-a399-31d04535075f,POS-CC8EC905,MER-15DD11,2026-08-11T04:44:04.461027,3237.17,0,55.9,v2.1.0,1.41,Hyderabad,17.385,78.4867,1,normal,
fdbbadae-5d3c-4aa9-a43b-923b7514f370,POS-055D6FBC,MER-294500,2026-08-11T05:18:03.278918,2033.01,0,455.1,v2.2.0,1.4,Kolkata,22.5726,88.3639,1,normal,
bc17a774-fbf3-47c7-be00-afefed47d727,POS-87CA5368,MER-503568,2026-08-11T05:21:48.666599,3978.99,0,329.8,v2.3.0-beta,1.21,Pune,18.5204,73.8567,1,normal,
8e7e4708-29f6-4256-b492-6b137dca3947,POS-5CD2AFE7,MER-C65F5C,2026-08-11T05:31:37.914898,3513.16,0,238.6,v2.3.0-beta,1.23,Hyderabad,17.385,78.4867,1,normal,
1320cbd6-ba1e-41f4-b113-a835d396dd64,POS-D7A7B0B8,MER-0542EB,2026-08-11T06:04:24.773939,2473.63,1,238.7,v2.1.1,1.91,Nagpur,21.1458,79.0882,1,normal,
b105540e-284a-4e3c-9124-13bd7a721a0d,POS-D9E1B170,MER-4FA9A0,2026-08-11T06:04:41.854755,2372.7,0,211.1,v2.1.1,2.9,Delhi,28.7041,77.1025,1,normal,
5960cf69-a9a7-4143-8e39-43b2dec8fdcd,POS-5B84BAFA,MER-54F0E4,2026-08-11T06:13:06.651076,2547.06,1,450.5,v2.1.1,2.74,Chennai,13.0827,80.2707,1,normal,
2633bc1f-1d10-4099-b0a0-7a59d81dd49e,POS-A77B64DE,MER-1A5D0B,2026-08-11T06:15:42.027805,913.76,0,176.6,v2.1.0,2.3,Kolkata,22.5726,88.3639,1,normal,
c0de6b11-2c94-4a2e-b1ca-45407d755cd2,POS-20AF02F8,MER-8C904C,2026-08-11T06:39:21.300007,3843.89,0,382.6,v2.1.0,2.0,Hyderabad,17.385,78.4867,1,normal,
872c7431-86a0-48ee-b962-c8f9c475f5ee,POS-0AE6C0D2,MER-897854,2026-08-11T06:52:06.059282,2568.24,1,22.9,v2.1.1,2.75,Kolkata,22.5726,88.3639,1,normal,
dbbf6405-cfd6-4cae-b895-5e24ecf24d13,POS-F1C56238,MER-7963AE,2026-08-11T07:03:25.429776,3590.02,1,220.8,v2.2.0,1.76,Kolkata,22.5726,88.3639,1,normal,
d77d0db2-778b-48b0-9f83-ed1ad64b6184,POS-A77B64DE,MER-1A5D0B,2026-08-11T07:44:26.908388,3171.71,0,95.7,v2.1.0,1.6,Kolkata,22.5726,88.3639,1,normal,
a6b0d475-6c2d-411a-858f-4c01538552de,POS-20AF02F8,MER-8C904C,2026-08-11T07:59:53.486973,1912.83,0,258.7,v2.1.0,1.38,Hyderabad,17.385,78.4867,1,normal,
b75864dd-078a-4e0a-8303-fddec0f2165b,POS-E9D66DA1,MER-38119E,2026-08-11T08:06:50.731308,4938.83,0,380.2,v2.1.1,0.83,Pune,18.5204,73.8567,1,normal,
727f5fec-8136-430b-9081-534f3ecbd8d5,POS-FA8E124D,MER-079B19,2026-08-11T08:08:48.800893,2207.09,0,158.5,v2.1.1,2.99,Delhi,28.7041,77.1025,1,normal,
36218ae9-91fd-48e6-977f-5d96c157c1fd,POS-1AF2A398,MER-9A9BF3,2026-08-11T08:11:56.146377,2597.69,0,356.1,v2.1.1,1.89,Chennai,13.0827,80.2707,1,normal,
b2f81637-22cc-4bdc-a1f7-fbf1ca094b43,POS-70A8C312,MER-778AE7,2026-08-11T09:02:02.205111,1189.38,0,233.2,v2.1.0,2.05,Chennai,13.0827,80.2707,1,normal,
7f9ab778-b40e-46ee-a7af-7090e29be59d,POS-198FC2BC,MER-7149CD,2026-08-11T09:05:19.661759,4783.48,0,8.8,v2.2.0,1.3,Bengaluru,12.9716,77.5946,1,normal,
48d0a9f7-2e67-4bf0-83ff-f643ee8363f5,POS-CBA73359,MER-269861,2026-08-11T09:10:04.245340,3456.8,0,217.0,v2.1.1,2.32,Hyderabad,17.385,78.4867,1,normal,
0b548e92-cdf3-4d76-aedf-11616e6791f5,POS-FCC69214,MER-85878E,2026-08-11T09:16:58.230405,525.13,0,213.8,v2.2.0,2.62,Hyderabad,17.385,78.4867,1,normal,
1dfaa773-499b-410d-967e-19013fadde45,POS-0AE6C0D2,MER-897854,2026-08-11T09:18:08.267098,1293.63,1,106.1,v2.1.1,1.33,Kolkata,22.5726,88.3639,1,normal,
45c9758f-382c-4303-942d-3c4efe18b883,POS-A8756576,MER-414EF8,2026-08-11T09:24:12.549366,2106.07,1,80.9,v2.1.0,2.29,Pune,18.5204,73.8567,1,normal,
402762c3-bb17-440b-9cad-31054d52596d,POS-6C1EE20B,MER-F3F810,2026-08-11T09:30:53.385360,1273.67,0,237.4,v2.1.1,2.58,Bengaluru,12.9716,77.5946,1,normal,
d4ef50b4-107b-44f7-9882-684b13f3a076,POS-80C06FB8,MER-0D360C,2026-08-11T09:33:42.362323,4042.23,0,182.7,v2.1.0,0.67,Delhi,28.7041,77.1025,1,normal,
8245ae5a-01ba-49f9-92de-455779e8e6f8,POS-B93996C3,MER-901889,2026-08-11T09:34:37.612548,3404.7,0,157.3,v2.3.0-beta,0.53,Delhi,28.7041,77.1025,1,normal,
4e759dae-1228-4baf-99a2-ab3f323cfc12,POS-74235C6B,MER-4BCD8F,2026-08-11T09:35:49.250308,1140.97,0,325.4,v2.1.1,2.75,Pune,18.5204,73.8567,1,normal,
9d28eb85-89ce-4cf1-ac1f-37b78425607d,POS-15DBCFD0,MER-2D83F7,2026-08-11T09:49:31.646300,2726.91,0,47.3,v2.2.0,1.88,Hyderabad,17.385,78.4867,1,normal,
c9b2b8c3-5689-4041-b891-0f455e2b3355,POS-F1C56238,MER-7963AE,2026-08-11T09:52:38.286518,3311.97,0,12.2,v2.2.0,2.4,Kolkata,22.5726,88.3639,1,normal,
7ff496a2-3f88-4385-a49f-e6876f18328d,POS-BB1E7F2D,MER-6350FC,2026-08-11T10:07:27.455615,3.26,0,12.5,v2.2.0,1.45,Nagpur,21.1458,79.0882,1,fraud,card_testing
b6c74efe-816c-427c-b8ac-e2a1120179f7,POS-BB1E7F2D,MER-6350FC,2026-08-11T10:07:30.288797,10.39,1,371.3,v2.2.0,1.0,Nagpur,21.1458,79.0882,1,fraud,card_testing
7e33f057-cdd0-465a-9a8d-4d8be5c320ef,POS-BB1E7F2D,MER-6350FC,2026-08-11T10:07:31.006799,8.31,2,314.3,v2.2.0,1.28,Nagpur,21.1458,79.0882,1,fraud,card_testing
776d30b2-965a-4928-a5d0-d104383273a9,POS-BB1E7F2D,MER-6350FC,2026-08-11T10:07:31.992368,1.17,2,169.1,v2.2.0,0.95,Nagpur,21.1458,79.0882,1,fraud,card_testing
cdfd8ecb-72b7-4052-a341-65dba9168a78,POS-BB1E7F2D,MER-6350FC,2026-08-11T10:07:35.243008,15.69,2,230.5,v2.2.0,1.16,Nagpur,21.1458,79.0882,1,fraud,card_testing
13789f67-e5fe-430b-aa70-51809442eebb,POS-BB1E7F2D,MER-6350FC,2026-08-11T10:07:39.050890,17.77,1,47.1,v2.2.0,1.02,Nagpur,21.1458,79.0882,1,fraud,card_testing
475a05e7-445b-40a4-9e57-b0bbbc8072fa,POS-BB1E7F2D,MER-6350FC,2026-08-11T10:07:40.448757,1.77,0,460.8,v2.2.0,1.28,Nagpur,21.1458,79.0882,1,fraud,card_testing
e939d78b-a8af-41c0-8026-f15b5e5a1e0c,POS-BB1E7F2D,MER-6350FC,2026-08-11T10:07:45.095293,2.56,2,213.2,v2.2.0,1.5,Nagpur,21.1458,79.0882,1,fraud,card_testing
fd4aa0dc-cb1c-479f-8557-d09752ffa058,POS-BB1E7F2D,MER-6350FC,2026-08-11T10:07:54.876873,10.79,2,110.3,v2.2.0,0.82,Nagpur,21.1458,79.0882,1,fraud,card_testing
894032b4-35a9-46a2-a727-960dd086469f,POS-BB1E7F2D,MER-6350FC,2026-08-11T10:07:56.823262,14.74,0,476.6,v2.2.0,0.4,Nagpur,21.1458,79.0882,1,fraud,card_testing
04d644a9-b037-430c-b698-fb5a1d1dffa0,POS-BB1E7F2D,MER-6350FC,2026-08-11T10:07:56.828468,14.19,1,251.1,v2.2.0,1.21,Nagpur,21.1458,79.0882,1,fraud,card_testing
d7849b09-d65b-4580-afc1-445d2e9baa7f,POS-982191FD,MER-C18197,2026-08-11T10:08:06.425895,1774.09,0,219.6,v2.2.0,2.24,Delhi,28.7041,77.1025,1,normal,
2eabd929-ff23-4504-8588-9c30a5b06700,POS-BB1E7F2D,MER-6350FC,2026-08-11T10:08:10.229756,6.87,0,95.4,v2.2.0,0.61,Nagpur,21.1458,79.0882,1,fraud,card_testing
f5a5b97e-5203-41b1-9d7c-31cf78581177,POS-B7140521,MER-A41052,2026-08-11T10:08:48.399459,4911.47,1,195.2,v2.1.0,2.9,Nagpur,21.1458,79.0882,1,normal,
6f3f5c15-2d80-4b6b-afae-460987c246df,POS-A8756576,MER-414EF8,2026-08-11T10:19:13.805348,4890.74,0,371.8,v2.1.0,1.5,Pune,18.5204,73.8567,1,normal,
e507e371-65b4-4462-b24d-8a022604f3af,POS-8BA2BC27,MER-CDDE89,2026-08-11T10:34:52.428855,1883.37,0,349.1,v2.1.1,1.57,Bengaluru,12.9716,77.5946,1,normal,
bdffcee4-3661-48eb-ab60-b9e05028e6f8,POS-CC8EC905,MER-15DD11,2026-08-11T10:41:21.844147,1853.16,0,120.9,v2.1.0,2.37,Hyderabad,17.385,78.4867,1,normal,
364d6def-2d12-4093-882f-dfddd52d787d,POS-4167FD28,MER-DA1B0B,2026-08-11T10:52:47.297168,4930.8,0,303.5,v2.1.0,1.78,Delhi,28.7041,77.1025,1,normal,
dd8476ca-c733-4f3d-b163-b6e16b0b197b,POS-DD8321BF,MER-250C33,2026-08-11T10:54:05.200734,4551.23,1,413.4,v2.1.0,2.01,Pune,18.5204,73.8567,1,normal,
10535b66-5c0f-40f9-bb17-0d87cd058500,POS-849A1C0F,MER-D8D0DA,2026-08-11T10:54:37.416170,175.1,0,27.5,v2.1.0,0.64,Delhi,28.7041,77.1025,1,normal,
c35c5360-2879-4f59-9f60-417f314da8cd,POS-34F01FAC,MER-FE16C9,2026-08-11T11:07:45.700579,1484.42,0,152.5,v2.1.1,1.22,Chennai,13.0827,80.2707,1,normal,
71edf136-24a2-49f2-9429-2276374c0863,POS-7B3948DF,MER-2C19A0,2026-08-11T11:33:10.459878,3068.54,0,187.1,v2.1.0,1.21,Mumbai,19.076,72.8777,1,normal,
bf1e57e9-cc34-42a8-b3c0-de6b642ebb70,POS-5CD2AFE7,MER-C65F5C,2026-08-11T11:37:53.470775,3619.86,1,74.7,v2.3.0-beta,2.2,Hyderabad,17.385,78.4867,1,normal,
596c7864-f86a-431d-8649-bc70839363e0,POS-F66B7F18,MER-589763,2026-08-11T11:40:22.428196,4451.84,0,425.7,v2.2.0,1.67,Pune,18.5204,73.8567,1,normal,
13704f1c-3d2a-4d99-97b7-dfe334cd7e43,POS-B66D5760,MER-221884,2026-08-11T11:58:54.316566,3289.88,1,86.1,v2.1.0,1.44,Hyderabad,17.385,78.4867,1,normal,
7c2cf538-7737-445a-a39c-e427d1ff5b53,POS-B9828EE6,MER-E676A0,2026-08-11T12:14:35.501948,2664.46,0,40.0,v2.2.0,1.91,Pune,18.5204,73.8567,1,normal,
a1191bfe-25af-4aa3-a6d3-1c4544a2c605,POS-5EB40BC5,MER-FF8806,2026-08-11T12:16:33.061936,3910.69,0,400.3,v2.1.0,1.41,Kolkata,22.5726,88.3639,1,normal,
1dc842f9-ed18-4c94-a5e2-2416a64572f9,POS-B27C0D31,MER-6BDAEB,2026-08-11T12:20:02.091547,3857.36,0,63.5,v2.1.1,1.29,Pune,18.5204,73.8567,1,normal,
050d1f1f-d276-4baf-a012-9ae1f569c48d,POS-8E784FDD,MER-40A230,2026-08-11T12:23:50.201291,4036.65,0,354.1,v2.1.0,2.52,Pune,18.5204,73.8567,1,normal,
0162ca93-2986-4413-821a-2926843a602a,POS-AD5BA00A,MER-5FE21C,2026-08-11T12:55:42.137152,1576.68,0,198.2,v2.3.0-beta,2.0,Pune,18.5204,73.8567,1,normal,
3532d91b-d4c0-4682-876f-73e54aaa0749,POS-E9D66DA1,MER-38119E,2026-08-11T13:14:33.667666,2910.53,1,488.2,v2.1.1,1.3,Pune,18.5204,73.8567,1,normal,
3a3cc65c-d2fe-4b06-8234-2addc441d050,POS-849A1C0F,MER-D8D0DA,2026-08-11T13:25:05.347118,2722.68,0,236.8,v2.1.0,2.99,Delhi,28.7041,77.1025,1,normal,
a574ce71-d713-45c3-a00e-56e3113a57dd,POS-EEE16951,MER-D3A1BB,2026-08-11T13:35:39.207787,367.62,0,121.9,v2.3.0-beta,2.18,Bengaluru,12.9716,77.5946,1,normal,
160ac67f-c5a7-4742-8ed5-cb847f8c533b,POS-77136499,MER-3E00AA,2026-08-11T13:55:47.996472,3684.79,0,39.9,v2.3.0-beta,1.04,Bengaluru,12.9716,77.5946,1,normal,
56c4f2d8-adde-420d-842d-5c8d39438aaf,POS-75E7B52C,MER-837894,2026-08-11T14:17:25.980153,3665.38,0,125.2,v2.2.0,2.0,Chennai,13.0827,80.2707,1,normal,
62acc23c-c3b4-474c-ade6-4d56ef677347,POS-CD16D1EF,MER-7BDF7F,2026-08-11T14:38:57.349147,1551.55,0,160.4,v2.1.0,1.11,Mumbai,19.076,72.8777,1,normal,
25c50b5b-cb6d-4ef7-8ca0-bd631f48d44d,POS-FC0168BE,MER-ABA7C3,2026-08-11T14:54:09.561669,4728.5,0,171.9,v2.2.0,1.15,Hyderabad,17.385,78.4867,1,normal,
e78e12fd-42a5-4342-bff4-baa79f8498ee,POS-483FD0E6,MER-A77E7B,2026-08-11T14:56:18.343032,2422.38,0,226.8,v2.2.0,1.1,Kolkata,22.5726,88.3639,1,normal,
1d6dde80-aa7c-4db7-95ad-33eb47cd7088,POS-AB472E48,MER-7D45F8,2026-08-11T15:00:10.058818,1980.41,1,98.6,v2.1.0,2.2,Bengaluru,12.9716,77.5946,1,normal,
bd7c3712-da14-4508-92dd-b10aca6867a7,POS-38B8A946,MER-7808DD,2026-08-11T15:21:01.963032,3253.97,1,19.1,v2.3.0-beta,2.89,Nagpur,21.1458,79.0882,1,normal,
438b8a44-4deb-4184-bc44-bcd32d0d1871,POS-8BA2BC27,MER-CDDE89,2026-08-11T15:35:46.068292,3318.99,0,271.2,v2.1.1,1.37,Bengaluru,12.9716,77.5946,1,normal,
3caed79c-3807-4880-b9fc-25e16c03770d,POS-5190E155,MER-85B4C2,2026-08-11T15:45:26.356293,2013.95,1,52.7,v2.1.0,2.89,Delhi,28.7041,77.1025,1,normal,
170b31c1-302e-450b-9706-153d3dcb6e3d,POS-3BD6788B,MER-FA377E,2026-08-11T15:56:19.660701,3153.32,0,335.5,v2.1.0,2.43,Pune,18.5204,73.8567,1,normal,
3c495e03-934f-4c6f-8cba-44380eb9533b,POS-DD8321BF,MER-250C33,2026-08-11T16:06:27.454157,810.68,0,96.7,v2.1.0,1.88,Pune,18.5204,73.8567,1,normal,
3162b621-2b71-4898-a977-cfba9e58c966,POS-9CD505AA,MER-1F157D,2026-08-11T16:08:55.030337,651.38,0,202.9,v2.1.1,1.75,Pune,18.5204,73.8567,1,normal,
f6ef03fc-a708-445c-91b3-45c5be869179,POS-BB1E7F2D,MER-6350FC,2026-08-11T16:18:41.911647,1612.85,1,150.7,v2.2.0,1.91,Nagpur,21.1458,79.0882,1,normal,
42d68992-49e4-4438-89d7-865d0735164c,POS-D8B3BBA8,MER-81983E,2026-08-11T16:24:33.168001,4308.46,0,276.7,v2.3.0-beta,0.63,Hyderabad,17.385,78.4867,1,normal,
e2e3fc36-3716-4edb-83ea-f9480c112ce2,POS-BB1E7F2D,MER-6350FC,2026-08-11T16:27:05.067840,3112.0,0,362.3,v2.2.0,1.3,Nagpur,21.1458,79.0882,1,normal,
8399d1bf-99f1-4d9d-ac2a-48c8b6ec7d2d,POS-77B485D3,MER-340AFB,2026-08-11T16:54:09.780987,4880.08,0,436.2,v2.1.0,2.78,Delhi,28.7041,77.1025,1,normal,
9151c875-7f7c-4e64-b0a0-be38f0e923c4,POS-3637119B,MER-7355A0,2026-08-11T16:55:25.195212,4502.49,1,9.2,v2.1.1,2.67,Hyderabad,17.385,78.4867,1,normal,
4e6ccd35-3624-4b24-b593-d723997b0d15,POS-208DB4F3,MER-C166F5,2026-08-11T16:55:37.232568,1862.59,1,318.8,v2.1.1,1.92,Delhi,28.7041,77.1025,1,normal,
1414c64e-3140-4e26-9247-1e1232f91aaa,POS-A8756576,MER-414EF8,2026-08-11T17:06:18.206808,4155.56,0,135.0,v2.1.0,2.18,Pune,18.5204,73.8567,1,normal,
154a3c14-401b-45f9-84c9-32d2614a38ac,POS-3637119B,MER-7355A0,2026-08-11T17:09:15.441853,1469.11,1,403.3,v2.1.1,2.77,Hyderabad,17.385,78.4867,1,normal,
6a090e06-ff86-417d-ab45-b8416b823a31,POS-AD42C2FB,MER-96DF46,2026-08-11T17:15:28.818809,2614.07,0,108.9,v2.1.1,1.41,Mumbai,19.076,72.8777,1,normal,
f5ea0016-e064-4b84-9313-952829b99701,POS-FA8E124D,MER-079B19,2026-08-11T17:33:16.948689,2301.19,0,292.7,v2.1.1,2.56,Delhi,28.7041,77.1025,1,normal,
1df07d2c-77ae-46ab-aa0b-a4ee2656b251,POS-F66B7F18,MER-589763,2026-08-11T17:46:38.125979,505.13,0,441.8,v2.2.0,2.16,Pune,18.5204,73.8567,1,normal,
721de292-69a2-45b4-83b7-5aa13c0927c9,POS-AF1B4891,MER-875B51,2026-08-11T17:49:58.739902,4737.55,0,105.8,v2.1.0,2.35,Mumbai,19.076,72.8777,1,normal,
4137f451-b10a-47e0-9f48-5b38edbccb36,POS-BB11FCF8,MER-275B28,2026-08-11T18:01:01.568318,2147.57,1,21.9,v2.1.0,2.53,Mumbai,19.076,72.8777,1,normal,
ddd43851-6ebc-4bf8-96f3-f6fb9e979b99,POS-B7140521,MER-A41052,2026-08-11T18:06:40.022403,1688.62,0,312.9,v2.1.0,1.99,Nagpur,21.1458,79.0882,1,normal,
e8f9e4d7-e105-4770-8200-733c8fe732f6,POS-CC66C62A,MER-6E235F,2026-08-11T18:20:45.140830,3686.44,0,244.6,v2.2.0,1.18,Hyderabad,17.385,78.4867,1,normal,
5032b3a3-7ea7-4450-b18e-8f107fabeb94,POS-20AF02F8,MER-8C904C,2026-08-11T18:33:06.039274,4468.23,1,336.5,v2.1.0,1.38,Hyderabad,17.385,78.4867,1,normal,
71122b86-9614-4b2a-b80e-2e2908ae338f,POS-055D6FBC,MER-294500,2026-08-11T18:40:12.218879,3441.16,0,449.0,v2.2.0,1.38,Kolkata,22.5726,88.3639,1,normal,
2378d582-96b4-4d01-9fa1-8d1e85676025,POS-8BA2BC27,MER-CDDE89,2026-08-11T19:26:11.214191,2980.77,10,366.5,v2.1.1,17.63,Bengaluru,12.9716,77.5946,1,fraud,retry_storm
ff113410-a211-4c21-96be-c8ce0a864323,POS-34F01FAC,MER-FE16C9,2026-08-11T19:35:39.667339,4777.9,1,429.3,v2.1.1,1.2,Chennai,13.0827,80.2707,1,normal,
4e4d45e7-3022-415f-a27e-c996549be7b5,POS-C9DBE224,MER-11AEAE,2026-08-11T19:53:59.292957,2404.23,0,172.1,v2.3.0-beta,1.3,Bengaluru,12.9716,77.5946,1,normal,
643f8783-c0d4-4646-b429-d2266d128359,POS-CBC618C2,MER-07EDD3,2026-08-11T19:59:37.842687,547.83,0,386.4,v2.3.0-beta,1.67,Mumbai,19.076,72.8777,1,normal,
490bcedf-447d-458f-bd53-0ed8f7cdcad7,POS-52FC2A7B,MER-31B3EE,2026-08-11T20:10:50.959115,3796.09,1,273.6,v2.1.1,2.97,Delhi,28.7041,77.1025,1,normal,
15bad5b8-223e-499b-bb87-d481e8e017e9,POS-520C7452,MER-52D41B,2026-08-11T20:13:11.311428,919.01,0,46.0,v2.2.0,1.08,Kolkata,22.5726,88.3639,1,normal,
d474dfad-2af4-49f7-b3bf-f608816154d7,POS-A320C8AA,MER-9451DE,2026-08-11T20:14:32.112198,4462.09,0,356.2,v2.2.0,2.82,Nagpur,21.1458,79.0882,1,normal,
b4fe1716-b3c7-43b9-a3c1-da332b4e2b71,POS-81C99677,MER-2280B3,2026-08-11T20:30:44.484720,2475.96,0,272.3,v2.1.0,1.31,Nagpur,21.1458,79.0882,1,normal,
56dcf554-4cde-483e-add8-f80fec850354,POS-5B84BAFA,MER-54F0E4,2026-08-11T20:32:15.990658,3222.62,0,267.6,v2.1.1,0.62,Chennai,13.0827,80.2707,1,normal,
4d353170-50ea-4cda-8e2e-6f0b3e710008,POS-76F7895E,MER-F17607,2026-08-11T20:51:04.092285,2975.16,10,446.9,v2.1.1,9.25,Pune,18.5204,73.8567,1,fraud,retry_storm
f656d0af-7f73-4b5a-8ed1-8c999ff6aaa7,POS-62F7C65F,MER-BAFD17,2026-08-11T20:52:50.003796,78.47,1,119.7,v2.1.0,1.97,Delhi,28.7041,77.1025,1,normal,
71aede99-7ea9-49ed-901a-90b0644e6fe9,POS-CC66C62A,MER-6E235F,2026-08-11T20:56:58.911454,3964.07,0,351.1,v2.2.0,2.53,Hyderabad,17.385,78.4867,1,normal,
19541265-26c8-4ce5-8394-e54094aa482b,POS-F967E1DC,MER-6F1422,2026-08-11T20:58:54.915309,4368.59,0,136.5,v2.2.0,2.24,Nagpur,21.1458,79.0882,1,normal,
6eda9a76-1c4c-48e2-acf2-4eb53260ad2d,POS-3637119B,MER-7355A0,2026-08-11T21:06:48.052209,181.67,14,237.9,v2.1.1,16.93,Hyderabad,17.385,78.4867,1,fraud,retry_storm
18ce69ad-eb87-49ec-baf2-a031c173922c,POS-5190E155,MER-85B4C2,2026-08-11T21:22:22.448970,1218.96,0,369.9,v2.1.0,2.28,Delhi,28.7041,77.1025,1,normal,
657692bd-0cd5-4075-9bfd-1dda9045df67,POS-EEE16951,MER-D3A1BB,2026-08-11T21:44:46.097295,1288.87,0,455.5,v2.3.0-beta,2.05,Bengaluru,12.9716,77.5946,1,normal,
06d7abf3-1b6d-4491-aebe-d24fe90721be,POS-E2ABAA01,MER-94FBB2,2026-08-11T21:58:19.603150,782.32,1,144.3,v2.1.0,1.81,Nagpur,21.1458,79.0882,1,normal,
b993b4bf-787d-43c1-8a46-0336b2ba3923,POS-F5C825B8,MER-3430AF,2026-08-11T22:01:28.928369,1641.87,0,382.3,v2.1.1,1.98,Pune,18.5204,73.8567,1,normal,
85372b81-48e2-4625-8bd4-58b410708898,POS-FA8E124D,MER-079B19,2026-08-11T22:02:21.151428,3101.52,0,349.7,v2.1.1,1.95,Delhi,28.7041,77.1025,1,normal,
31d4e3e3-bef2-4279-8ddc-e2db45c71de8,POS-24B8E3FE,MER-C60B06,2026-08-11T22:47:21.413120,2394.53,0,258.3,v2.3.0-beta,1.45,Bengaluru,12.9716,77.5946,1,normal,
dee9aee5-ba7e-44cf-84fa-4849a82f4c02,POS-28402991,MER-833A0C,2026-08-11T22:53:17.527272,7.39,2,217.0,v2.1.1,0.6,Hyderabad,17.385,78.4867,1,fraud,card_testing
0cce7fc4-a3b6-46b9-80b8-1ee9b048575e,POS-28402991,MER-833A0C,2026-08-11T22:53:19.630423,8.59,2,138.9,v2.1.1,0.64,Hyderabad,17.385,78.4867,1,fraud,card_testing
73a0b1c3-862b-4969-af30-a016270e3055,POS-28402991,MER-833A0C,2026-08-11T22:53:20.742036,7.77,1,129.1,v2.1.1,1.24,Hyderabad,17.385,78.4867,1,fraud,card_testing
10568898-dbe2-474b-a199-3a0e4775c3dc,POS-28402991,MER-833A0C,2026-08-11T22:53:22.565094,13.71,0,154.1,v2.1.1,0.7,Hyderabad,17.385,78.4867,1,fraud,card_testing
da0a11ab-3ac2-4185-9d9e-20e4043dc1ae,POS-28402991,MER-833A0C,2026-08-11T22:53:27.892515,15.56,0,335.6,v2.1.1,1.03,Hyderabad,17.385,78.4867,1,fraud,card_testing
2b02671e-df35-4952-98dc-101479df20a3,POS-28402991,MER-833A0C,2026-08-11T22:53:29.247698,1.83,0,81.3,v2.1.1,1.35,Hyderabad,17.385,78.4867,1,fraud,card_testing
6d358b25-d20a-43d2-928e-d45875d56f4a,POS-28402991,MER-833A0C,2026-08-11T22:53:30.816593,11.39,0,266.1,v2.1.1,0.86,Hyderabad,17.385,78.4867,1,fraud,card_testing
87a2debe-7b51-40c2-8689-0896b8495a2b,POS-28402991,MER-833A0C,2026-08-11T22:53:34.088940,6.46,2,403.3,v2.1.1,1.17,Hyderabad,17.385,78.4867,1,fraud,card_testing
a6f29310-c27d-4672-be06-1cc633663cb9,POS-28402991,MER-833A0C,2026-08-11T22:53:35.250911,17.46,0,174.3,v2.1.1,0.42,Hyderabad,17.385,78.4867,1,fraud,card_testing
9918be3b-d6ab-486e-9d1a-5dd93ad819f1,POS-28402991,MER-833A0C,2026-08-11T22:53:35.620209,6.27,1,268.9,v2.1.1,1.49,Hyderabad,17.385,78.4867,1,fraud,card_testing
0b10a923-fd16-40f5-a555-fdb8cfbd1880,POS-28402991,MER-833A0C,2026-08-11T22:53:36.682712,1.56,2,201.3,v2.1.1,0.67,Hyderabad,17.385,78.4867,1,fraud,card_testing
e0f8534f-a3b9-46f7-896e-97cc3e35326b,POS-28402991,MER-833A0C,2026-08-11T22:53:36.857335,13.47,1,42.0,v2.1.1,1.17,Hyderabad,17.385,78.4867,1,fraud,card_testing
837dfac9-445c-469b-b34c-3056a42f3100,POS-055D6FBC,MER-294500,2026-08-11T23:00:15.021519,4511.56,0,316.1,v2.2.0,1.32,Kolkata,22.5726,88.3639,1,normal,
b2ec2fc4-4ce2-43ad-84e3-7565a25d54b6,POS-CD16D1EF,MER-7BDF7F,2026-08-11T23:12:39.918036,1659.67,0,227.4,v2.1.0,2.01,Mumbai,19.076,72.8777,1,normal,
e8878f48-f503-49e8-b3ce-3e666ae1685e,POS-0AE6C0D2,MER-897854,2026-08-11T23:15:22.823285,2005.05,1,110.3,v2.1.1,1.38,Kolkata,22.5726,88.3639,1,normal,
b9cb38fa-e69a-460b-8bf2-b1bb64aceb35,POS-520C7452,MER-52D41B,2026-08-11T23:52:06.846882,610.39,0,134.7,v2.2.0,1.86,Kolkata,22.5726,88.3639,1,normal,
4e720705-3f5c-4034-a0ce-c576f5b85ac1,POS-77B485D3,MER-340AFB,2026-08-11T23:59:00.326234,2548.23,0,267.4,v2.1.0,2.0,Delhi,28.7041,77.1025,1,normal,
da347f38-0a8c-4792-b117-bc1b6923c458,POS-B66D5760,MER-221884,2026-08-12T00:00:53.708570,248.64,0,105.2,v2.1.0,1.96,Hyderabad,17.385,78.4867,1,normal,
2b8627fd-28d6-4634-8abb-17845d58543d,POS-6C3D83AB,MER-BCAE45,2026-08-12T00:14:16.344495,1924.26,0,40.3,v2.1.0,1.61,Bengaluru,12.9716,77.5946,1,normal,
878f4537-854b-46d0-b123-e61ab539ec4a,POS-FD4A2FB5,MER-DB7A61,2026-08-12T00:30:40.718554,859.54,7,277.1,v2.1.1,12.99,Delhi,28.7041,77.1025,1,fraud,retry_storm
84cd4b77-1998-4884-a6cc-a9eabd81f5dd,POS-FC0168BE,MER-ABA7C3,2026-08-12T00:44:24.976844,3056.96,0,86.2,v2.2.0,2.87,Hyderabad,17.385,78.4867,1,normal,
545da952-5f50-45bc-9b30-683e86f8d3ae,POS-1D6FD4E1,MER-F1C4E7,2026-08-12T00:46:16.422063,250.6,1,34.8,v2.1.0,1.33,Chennai,13.0827,80.2707,1,normal,
b9145ee9-f207-45e1-8bef-f97140c79e79,POS-77136499,MER-3E00AA,2026-08-12T01:01:56.791351,896.99,0,267.2,v2.3.0-beta,1.23,Bengaluru,12.9716,77.5946,1,normal,
2ff91cd5-733c-4915-b02b-4dd8f6dcd59d,POS-849A1C0F,MER-D8D0DA,2026-08-12T01:04:50.434845,511.39,0,231.3,v2.1.0,0.79,Delhi,28.7041,77.1025,1,normal,
55d17862-51d7-4e9d-ba51-b07ed4391c83,POS-CD16D1EF,MER-7BDF7F,2026-08-12T01:12:43.367175,2177.44,0,154.8,v2.1.0,2.75,Mumbai,19.076,72.8777,1,normal,
ea061d7d-5412-4125-aa2b-56e77e776143,POS-BC2D02AD,MER-18BAD6,2026-08-12T01:22:30.354521,4574.04,1,113.0,v2.2.0,1.12,Kolkata,22.5726,88.3639,1,normal,
d4af9b7f-899d-4ad9-8f72-7f5da3f3c633,POS-FD4A2FB5,MER-DB7A61,2026-08-12T01:23:36.716896,1062.1,1,291.3,v2.1.1,0.93,Delhi,28.7041,77.1025,1,normal,
5adf5697-061a-48b7-ac92-99a4c40acbf7,POS-32F79BA7,MER-9F2DF0,2026-08-12T01:32:49.217201,413.98,1,382.4,v2.2.0,1.2,Hyderabad,17.385,78.4867,1,normal,
8650b546-4160-46e2-9e24-c8142bfc00c2,POS-70E04A75,MER-F51428,2026-08-12T01:32:55.096347,2192.41,1,462.3,v2.1.1,2.45,Pune,18.5204,73.8567,1,normal,
5f8e8c9e-3380-42b4-9867-338f2a4fadd6,POS-B9828EE6,MER-E676A0,2026-08-12T01:34:55.524349,78.93,0,467.3,v2.2.0,2.85,Pune,18.5204,73.8567,1,normal,
acd78c8e-499e-4e50-9902-ed2f15d1b200,POS-6EAB7795,MER-39C88B,2026-08-12T01:37:49.379724,3020.04,0,389.7,v2.2.0,2.23,Chennai,13.0827,80.2707,1,normal,
3cb5e276-23f9-425e-ab51-4b956f8a2b8c,POS-6439ED84,MER-ADB4F6,2026-08-12T01:40:01.266258,1751.6,0,176.6,v2.2.0,1.63,Hyderabad,17.385,78.4867,1,normal,
4b5e34fd-9f23-4709-b223-cf999c99d0d2,POS-81C99677,MER-2280B3,2026-08-12T01:54:04.766618,1920.71,1,80.5,v2.1.0,2.02,Nagpur,21.1458,79.0882,1,normal,
21886e53-2466-4d2c-b371-922c2a4d24ce,POS-1D6FD4E1,MER-F1C4E7,2026-08-12T02:18:26.918804,3711.44,0,460.7,v2.1.0,1.56,Chennai,13.0827,80.2707,1,normal,
4f526624-e38e-4458-83e6-09e4d3fd396a,POS-198FC2BC,MER-7149CD,2026-08-12T02:29:04.493613,1239.6,1,323.3,v2.2.0,1.73,Bengaluru,12.9716,77.5946,1,normal,
45633c80-d1cb-43d2-9bf6-6cb7628ccdde,POS-CDFD9F1A,MER-243265,2026-08-12T02:33:47.601943,4288.73,0,73.8,v2.1.0,2.9,Bengaluru,12.9716,77.5946,1,normal,
e35dca50-6016-43f6-aa9a-ed6e94ed52be,POS-34F01FAC,MER-FE16C9,2026-08-12T02:43:25.895916,4618.12,1,27.6,v2.1.1,0.87,Chennai,13.0827,80.2707,1,normal,
5cd44353-3ec5-4dbe-a7a2-6ff21ad12ab6,POS-3637119B,MER-7355A0,2026-08-12T02:46:46.896245,2607.3,0,43.7,v2.1.1,2.3,Hyderabad,17.385,78.4867,1,normal,
de1e72e3-dcf8-46bc-8633-24872c20b32b,POS-A9C6662D,MER-C0726A,2026-08-12T02:53:10.411450,270.06,0,375.5,v2.3.0-beta,2.43,Pune,18.5204,73.8567,1,normal,
1bdda056-c6e7-4839-b8b2-2cad2d7ee5cf,POS-AF1B4891,MER-875B51,2026-08-12T02:54:31.963058,2705.26,1,32.9,v2.1.0,2.59,Mumbai,19.076,72.8777,1,normal,
a3e4b325-992c-43cb-9a62-adecde3a7e39,POS-E566E75E,MER-4CD30C,2026-08-12T03:03:28.631143,2953.0,0,335.3,v2.2.0,1.53,Nagpur,21.1458,79.0882,1,normal,
991bf36c-279b-4f16-81a4-9cb323aa313e,POS-6B16F045,MER-ECDE68,2026-08-12T03:12:13.418912,4095.68,0,71.1,v2.3.0-beta,2.42,Delhi,28.7041,77.1025,1,normal,
869260de-4382-45be-8da7-f5da5aed25de,POS-520C7452,MER-52D41B,2026-08-12T03:34:47.019163,2316.37,0,321.6,v2.2.0,1.0,Kolkata,22.5726,88.3639,1,normal,
16eaf243-cab0-4113-8794-fb3966c90c84,POS-0BC87AB9,MER-FCAB0C,2026-08-12T03:52:49.506789,2896.06,0,455.6,v2.1.0,1.52,Nagpur,21.1458,79.0882,1,normal,
f40eab58-cf89-436b-9afc-456d822b6756,POS-AA696464,MER-59201B,2026-08-12T03:55:48.208261,1699.87,1,177.7,v2.2.0,2.45,Nagpur,21.1458,79.0882,1,normal,
bde41358-118b-43a4-881c-40a51f5937b1,POS-778516AB,MER-714018,2026-08-12T04:13:21.559870,3380.2,0,361.9,v2.1.0,1.49,Delhi,28.7041,77.1025,1,normal,
0c160745-9583-4043-b13d-2326a465f81f,POS-76F7895E,MER-F17607,2026-08-12T04:17:35.916838,3529.59,0,358.1,v2.1.1,2.36,Pune,18.5204,73.8567,1,normal,
e8ac0f21-ae6b-4a22-ad56-83e721081419,POS-AD5BA00A,MER-5FE21C,2026-08-12T04:42:57.618201,2208.86,0,101.8,v2.3.0-beta,1.18,Pune,18.5204,73.8567,1,normal,
bc2b3970-594c-4dc2-bc37-06bf755e606e,POS-C9DBE224,MER-11AEAE,2026-08-12T04:43:38.989902,4794.39,0,399.1,v2.3.0-beta,2.07,Bengaluru,12.9716,77.5946,1,normal,
07c82ccc-c266-4e29-8057-93928cd90aec,POS-7B492CC9,MER-70B109,2026-08-12T04:46:48.684592,2817.03,0,448.0,v2.1.0,1.69,Mumbai,19.076,72.8777,1,normal,
3c5b4de8-e803-4da3-ae49-79704f0d30bb,POS-055D6FBC,MER-294500,2026-08-12T04:47:12.068612,1037.29,0,309.2,v2.2.0,1.6,Kolkata,22.5726,88.3639,1,normal,
02d0e84a-5fcc-4b02-a983-cef5eb32ae80,POS-F1400661,MER-644B55,2026-08-12T04:49:52.057963,2003.3,0,27.4,v2.1.1,0.95,Chennai,13.0827,80.2707,1,normal,
cde39f04-8292-4401-a249-e4ea803be0af,POS-AD5BA00A,MER-5FE21C,2026-08-12T05:07:19.073839,4195.19,1,303.7,v2.3.0-beta,2.68,Pune,18.5204,73.8567,1,normal,
e80ed9e1-d5f3-48da-a210-82d0e6fd2eb2,POS-8E1D47A7,MER-9204E3,2026-08-12T05:07:48.071562,3576.72,0,124.4,v2.1.0,1.82,Delhi,28.7041,77.1025,1,normal,
40fd5bcc-e5c2-4400-afba-575f083e1f72,POS-8E784FDD,MER-40A230,2026-08-12T05:09:50.184380,3879.2,0,490.6,v2.1.0,1.1,Pune,18.5204,73.8567,1,normal,
51dbc8a8-4c76-4419-8b64-d37341a5e0d1,POS-659CC7FB,MER-F997E8,2026-08-12T05:18:04.645567,662.72,0,97.0,v2.1.1,2.05,Mumbai,19.076,72.8777,1,normal,
ca06804e-a213-4550-9068-6f463526754a,POS-32F79BA7,MER-9F2DF0,2026-08-12T05:46:47.370257,1364.87,0,190.1,v2.2.0,2.66,Hyderabad,17.385,78.4867,1,normal,
fa1bf6ea-83b0-488e-aa02-6f4c23116b86,POS-94086F72,MER-6D8C2C,2026-08-12T06:24:54.205532,4303.83,0,95.1,v2.1.0,2.05,Mumbai,19.076,72.8777,1,normal,
6869bad4-6fbf-4b40-8723-dbd21a341e4c,POS-F66B7F18,MER-589763,2026-08-12T06:29:05.045075,212.86,0,8.8,v2.2.0,1.02,Pune,18.5204,73.8567,1,normal,
baf2bc71-5483-4519-9ab4-424ae46d7c9f,POS-BC2D02AD,MER-18BAD6,2026-08-12T06:32:47.774263,415.92,1,468.7,v2.2.0,2.11,Kolkata,22.5726,88.3639,1,normal,
4bb03ce6-6c0a-40a0-b0ac-b471599e9f41,POS-0AE6C0D2,MER-897854,2026-08-12T06:37:44.342096,871.43,0,262.1,v2.1.1,1.01,Kolkata,22.5726,88.3639,1,normal,
8ae61f19-af8f-4f3e-b024-b5b33260c5bb,POS-94086F72,MER-6D8C2C,2026-08-12T07:06:08.893152,2840.51,1,23.8,v2.1.0,1.29,Mumbai,19.076,72.8777,1,normal,
55e657ef-5dac-4a89-ae6c-83b55de8c6b1,POS-FD4A2FB5,MER-DB7A61,2026-08-12T07:09:29.480819,1667.82,0,77.4,v2.1.1,2.18,Delhi,28.7041,77.1025,1,normal,
f8efdf60-fc24-41c0-9e20-9c402e8cfde6,POS-6C3D83AB,MER-BCAE45,2026-08-12T07:23:35.321061,4989.17,1,269.9,v2.1.0,0.8,Bengaluru,12.9716,77.5946,1,normal,
dba6e62f-5d62-49f4-b7af-be30421ea990,POS-B81706F4,MER-CC7ACE,2026-08-12T07:26:09.447672,3314.68,0,81.9,v2.3.0-beta,0.86,Nagpur,21.1458,79.0882,1,normal,
0124c054-79fd-4b8a-89fc-b373382d1bdc,POS-7249E858,MER-AE0327,2026-08-12T07:29:12.007530,4476.98,0,175.8,v2.3.0-beta,1.21,Kolkata,22.5726,88.3639,1,normal,
e8f655b6-7128-42eb-8a17-8f52dc8c7f25,POS-73F6AE86,MER-2BE75A,2026-08-12T07:41:13.789675,1775.14,0,96.7,v2.3.0-beta,1.34,Chennai,13.0827,80.2707,1,normal,
690848ad-59e0-4d0c-a94d-4a5d3f9dba8a,POS-6C3D83AB,MER-BCAE45,2026-08-12T08:25:31.381061,1751.76,0,324.0,v2.1.0,1.44,Bengaluru,12.9716,77.5946,1,normal,
a89798d8-0a02-48c7-9cc4-f423fbcab81d,POS-0EF33479,MER-87BA54,2026-08-12T08:32:19.914302,509.94,1,49.5,v2.1.1,1.28,Delhi,28.7041,77.1025,1,normal,
ff758fca-b6dc-41fc-bd1a-508af6d2679a,POS-D5B36245,MER-8A9DAF,2026-08-12T08:34:34.238464,4846.14,0,279.2,v2.1.1,1.84,Kolkata,22.5726,88.3639,1,normal,
59184ca2-7394-4ddb-b428-4f26bde61c36,POS-3BD6788B,MER-FA377E,2026-08-12T08:39:48.000887,4955.15,0,436.8,v2.1.0,1.12,Pune,18.5204,73.8567,1,normal,
1cca6edd-9455-4452-83f7-1fc6fbde74ce,POS-81C99677,MER-2280B3,2026-08-12T08:53:49.665226,2777.42,0,257.2,v2.1.0,1.78,Nagpur,21.1458,79.0882,1,normal,
40ecaa72-337c-4402-af1d-f8b8dc04573a,POS-FCC69214,MER-85878E,2026-08-12T09:01:28.734524,4745.52,0,429.9,v2.2.0,1.13,Hyderabad,17.385,78.4867,1,normal,
74d400a1-879e-4bc2-ace0-d8eaaa077bc2,POS-43D83AB1,MER-C30AE6,2026-08-12T09:09:09.985779,251.17,0,187.0,v2.2.0,0.87,Kolkata,22.5726,88.3639,1,normal,
57a6b903-5bed-4d2c-9f9b-f73e24c29925,POS-D9E1B170,MER-4FA9A0,2026-08-12T09:12:46.338079,201.64,0,84.8,v2.1.1,2.75,Delhi,28.7041,77.1025,1,normal,
15f3f4fe-c3b1-4d0f-bfb8-72b46d0037ca,POS-75E7B52C,MER-837894,2026-08-12T09:12:59.550307,3649.39,0,225.9,v2.2.0,2.36,Chennai,13.0827,80.2707,1,normal,
537045ff-5724-45a3-a1a9-818991f2c65b,POS-AD5BA00A,MER-5FE21C,2026-08-12T09:18:33.667867,2909.16,0,199.5,v2.3.0-beta,1.57,Pune,18.5204,73.8567,1,normal,
2d79b73f-8f7e-40d0-a827-91d7322a6953,POS-8E1D47A7,MER-9204E3,2026-08-12T09:18:57.009164,3211.25,0,420.1,v2.1.0,2.61,Delhi,28.7041,77.1025,1,normal,
9bad5bf1-41f4-44f3-9dc7-c0c26a29fa8a,POS-D780167B,MER-226112,2026-08-12T09:19:38.146581,3675.82,0,37.3,v2.3.0-beta,1.93,Kolkata,22.5726,88.3639,1,normal,
3723b5e2-4108-4877-9f85-f8e8ce40ccd8,POS-38B8A946,MER-7808DD,2026-08-12T09:31:40.186004,3357.53,0,15.3,v2.3.0-beta,2.63,Nagpur,21.1458,79.0882,1,normal,
154d40f7-e485-423b-83d1-af48662a1e26,POS-6EAB7795,MER-39C88B,2026-08-12T09:36:47.811968,4740.14,1,373.3,v2.2.0,2.42,Chennai,13.0827,80.2707,1,normal,
fcf08813-8529-4d3f-a92d-88ccb9d69cce,POS-A275E8CD,MER-DFFA45,2026-08-12T09:39:51.079035,4276.45,0,194.7,v2.1.1,1.66,Kolkata,22.5726,88.3639,1,normal,
1490fb76-f827-4b6e-bf37-423d305de47e,POS-F66B7F18,MER-589763,2026-08-12T09:40:36.742351,1914.46,1,183.3,v2.2.0,2.13,Pune,18.5204,73.8567,1,normal,
242ffa30-450a-47a4-9e09-50879fb67551,POS-B93996C3,MER-901889,2026-08-12T09:43:56.925365,1480.43,0,431.1,v2.3.0-beta,0.55,Delhi,28.7041,77.1025,1,normal,
c926714c-c6f7-4b09-b759-9ea39398506d,POS-A8756576,MER-414EF8,2026-08-12T09:50:01.811597,2866.87,0,367.4,v2.1.0,2.31,Pune,18.5204,73.8567,1,normal,
07bd1386-098e-4451-be27-88177e0ec2b5,POS-D5F8541B,MER-EFC947,2026-08-12T10:07:19.422005,2229.75,0,219.4,v2.2.0,0.53,Bengaluru,12.9716,77.5946,1,normal,
b413e6a3-d907-4087-8a50-44dd9e76ef8c,POS-91659503,MER-DC751C,2026-08-12T10:13:56.951864,3233.6,1,419.6,v2.1.1,0.62,Hyderabad,17.385,78.4867,1,normal,
2d1ffc18-ad2d-43e0-9977-a346c159c62c,POS-B37501A9,MER-DC9CFB,2026-08-12T10:15:22.306491,4897.78,0,242.3,v2.2.0,2.22,Bengaluru,12.9716,77.5946,1,normal,
bdfae63d-ffc9-4d75-a299-794b8266c973,POS-77B485D3,MER-340AFB,2026-08-12T10:16:35.993014,4897.4,0,407.3,v2.1.0,2.3,Delhi,28.7041,77.1025,1,normal,
3fdca534-b357-445c-9234-1cc64ad90432,POS-4167FD28,MER-DA1B0B,2026-08-12T10:19:24.125106,4903.35,0,126.7,v2.1.0,0.98,Delhi,28.7041,77.1025,1,normal,
33b43a26-030b-4cfe-bfda-62bb3183e801,POS-DD8321BF,MER-250C33,2026-08-12T10:21:19.222860,3771.89,1,453.1,v2.1.0,2.05,Pune,18.5204,73.8567,1,normal,
abc5dbdb-e972-4b1d-b34d-c5c85f409d45,POS-B9828EE6,MER-E676A0,2026-08-12T10:27:39.746420,175.18,0,491.7,v2.2.0,2.09,Pune,18.5204,73.8567,1,normal,
c03c2bed-20ff-4a03-8ca4-860255967d39,POS-AD5BA00A,MER-5FE21C,2026-08-12T10:34:16.158372,2391.58,0,138.4,v2.3.0-beta,0.86,Pune,18.5204,73.8567,1,normal,
decb9f80-ba33-48a7-a135-7b7a8f0a2c7e,POS-91659503,MER-DC751C,2026-08-12T10:50:01.428986,3517.58,0,10.4,v2.1.1,1.28,Hyderabad,17.385,78.4867,1,normal,
432e28a5-1133-4742-a515-5480fcf96fae,POS-5E1A46C9,MER-4361C1,2026-08-12T10:54:47.081918,4764.37,0,68.7,v2.1.1,2.38,Delhi,28.7041,77.1025,1,normal,
f642b588-f9ca-4ba9-9e3f-490001d7bbc7,POS-87D47970,MER-BF7D1A,2026-08-12T10:57:45.808453,680.72,0,477.1,v2.1.0,1.94,Pune,18.5204,73.8567,1,normal,
085c0ffd-fa3c-424b-93a3-7a8a5701f5a3,POS-FC80D3D1,MER-FD74EE,2026-08-12T11:29:02.816881,2368.81,0,376.2,v2.1.1,2.42,Mumbai,19.076,72.8777,1,normal,
caff68a8-c7bc-4435-9604-83eadbbb99f5,POS-20AF02F8,MER-8C904C,2026-08-12T11:29:42.830764,3249.04,1,159.6,v2.1.0,1.3,Hyderabad,17.385,78.4867,1,normal,
99781d2e-7266-4932-996d-e761f09206d3,POS-0AE6C0D2,MER-897854,2026-08-12T11:30:46.100224,4462.61,0,254.2,v2.1.1,2.54,Kolkata,22.5726,88.3639,1,normal,
4486ea57-b831-4f35-89cc-2808e5eca0dc,POS-FC0168BE,MER-ABA7C3,2026-08-12T11:33:35.324884,897.81,0,307.0,v2.2.0,1.35,Hyderabad,17.385,78.4867,1,normal,
a2701117-48d3-4328-82dd-fec407699ae5,POS-EDC02D19,MER-6176CA,2026-08-12T11:33:44.272156,2831.09,1,123.4,v2.1.0,1.93,Chennai,13.0827,80.2707,1,normal,
87fa4c0d-b75b-464c-a6ec-b32e7bae03ee,POS-47CB19EB,MER-7848E9,2026-08-12T11:36:03.778821,1609.48,0,159.0,v2.2.0,0.93,Bengaluru,12.9716,77.5946,1,normal,
e651c60d-bc74-43fd-8446-0e7f41588df4,POS-105BE397,MER-3B97DB,2026-08-12T11:46:19.495437,2232.4,0,93.1,v2.1.0,1.91,Chennai,13.0827,80.2707,1,normal,
f0c1462d-707a-4f10-8877-8bf6294f5ec9,POS-A22B806C,MER-66332B,2026-08-12T12:17:40.096459,3174.28,1,392.3,v2.1.1,1.36,Delhi,28.7041,77.1025,1,normal,
1268ef31-fca5-4f77-ae62-bdd107517c81,POS-659CC7FB,MER-F997E8,2026-08-12T12:22:56.746697,4544.73,1,198.9,v2.1.1,2.29,Mumbai,19.076,72.8777,1,normal,
c92489e8-20af-4e9d-a361-59c8d41cad3a,POS-77B485D3,MER-340AFB,2026-08-12T12:29:55.313325,4640.69,0,65.6,v2.1.0,1.31,Delhi,28.7041,77.1025,1,normal,
59868d63-505f-48f7-8c5e-b800c873994e,POS-5CD2AFE7,MER-C65F5C,2026-08-12T12:36:49.966393,834.25,0,65.6,v2.3.0-beta,1.58,Hyderabad,17.385,78.4867,1,normal,
ae9ad6b0-0d6e-4e79-bc16-4f0743af4bb1,POS-AE4DEB2A,MER-78544D,2026-08-12T12:43:32.086587,1799.17,0,90.4,v2.2.0,2.43,Nagpur,21.1458,79.0882,1,normal,
42bb338a-f5d6-44b4-8809-468b0e71fecb,POS-F79A698C,MER-2ED01B,2026-08-12T12:44:36.975260,4961.28,0,106.0,v2.1.1,1.98,Pune,18.5204,73.8567,1,normal,
1f32b3d7-62c1-4685-ac1e-3683a5820a20,POS-BB1E7F2D,MER-6350FC,2026-08-12T12:51:57.785976,2494.84,0,395.5,v2.2.0,1.83,Nagpur,21.1458,79.0882,1,normal,
8516c2de-00dc-41ee-92f1-712c1c4bb161,POS-D8B3BBA8,MER-81983E,2026-08-12T12:53:23.291106,3266.83,0,489.7,v2.3.0-beta,1.21,Hyderabad,17.385,78.4867,1,normal,
011cfc00-1e29-40d4-959b-cc6aad9c4180,POS-75E7B52C,MER-837894,2026-08-12T13:07:37.180189,4007.54,0,183.5,v2.2.0,0.99,Chennai,13.0827,80.2707,1,normal,
c84d2812-15a1-4805-be7e-6b440c0bc9f2,POS-105BE397,MER-3B97DB,2026-08-12T13:11:16.479694,3874.06,0,119.2,v2.1.0,2.69,Chennai,13.0827,80.2707,1,normal,
f5c859fd-22be-4889-8e67-619e90df41f7,POS-F79A698C,MER-2ED01B,2026-08-12T13:26:01.787943,633.25,0,188.1,v2.1.1,1.01,Pune,18.5204,73.8567,1,normal,
530c7791-bb3b-4d75-803d-72298bfd2c61,POS-CC26C0E8,MER-0D1C10,2026-08-12T14:23:55.500584,1253.63,1,138.3,v2.1.0,1.87,Delhi,28.7041,77.1025,1,normal,
61bf954e-ed57-4b90-8159-ee3d6a0ea038,POS-38B8A946,MER-7808DD,2026-08-12T14:33:29.216007,4773.45,0,225.4,v2.3.0-beta,2.52,Nagpur,21.1458,79.0882,1,normal,
02e984d4-3162-4b30-93a4-18313a7b203a,POS-8E1D47A7,MER-9204E3,2026-08-12T14:53:46.319762,4302.02,1,91.7,v2.1.0,2.1,Delhi,28.7041,77.1025,1,normal,
8b7b390b-ed3d-40f1-9b18-15aac592cbf6,POS-32F79BA7,MER-9F2DF0,2026-08-12T14:54:41.650721,2849.59,0,314.4,v2.2.0,1.69,Hyderabad,17.385,78.4867,1,normal,
f11829a5-af07-42e0-919e-f09b1de299a7,POS-77136499,MER-3E00AA,2026-08-12T14:58:10.591634,3208.62,0,104.4,v2.3.0-beta,2.74,Bengaluru,12.9716,77.5946,1,normal,
bbfb5e8c-6590-4762-91de-9fa6c6580e75,POS-F1400661,MER-644B55,2026-08-12T15:43:50.900343,4687.79,0,327.0,v2.1.1,0.58,Chennai,13.0827,80.2707,1,normal,
8b338dd4-952e-49d0-91c3-5e5b1d17880f,POS-5E1A46C9,MER-4361C1,2026-08-12T15:46:28.885855,4564.25,1,403.7,v2.1.1,0.67,Delhi,28.7041,77.1025,1,normal,
a4b26829-ddc0-4d1d-af48-1f0809ed52cf,POS-BC2D02AD,MER-18BAD6,2026-08-12T15:51:04.957770,4974.03,0,172.2,v2.2.0,2.28,Kolkata,22.5726,88.3639,1,normal,
d3c2b4a2-ca17-418a-92f7-69373b2f9225,POS-4167FD28,MER-DA1B0B,2026-08-12T16:03:19.044429,4149.86,1,170.0,v2.1.0,0.94,Delhi,28.7041,77.1025,1,normal,
5266b9c5-9cc3-4444-b4d9-d5361f34c090,POS-10016958,MER-25A16E,2026-08-12T16:33:13.805295,86.37,0,281.2,v2.1.1,1.98,Delhi,28.7041,77.1025,1,normal,
3b2818fe-dd4a-4c52-93fd-45c2e4f4f2c3,POS-B607E194,MER-457468,2026-08-12T16:50:39.421119,318.98,1,73.3,v2.1.0,2.82,Mumbai,19.076,72.8777,1,normal,
db306048-9dd6-4083-9198-a38dad87e420,POS-5EB40BC5,MER-FF8806,2026-08-12T16:52:14.340158,2646.85,0,350.0,v2.1.0,1.69,Kolkata,22.5726,88.3639,1,normal,
ff7fadf2-dcb8-42e3-a907-7cb00b04907e,POS-FA8E124D,MER-079B19,2026-08-12T17:04:15.629144,2742.2,0,410.5,v2.1.1,1.91,Delhi,28.7041,77.1025,1,normal,
2ab00708-a1af-4d4d-8a6c-45214c5b3acc,POS-10016958,MER-25A16E,2026-08-12T17:17:16.793961,1715.98,0,69.1,v2.1.1,0.89,Delhi,28.7041,77.1025,1,normal,
5c71c6d8-6820-4eb0-b387-79a6f3e73b53,POS-A9C6662D,MER-C0726A,2026-08-12T17:19:05.844515,3682.97,0,55.5,v2.3.0-beta,1.93,Pune,18.5204,73.8567,1,normal,
a2d455ad-9dbb-4484-82f3-a799acb52ace,POS-AD42C2FB,MER-96DF46,2026-08-12T17:19:24.007989,1706.21,1,56.9,v2.1.1,0.82,Mumbai,19.076,72.8777,1,normal,
4c02ded7-0cc1-4434-a81b-8ba3139dafab,POS-B27C0D31,MER-6BDAEB,2026-08-12T17:27:06.975659,4267.53,0,81.5,v2.1.1,2.21,Pune,18.5204,73.8567,1,normal,
a073e0a1-6917-4c53-b7a1-92d2b11be948,POS-BB1E7F2D,MER-6350FC,2026-08-12T17:29:28.168715,3407.59,0,119.5,v2.2.0,2.55,Nagpur,21.1458,79.0882,1,normal,
813ec545-e6d7-4eec-bb54-29b4a3b30bd3,POS-9CD505AA,MER-1F157D,2026-08-12T17:30:38.019500,1647.88,0,62.8,v2.1.1,2.67,Pune,18.5204,73.8567,1,normal,
60f6c692-4424-4529-9095-86e0605ca071,POS-75E7B52C,MER-837894,2026-08-12T17:30:45.130477,1771.82,0,225.2,v2.2.0,2.22,Chennai,13.0827,80.2707,1,normal,
71b8f134-c999-422b-949e-86a80db8ebf2,POS-F1400661,MER-644B55,2026-08-12T17:31:08.439194,3795.61,0,179.5,v2.1.1,2.39,Chennai,13.0827,80.2707,1,normal,
5b752d2e-7fd0-4c5f-9bc4-516e665a62c5,POS-F5C825B8,MER-3430AF,2026-08-12T17:49:08.425995,152.69,0,288.5,v2.1.1,2.41,Pune,18.5204,73.8567,1,normal,
a9dbd118-93d0-4d3d-808b-f2fa510884ac,POS-982191FD,MER-C18197,2026-08-12T18:02:58.064791,1040.12,0,15.6,v2.2.0,0.86,Delhi,28.7041,77.1025,1,normal,
2bc822cc-f6f0-40b3-aac0-263def873a3c,POS-94086F72,MER-6D8C2C,2026-08-12T18:12:30.182310,3803.97,0,462.5,v2.1.0,1.91,Mumbai,19.076,72.8777,1,normal,
66e40ddb-47ea-43fd-94c5-fd9cf18ed6d6,POS-DEE4DD42,MER-D53081,2026-08-12T18:38:13.142212,4043.65,0,265.0,v2.1.0,2.25,Mumbai,19.076,72.8777,1,normal,
9bbe911e-e644-41ec-bd08-c8888d25aa7f,POS-10016958,MER-25A16E,2026-08-12T18:38:53.376774,5.27,1,69.1,v2.1.1,1.03,Delhi,28.7041,77.1025,1,fraud,card_testing
8a925e0d-0e4a-41ad-84ca-ac2768ede727,POS-10016958,MER-25A16E,2026-08-12T18:38:55.147632,8.15,1,131.7,v2.1.1,1.39,Delhi,28.7041,77.1025,1,fraud,card_testing
e9a93e58-9b29-4650-bb08-4f162ac732a6,POS-10016958,MER-25A16E,2026-08-12T18:38:55.692724,12.16,2,395.4,v2.1.1,1.13,Delhi,28.7041,77.1025,1,fraud,card_testing
34f5e9af-8779-4f75-93c6-71146254c7f3,POS-10016958,MER-25A16E,2026-08-12T18:38:57.386264,11.11,2,170.8,v2.1.1,0.57,Delhi,28.7041,77.1025,1,fraud,card_testing
f607e692-64f4-4c2f-b440-31020e6f25d0,POS-10016958,MER-25A16E,2026-08-12T18:38:57.580317,18.21,2,354.7,v2.1.1,0.5,Delhi,28.7041,77.1025,1,fraud,card_testing
c44193dc-7f85-42f3-ba9c-12dc024ad185,POS-10016958,MER-25A16E,2026-08-12T18:39:04.551591,13.36,1,139.2,v2.1.1,1.43,Delhi,28.7041,77.1025,1,fraud,card_testing
e7eb7592-ee12-48f4-83c0-a9039f997019,POS-10016958,MER-25A16E,2026-08-12T18:39:08.940850,11.27,1,332.1,v2.1.1,0.65,Delhi,28.7041,77.1025,1,fraud,card_testing
7e2ddd5d-c6dd-4c6a-acff-d15ac1bdc7e5,POS-10016958,MER-25A16E,2026-08-12T18:39:10.273866,4.24,1,412.1,v2.1.1,1.37,Delhi,28.7041,77.1025,1,fraud,card_testing
82ad9de1-ffc7-4abc-9ec4-476d58bb94e0,POS-10016958,MER-25A16E,2026-08-12T18:39:11.248796,14.49,1,377.4,v2.1.1,0.45,Delhi,28.7041,77.1025,1,fraud,card_testing
6109406a-562e-4bf5-bb0d-28b322d142e7,POS-10016958,MER-25A16E,2026-08-12T18:39:16.682833,6.65,2,307.9,v2.1.1,0.85,Delhi,28.7041,77.1025,1,fraud,card_testing
c4ece67d-7dcc-4c6b-afd3-e544d175864c,POS-10016958,MER-25A16E,2026-08-12T18:39:18.926156,3.11,2,26.6,v2.1.1,0.47,Delhi,28.7041,77.1025,1,fraud,card_testing
20ca402d-2058-470b-8dcf-6990cb4b271b,POS-10016958,MER-25A16E,2026-08-12T18:39:18.933318,12.09,2,269.9,v2.1.1,1.09,Delhi,28.7041,77.1025,1,fraud,card_testing
65876586-7bbe-4992-a6dc-0f9c1ce83d8e,POS-03C6BBBA,MER-C61A54,2026-08-12T18:52:25.412698,4827.17,0,237.8,v2.3.0-beta,2.7,Nagpur,21.1458,79.0882,1,normal,
221a885e-0657-424d-a6f6-866c013d91a8,POS-E2ABAA01,MER-94FBB2,2026-08-12T19:01:25.191812,3787.83,1,138.9,v2.1.0,2.46,Nagpur,21.1458,79.0882,1,normal,
6dddab4c-a371-4df7-8ae0-553f1430ccf0,POS-0E673AA4,MER-A73341,2026-08-12T19:03:11.243940,2309.59,14,208.1,v2.2.0,17.37,Hyderabad,17.385,78.4867,1,fraud,retry_storm
da4fd248-8d46-426e-9985-fc4f371cb4c4,POS-1D6FD4E1,MER-F1C4E7,2026-08-12T19:41:55.868170,3076.9,1,116.7,v2.1.0,0.65,Chennai,13.0827,80.2707,1,normal,
3f6be026-4dc5-42be-b68b-d2097eae6e92,POS-520C7452,MER-52D41B,2026-08-12T19:42:05.965029,1920.1,0,383.5,v2.2.0,1.21,Kolkata,22.5726,88.3639,1,normal,
7dfc855a-acf5-4fd5-bd4b-d7c24aee7071,POS-D7A7B0B8,MER-0542EB,2026-08-12T20:00:41.935654,2492.14,0,366.5,v2.1.1,1.87,Nagpur,21.1458,79.0882,1,normal,
cd2a494f-3632-4479-b09c-1a90afb0f30b,POS-20AF02F8,MER-8C904C,2026-08-12T20:12:25.104240,4161.33,0,51.8,v2.1.0,2.43,Hyderabad,17.385,78.4867,1,normal,
9ca19c98-c89a-494b-979a-69885b6a99b6,POS-AB472E48,MER-7D45F8,2026-08-12T20:15:27.057647,1974.74,0,103.7,v2.1.0,2.38,Bengaluru,12.9716,77.5946,1,normal,
23c7c4f8-aa11-40a4-95e5-e0ea5b978879,POS-DD8321BF,MER-250C33,2026-08-12T20:16:08.315185,2750.86,0,476.5,v2.1.0,1.65,Pune,18.5204,73.8567,1,normal,
82de139a-cb64-4a83-b3c5-5c9540894794,POS-C2744B6C,MER-4093C0,2026-08-12T20:24:53.171561,3150.17,0,420.4,v2.1.1,1.12,Nagpur,21.1458,79.0882,1,normal,
f83f79f4-3a41-4038-8ef8-149e5994783c,POS-8E784FDD,MER-40A230,2026-08-12T20:35:07.869393,4211.86,0,319.0,v2.1.0,1.14,Pune,18.5204,73.8567,1,normal,
4d56a9fb-8f1f-4e94-a425-4c1c83c76672,POS-CBC618C2,MER-07EDD3,2026-08-12T20:40:52.363660,4620.62,0,210.5,v2.3.0-beta,1.0,Mumbai,19.076,72.8777,1,normal,
f8fc1c6c-ae8d-45a0-aed5-5bd897545b48,POS-8BA2BC27,MER-CDDE89,2026-08-12T20:57:04.497450,3418.4,0,478.5,v2.1.1,1.14,Bengaluru,12.9716,77.5946,1,normal,
f3560e54-121a-43b7-9e1a-e4b3ea3a1c98,POS-EDC02D19,MER-6176CA,2026-08-12T20:59:16.204930,2561.21,1,354.7,v2.1.0,1.25,Chennai,13.0827,80.2707,1,normal,
0e07dbff-113e-4296-9775-3681d2a3571b,POS-5B84BAFA,MER-54F0E4,2026-08-12T21:01:36.424807,2649.89,0,260.8,v2.1.1,1.63,Chennai,13.0827,80.2707,1,normal,
e8fc9908-8941-46fa-a2b9-1138d6d508fd,POS-520C7452,MER-52D41B,2026-08-12T21:01:37.455812,1017.96,0,68.6,v2.2.0,0.52,Kolkata,22.5726,88.3639,1,normal,
9ce388e5-269f-4789-83d2-f06693cbbe89,POS-24B8E3FE,MER-C60B06,2026-08-12T21:08:36.957498,2671.34,1,259.8,v2.3.0-beta,0.77,Bengaluru,12.9716,77.5946,1,normal,
8a983d9d-b1b1-4e6e-a538-84a723e027ee,POS-0FF08306,MER-2B307F,2026-08-12T21:09:07.119579,2727.17,0,451.3,v2.1.1,1.31,Nagpur,21.1458,79.0882,1,normal,
1d883860-8ed6-471d-9058-2f36ea79718c,POS-208DB4F3,MER-C166F5,2026-08-12T21:51:40.190743,4117.53,1,376.6,v2.1.1,1.53,Delhi,28.7041,77.1025,1,normal,
b250a340-1bf1-4257-8a8b-7bbfe91389c3,POS-BC2D02AD,MER-18BAD6,2026-08-12T21:58:25.949028,1818.36,0,266.1,v2.2.0,1.49,Kolkata,22.5726,88.3639,1,normal,
8cd2f77f-1222-4aec-8e70-3b92632fa33d,POS-94086F72,MER-6D8C2C,2026-08-12T22:10:38.349591,684.61,1,411.9,v2.1.0,2.44,Mumbai,19.076,72.8777,1,normal,
0ebf2f18-11d2-4be9-8f34-3264a3053bf1,POS-CC8EC905,MER-15DD11,2026-08-12T22:10:41.355259,1088.64,0,186.5,v2.1.0,1.54,Hyderabad,17.385,78.4867,1,normal,
9f0ee10d-3e6c-4490-bed2-a1b22f888d13,POS-94086F72,MER-6D8C2C,2026-08-12T22:11:14.678370,4422.54,0,79.5,v2.1.0,2.04,Mumbai,19.076,72.8777,1,normal,
493f911a-a4c7-4a61-9d2d-2851508244af,POS-E9D66DA1,MER-38119E,2026-08-12T22:15:27.219368,1722.28,0,172.0,v2.1.1,2.75,Pune,18.5204,73.8567,1,normal,
10ed7dde-5e5f-43da-82e0-e11943205c01,POS-D9E1B170,MER-4FA9A0,2026-08-12T22:20:09.650395,390.77,1,193.3,v2.1.1,0.77,Delhi,28.7041,77.1025,1,normal,
f7f2fbb2-0e0e-4a26-bb75-1251a55bc16e,POS-62F7C65F,MER-BAFD17,2026-08-12T22:26:05.065991,131.35,0,359.6,v2.1.0,1.23,Delhi,28.7041,77.1025,1,normal,
8e68e603-0db9-430a-b047-cf74824477b9,POS-43D83AB1,MER-C30AE6,2026-08-12T22:27:34.399605,4903.53,0,148.8,v2.2.0,1.4,Kolkata,22.5726,88.3639,1,normal,
a20d7ccf-c4be-48d2-bf3a-54b98c2e4f74,POS-C2744B6C,MER-4093C0,2026-08-12T22:30:59.816367,1364.38,0,361.0,v2.1.1,1.96,Nagpur,21.1458,79.0882,1,normal,
a46d7ff5-52f8-409c-8726-4b9f557b3b43,POS-E566E75E,MER-4CD30C,2026-08-12T22:40:41.850172,813.55,0,415.8,v2.2.0,2.43,Nagpur,21.1458,79.0882,1,normal,
1a7542df-6877-47b0-815e-1bf50310875c,POS-AF1B4891,MER-875B51,2026-08-12T22:57:51.161576,2739.9,0,49.2,v2.1.0,0.78,Mumbai,19.076,72.8777,1,normal,
1c6bb57f-6060-41e3-99f8-25910f39a6bc,POS-B66D5760,MER-221884,2026-08-12T23:06:39.102478,3081.54,0,443.9,v2.1.0,1.7,Hyderabad,17.385,78.4867,1,normal,
2a4aa409-626e-4f1b-9039-5c96dfb4b100,POS-24B8E3FE,MER-C60B06,2026-08-12T23:07:30.930212,4.28,0,452.8,v2.3.0-beta,1.43,Bengaluru,12.9716,77.5946,1,fraud,card_testing
d2f2c0ff-6ce9-4005-a8a4-a44ccd25de8d,POS-24B8E3FE,MER-C60B06,2026-08-12T23:07:34.175527,5.75,2,227.7,v2.3.0-beta,0.5,Bengaluru,12.9716,77.5946,1,fraud,card_testing
7b5b35f1-a959-4ac3-8fd7-e396a2d07f29,POS-24B8E3FE,MER-C60B06,2026-08-12T23:07:35.094511,6.5,0,57.4,v2.3.0-beta,0.51,Bengaluru,12.9716,77.5946,1,fraud,card_testing
eae8b17a-7e47-430f-ba86-c4b739d3de55,POS-24B8E3FE,MER-C60B06,2026-08-12T23:07:40.042357,14.02,1,296.0,v2.3.0-beta,1.08,Bengaluru,12.9716,77.5946,1,fraud,card_testing
8369d663-7f71-47a0-b762-cdc558d949e4,POS-24B8E3FE,MER-C60B06,2026-08-12T23:07:42.919255,17.34,2,341.9,v2.3.0-beta,1.22,Bengaluru,12.9716,77.5946,1,fraud,card_testing
1bd832d0-f7a9-4725-a3a0-fdce65a1bb0a,POS-24B8E3FE,MER-C60B06,2026-08-12T23:07:44.023889,4.71,1,147.9,v2.3.0-beta,0.83,Bengaluru,12.9716,77.5946,1,fraud,card_testing
21d1399a-0826-429a-be32-a181d6f8241c,POS-24B8E3FE,MER-C60B06,2026-08-12T23:07:45.130181,4.65,0,370.3,v2.3.0-beta,0.3,Bengaluru,12.9716,77.5946,1,fraud,card_testing
183ca8e0-0b27-4b5c-8d60-4a41dc4bc38f,POS-24B8E3FE,MER-C60B06,2026-08-12T23:07:48.833913,19.0,2,370.8,v2.3.0-beta,0.8,Bengaluru,12.9716,77.5946,1,fraud,card_testing
941b8f5f-5d3f-495f-9888-622d7957fd5e,POS-24B8E3FE,MER-C60B06,2026-08-12T23:07:50.513839,18.53,0,136.2,v2.3.0-beta,0.32,Bengaluru,12.9716,77.5946,1,fraud,card_testing
995f488c-07cd-420c-b559-20012856d533,POS-24B8E3FE,MER-C60B06,2026-08-12T23:07:53.217396,1.35,2,420.5,v2.3.0-beta,0.9,Bengaluru,12.9716,77.5946,1,fraud,card_testing
31ebb086-d193-4290-ada6-6d8ebdd7f402,POS-24B8E3FE,MER-C60B06,2026-08-12T23:07:55.835268,12.85,0,199.2,v2.3.0-beta,1.06,Bengaluru,12.9716,77.5946,1,fraud,card_testing
dd86b30d-e48c-4e99-8dfd-b72690e1c0d7,POS-24B8E3FE,MER-C60B06,2026-08-12T23:07:58.407789,2.36,1,95.5,v2.3.0-beta,1.12,Bengaluru,12.9716,77.5946,1,fraud,card_testing
cd25f6eb-6219-4be8-bc03-6d86facdea28,POS-EF533CFF,MER-837BC2,2026-08-12T23:08:18.845447,290.89,1,383.8,v2.2.0,2.82,Nagpur,21.1458,79.0882,1,normal,
f5131b11-7687-4f29-93a0-cc0a5ee477d9,POS-208DB4F3,MER-C166F5,2026-08-12T23:25:13.523018,2724.04,0,425.7,v2.1.1,1.93,Delhi,28.7041,77.1025,1,normal,
77b1899c-1442-43b1-8457-093a957f721c,POS-91659503,MER-DC751C,2026-08-12T23:27:45.172693,1579.01,0,137.5,v2.1.1,2.62,Hyderabad,17.385,78.4867,1,normal,
ee669938-0e50-493f-afa9-23c5a883bde4,POS-4A5BFB60,MER-B81D68,2026-08-12T23:31:13.807752,865.83,0,261.2,v2.1.1,2.26,Chennai,13.0827,80.2707,1,normal,
482b531e-1c56-4989-9dfd-f7610b20b3ae,POS-38B8A946,MER-7808DD,2026-08-12T23:33:29.291142,4880.69,0,49.5,v2.3.0-beta,1.06,Nagpur,21.1458,79.0882,1,normal,
6df97cf8-cc06-4fa5-8fad-67942b6eb827,POS-A9C6662D,MER-C0726A,2026-08-13T00:12:32.779054,2375.08,0,343.6,v2.3.0-beta,1.91,Pune,18.5204,73.8567,1,normal,
9c625220-3f99-4d83-9bd9-b24a9c65be5e,POS-0AE6C0D2,MER-897854,2026-08-13T00:27:07.640020,2438.66,1,150.8,v2.1.1,2.93,Kolkata,22.5726,88.3639,1,normal,
9792b30d-2b38-4d62-b439-6dff2d50abde,POS-81C99677,MER-2280B3,2026-08-13T00:44:45.251013,2557.94,0,109.9,v2.1.0,1.13,Nagpur,21.1458,79.0882,1,normal,
0353a1e2-85ca-4565-817b-30854db2de65,POS-AF1B4891,MER-875B51,2026-08-13T00:52:12.828118,868.02,1,240.6,v2.1.0,1.99,Mumbai,19.076,72.8777,1,normal,
19f126f5-b578-43ce-87ec-b668e92cf8d4,POS-4FDF65E4,MER-8FF8CA,2026-08-13T00:55:20.297671,4231.26,0,270.5,v2.1.1,2.89,Delhi,28.7041,77.1025,1,normal,
86360f4c-14f2-4330-86b6-0267117204fe,POS-32F79BA7,MER-9F2DF0,2026-08-13T00:58:11.037735,4093.93,0,207.9,v2.2.0,1.33,Hyderabad,17.385,78.4867,1,normal,
7638ab6b-7e69-4ae1-86ab-d3df456e306a,POS-D8B3BBA8,MER-81983E,2026-08-13T01:15:52.136726,431.38,0,135.3,v2.3.0-beta,2.46,Hyderabad,17.385,78.4867,1,normal,
32f30f83-aa9b-4402-ade4-f78606994af7,POS-94086F72,MER-6D8C2C,2026-08-13T01:20:08.964394,4645.85,0,143.0,v2.1.0,2.97,Mumbai,19.076,72.8777,1,normal,
b1b720f1-46a4-4a25-b265-531a3eb9beea,POS-849A1C0F,MER-D8D0DA,2026-08-13T01:34:51.196486,1920.48,0,55.9,v2.1.0,0.53,Delhi,28.7041,77.1025,1,normal,
ca155b12-0849-4fa4-98df-9085f2c8b12d,POS-E9D66DA1,MER-38119E,2026-08-13T01:37:37.478530,912.82,0,182.4,v2.1.1,1.68,Pune,18.5204,73.8567,1,normal,
26cdb7f6-4d24-45d3-ab50-863ed9e68ec0,POS-73F6AE86,MER-2BE75A,2026-08-13T01:43:55.893711,2372.93,0,155.6,v2.3.0-beta,2.44,Chennai,13.0827,80.2707,1,normal,
3f1eb7a4-9231-49c5-ad68-8e11b64dfdf4,POS-7F1981DF,MER-B33B9B,2026-08-13T01:46:57.171555,178.03,0,481.0,v2.2.0,2.59,Nagpur,21.1458,79.0882,1,normal,
e127826b-9284-4e2c-90eb-c7bf95935cac,POS-1D6FD4E1,MER-F1C4E7,2026-08-13T02:03:32.229288,565.5,0,463.4,v2.1.0,1.59,Chennai,13.0827,80.2707,1,normal,
0b641352-1bf3-4f6e-8aaf-52f7b471ce89,POS-CBA73359,MER-269861,2026-08-13T02:05:54.039953,1715.92,0,499.7,v2.1.1,2.54,Hyderabad,17.385,78.4867,1,normal,
3aa5bab5-65f4-40c7-99cf-060ccd465e98,POS-FD4A2FB5,MER-DB7A61,2026-08-13T02:20:18.575865,801.65,1,97.9,v2.1.1,2.01,Delhi,28.7041,77.1025,1,normal,
3c9ab862-b41e-4a44-bee9-3031a693792d,POS-207CA2EB,MER-5B06DF,2026-08-13T02:22:24.428267,2127.45,0,158.9,v2.1.1,2.47,Pune,18.5204,73.8567,1,normal,
0ab7cec6-b86e-482b-a6b3-a3323d1fa49e,POS-520C7452,MER-52D41B,2026-08-13T02:37:11.122050,971.02,0,366.1,v2.2.0,1.98,Kolkata,22.5726,88.3639,1,normal,
a5904a9c-cbb8-4e7e-8030-13622b7c9c63,POS-FB95985B,MER-7765F7,2026-08-13T02:43:38.597603,285.08,0,496.6,v2.1.0,1.95,Hyderabad,17.385,78.4867,1,normal,
e2e49d34-c534-4748-af0e-8c59a87dd927,POS-6C3D83AB,MER-BCAE45,2026-08-13T03:03:15.969011,1012.9,1,287.9,v2.1.0,1.15,Bengaluru,12.9716,77.5946,1,normal,
31691759-e4fb-4712-8b08-f9980e84cf72,POS-3BF5E359,MER-A82822,2026-08-13T03:52:13.205587,1938.36,0,92.6,v2.2.0,2.07,Mumbai,19.076,72.8777,1,normal,
196b5829-3718-47a0-8cda-f2297f9537be,POS-0BC87AB9,MER-FCAB0C,2026-08-13T04:00:18.229645,4717.87,0,212.5,v2.1.0,1.44,Nagpur,21.1458,79.0882,1,normal,
6f7b03b0-e829-4d8d-90f7-b34f777e1744,POS-AE4DEB2A,MER-78544D,2026-08-13T04:08:52.054713,3657.37,0,325.3,v2.2.0,1.39,Nagpur,21.1458,79.0882,1,normal,
03bb89e6-481a-422d-a4da-60eef65831ed,POS-A8756576,MER-414EF8,2026-08-13T04:10:28.771172,620.09,1,25.2,v2.1.0,0.88,Pune,18.5204,73.8567,1,normal,
dcb5ef14-44c8-4e6d-81d9-32081a1638f0,POS-BA41B435,MER-3AA9F7,2026-08-13T04:30:33.213064,2195.48,0,410.0,v2.1.1,2.48,Delhi,28.7041,77.1025,1,normal,
335796bd-786f-4650-a7d1-5c215106e680,POS-8E1D47A7,MER-9204E3,2026-08-13T04:36:41.252018,4464.83,0,140.5,v2.1.0,0.51,Delhi,28.7041,77.1025,1,normal,
71271866-b1dc-440a-ac88-140ab9d8fa2e,POS-4A5BFB60,MER-B81D68,2026-08-13T04:38:18.071908,1564.19,0,385.7,v2.1.1,2.25,Chennai,13.0827,80.2707,1,normal,
8ecad8e2-017a-4005-a2d2-e3c95f27fa1a,POS-1B73B11B,MER-95FEFA,2026-08-13T04:48:12.119561,1739.63,0,203.7,v2.2.0,2.41,Hyderabad,17.385,78.4867,1,normal,
e1076da2-a3ae-4c11-92f9-4278bc232c7c,POS-FA8E124D,MER-079B19,2026-08-13T04:50:12.330376,1001.71,0,140.2,v2.1.1,1.25,Delhi,28.7041,77.1025,1,normal,
33d90a9c-4981-4935-82bb-54a9a9b5b226,POS-0EF33479,MER-87BA54,2026-08-13T04:50:44.572858,3501.09,0,19.7,v2.1.1,2.22,Delhi,28.7041,77.1025,1,normal,
d7897325-811d-433a-9d2b-595286f9a8ef,POS-80C06FB8,MER-0D360C,2026-08-13T05:00:03.013232,4227.01,0,490.5,v2.1.0,2.14,Delhi,28.7041,77.1025,1,normal,
44e4f651-251a-4d2a-807e-e76e238aa5ed,POS-1AF2A398,MER-9A9BF3,2026-08-13T05:03:29.644353,236.22,0,358.9,v2.1.1,2.03,Chennai,13.0827,80.2707,1,normal,
298ccece-759d-4981-a3a9-c19f89824b37,POS-9C17BF21,MER-B0A7FE,2026-08-13T05:04:04.919700,2534.09,0,323.6,v2.1.0,1.99,Nagpur,21.1458,79.0882,1,normal,
69f33b0e-9098-4b12-9d27-68a5c5598acb,POS-70A8C312,MER-778AE7,2026-08-13T05:05:08.889433,3774.34,1,117.8,v2.1.0,1.1,Chennai,13.0827,80.2707,1,normal,
d042f27f-5815-4640-97fe-6007c3202a83,POS-CDFD9F1A,MER-243265,2026-08-13T05:39:05.533660,512.88,0,395.8,v2.1.0,1.84,Bengaluru,12.9716,77.5946,1,normal,
7de8afa7-9b2b-47a1-9840-eeb134b87e86,POS-E566E75E,MER-4CD30C,2026-08-13T05:44:06.770608,476.77,0,199.7,v2.2.0,2.29,Nagpur,21.1458,79.0882,1,normal,
9179573f-5116-43e1-898d-5c93b9f08df2,POS-DEE4DD42,MER-D53081,2026-08-13T05:45:13.039243,2007.83,0,376.7,v2.1.0,1.11,Mumbai,19.076,72.8777,1,normal,
bf2a730a-6137-4099-8328-c14fe1d0cd75,POS-207CA2EB,MER-5B06DF,2026-08-13T05:47:41.339590,841.5,1,22.9,v2.1.1,0.93,Pune,18.5204,73.8567,1,normal,
211475fe-393a-4a7e-90e2-4b4d73a915de,POS-FA8E124D,MER-079B19,2026-08-13T06:25:17.567858,3173.58,0,319.2,v2.1.1,1.71,Delhi,28.7041,77.1025,1,normal,
0779823b-7965-4d61-bfad-0b3116614789,POS-81C99677,MER-2280B3,2026-08-13T06:26:29.809700,4855.19,0,499.7,v2.1.0,1.61,Nagpur,21.1458,79.0882,1,normal,
1be61a82-e7c8-4ab9-a72f-65d281666a33,POS-0E2B0643,MER-16DFEB,2026-08-13T06:34:28.597717,3625.79,0,30.2,v2.3.0-beta,2.22,Bengaluru,12.9716,77.5946,1,normal,
50ff814a-6f14-4d09-bb4a-4f11bf6d54d2,POS-36A2CBE2,MER-7D9478,2026-08-13T06:53:39.855883,4116.08,0,395.0,v2.1.1,2.74,Mumbai,19.076,72.8777,1,normal,
34a5ee0f-c65d-48a2-abf2-1fd5c4a62111,POS-0AE6C0D2,MER-897854,2026-08-13T06:57:50.765469,664.48,0,333.8,v2.1.1,1.63,Kolkata,22.5726,88.3639,1,normal,
f2e87a71-7d87-450a-8829-1e25a8c72b1d,POS-80C06FB8,MER-0D360C,2026-08-13T07:06:30.959037,1240.79,1,94.5,v2.1.0,2.17,Delhi,28.7041,77.1025,1,normal,
563c2d4b-c41f-4e4b-b277-71611db4ffb0,POS-E9D66DA1,MER-38119E,2026-08-13T07:17:03.316577,1868.06,0,215.5,v2.1.1,1.87,Pune,18.5204,73.8567,1,normal,
908afb83-42b4-4aef-b04c-6e775c435999,POS-862B6369,MER-4CCB87,2026-08-13T07:28:44.782886,2718.83,0,347.4,v2.1.1,0.62,Nagpur,21.1458,79.0882,1,normal,
9067965a-2606-4736-bd0a-bfa13288c24b,POS-198FC2BC,MER-7149CD,2026-08-13T07:30:47.025880,4698.31,0,17.3,v2.2.0,1.43,Bengaluru,12.9716,77.5946,1,normal,
93ad67ec-6d69-4361-a82c-a564f6bcd8e6,POS-E566E75E,MER-4CD30C,2026-08-13T07:34:58.529618,1412.32,0,8.1,v2.2.0,0.78,Nagpur,21.1458,79.0882,1,normal,
61727853-634b-4657-a96e-324329662915,POS-383A0EE8,MER-ECE86F,2026-08-13T07:48:28.170244,82.15,0,478.9,v2.1.1,2.81,Mumbai,19.076,72.8777,1,normal,
3ece65e8-5812-43a4-b1f9-ccbad019c8b0,POS-D780167B,MER-226112,2026-08-13T07:54:52.076887,2393.9,0,30.4,v2.3.0-beta,1.73,Kolkata,22.5726,88.3639,1,normal,
0af867da-83c4-4715-b691-42cfdbf21210,POS-5190E155,MER-85B4C2,2026-08-13T08:03:47.555968,4898.32,1,477.9,v2.1.0,1.15,Delhi,28.7041,77.1025,1,normal,
75171833-6881-4280-beb8-11464ecf285e,POS-B7140521,MER-A41052,2026-08-13T08:18:17.815086,2084.98,0,227.3,v2.1.0,1.66,Nagpur,21.1458,79.0882,1,normal,
6797055f-d920-4722-bc89-e5196f3792b4,POS-87D47970,MER-BF7D1A,2026-08-13T08:25:48.728428,647.41,0,243.7,v2.1.0,2.98,Pune,18.5204,73.8567,1,normal,
a6a154cd-da75-41b0-b755-91e426981240,POS-CDFD9F1A,MER-243265,2026-08-13T08:29:11.454819,4541.27,0,291.9,v2.1.0,2.12,Bengaluru,12.9716,77.5946,1,normal,
816ffcac-1e96-4e1f-8a1a-9c489e7fc748,POS-B66D5760,MER-221884,2026-08-13T08:41:31.360690,199.92,0,321.3,v2.1.0,1.26,Hyderabad,17.385,78.4867,1,normal,
e8d36796-36a4-40f3-b688-43b1cb0b2892,POS-3BF5E359,MER-A82822,2026-08-13T08:47:22.965650,2874.55,0,464.0,v2.2.0,1.38,Mumbai,19.076,72.8777,1,normal,
4a9b53d3-2def-4c60-8b56-145c5f68866c,POS-94086F72,MER-6D8C2C,2026-08-13T09:00:58.097836,4875.53,0,476.7,v2.1.0,2.73,Mumbai,19.076,72.8777,1,normal,
0df09618-4b64-49c9-9d99-175217a16ce1,POS-D1DB24C2,MER-26B633,2026-08-13T09:14:37.434979,4601.8,0,339.9,v2.3.0-beta,2.94,Hyderabad,17.385,78.4867,1,normal,
dcf3f628-b9f0-4d02-abde-3d6152a2cb82,POS-BB11FCF8,MER-275B28,2026-08-13T09:29:16.042835,346.62,0,249.9,v2.1.0,1.01,Mumbai,19.076,72.8777,1,normal,
50025a89-4ac8-4b7b-a0e8-9e951c8894e8,POS-D3B57689,MER-58F164,2026-08-13T10:09:56.734568,4920.4,0,145.9,v2.2.0,2.91,Hyderabad,17.385,78.4867,1,normal,
748f799e-d617-4e11-928c-303df1d5c1f6,POS-CC8EC905,MER-15DD11,2026-08-13T10:15:51.819627,25927.44,0,717.1,v2.1.0,0.72,Hyderabad,17.385,78.4867,1,fraud,bust_out
7441b326-8018-4af5-9880-ab53eed440df,POS-9CD505AA,MER-1F157D,2026-08-13T10:29:03.629930,1448.16,0,333.9,v2.1.1,0.82,Pune,18.5204,73.8567,1,normal,
ecb56f88-7842-411a-b442-9055e772013f,POS-DEE4DD42,MER-D53081,2026-08-13T10:59:42.275940,1885.9,0,186.6,v2.1.0,1.56,Mumbai,19.076,72.8777,1,normal,
e5f379db-785e-461e-8a32-6384809f9d86,POS-C9DBE224,MER-11AEAE,2026-08-13T11:06:52.548387,3333.77,0,360.2,v2.3.0-beta,1.25,Bengaluru,12.9716,77.5946,1,normal,
a72437ea-88df-4f2c-af98-0dbfeaa15aae,POS-70A8C312,MER-778AE7,2026-08-13T11:07:38.766049,2230.29,0,100.6,v2.1.0,1.43,Chennai,13.0827,80.2707,1,normal,
b468f2d3-d603-4c88-bd8f-b0df9cf83cdc,POS-77B485D3,MER-340AFB,2026-08-13T11:08:29.884839,2578.48,0,362.4,v2.1.0,1.36,Delhi,28.7041,77.1025,1,normal,
de60dc73-6055-4e99-90f4-c2a8872e60d1,POS-7B492CC9,MER-70B109,2026-08-13T11:09:17.098242,363.88,0,37.9,v2.1.0,3.0,Mumbai,19.076,72.8777,1,normal,
f50bafa3-88f8-43b5-be6b-34c3de4859eb,POS-483FD0E6,MER-A77E7B,2026-08-13T11:09:33.376205,2299.25,1,276.5,v2.2.0,1.63,Kolkata,22.5726,88.3639,1,normal,
0c4896e3-d600-4d33-87ef-82e2ceff6a50,POS-5B84BAFA,MER-54F0E4,2026-08-13T11:24:44.186959,3148.51,1,434.9,v2.1.1,2.14,Chennai,13.0827,80.2707,1,normal,
9a76527f-d795-40b9-8771-d008ad77c43f,POS-AB472E48,MER-7D45F8,2026-08-13T11:25:44.361120,1362.12,0,106.3,v2.1.0,0.7,Bengaluru,12.9716,77.5946,1,normal,
62d66cb0-1101-42fa-a49b-afd55311f316,POS-EEE16951,MER-D3A1BB,2026-08-13T11:50:35.554310,4674.92,1,469.5,v2.3.0-beta,0.8,Bengaluru,12.9716,77.5946,1,normal,
57345d29-e0ef-45be-91ee-5b993cd32dcc,POS-862B6369,MER-4CCB87,2026-08-13T11:53:02.294023,1470.68,0,136.3,v2.1.1,1.75,Nagpur,21.1458,79.0882,1,normal,
c671cd6f-bd26-423c-b9de-d0d9300f5611,POS-36A2CBE2,MER-7D9478,2026-08-13T12:00:29.218523,312.53,0,121.0,v2.1.1,2.01,Mumbai,19.076,72.8777,1,normal,
3230e4a1-ca6a-4168-a8c9-f295cccf9cf4,POS-AF1B4891,MER-875B51,2026-08-13T12:06:10.316310,3573.28,1,191.4,v2.1.0,1.86,Mumbai,19.076,72.8777,1,normal,
ff470629-16ab-4da8-83e3-c30ba721ac00,POS-D780167B,MER-226112,2026-08-13T12:08:59.978540,4549.46,0,311.3,v2.3.0-beta,0.57,Kolkata,22.5726,88.3639,1,normal,
2dbbf3e4-97b0-41a7-80aa-54ad108738c3,POS-1AF2A398,MER-9A9BF3,2026-08-13T12:28:36.141856,2164.64,1,24.4,v2.1.1,1.36,Chennai,13.0827,80.2707,1,normal,
92f178f0-d9c4-4e70-886a-629666e455c7,POS-AB472E48,MER-7D45F8,2026-08-13T12:30:41.783397,2562.3,0,347.9,v2.1.0,1.6,Bengaluru,12.9716,77.5946,1,normal,
b4090ae6-47c7-424e-a093-95d7b4aab5d8,POS-70A8C312,MER-778AE7,2026-08-13T12:42:38.623034,699.82,0,15.3,v2.1.0,2.16,Chennai,13.0827,80.2707,1,normal,
9f313f55-1121-4b14-ad95-0b3a5dd2afad,POS-C9DBE224,MER-11AEAE,2026-08-13T12:52:55.451236,173.42,0,397.8,v2.3.0-beta,0.63,Bengaluru,12.9716,77.5946,1,normal,
b3e94f52-0eca-48ef-88d8-c71abaf3c441,POS-F79A698C,MER-2ED01B,2026-08-13T12:55:03.871742,3139.14,0,189.2,v2.1.1,0.52,Pune,18.5204,73.8567,1,normal,
aaaeaf33-3022-41e5-b1a7-4783f0d54969,POS-FC80D3D1,MER-FD74EE,2026-08-13T13:03:07.178190,3923.79,0,210.0,v2.1.1,1.89,Mumbai,19.076,72.8777,1,normal,
c2e6053a-8109-4c5b-a939-e215b4fcae97,POS-77136499,MER-3E00AA,2026-08-13T13:21:00.554306,1907.1,0,317.2,v2.3.0-beta,2.7,Bengaluru,12.9716,77.5946,1,normal,
f51f147f-d708-440f-9b07-3b04d6103a82,POS-BC46E34D,MER-0DC332,2026-08-13T13:33:32.723171,4521.85,0,155.2,v2.2.0,1.6,Mumbai,19.076,72.8777,1,normal,
b64ab895-fe95-40f8-aab0-1f3653742628,POS-DD8321BF,MER-250C33,2026-08-13T13:50:47.690703,3365.69,0,48.9,v2.1.0,1.68,Pune,18.5204,73.8567,1,normal,
f99aed6a-af86-4cd3-8201-d268f645f41d,POS-207CA2EB,MER-5B06DF,2026-08-13T14:02:55.443716,2228.23,0,52.7,v2.1.1,2.62,Pune,18.5204,73.8567,1,normal,
873fb4c4-898c-40e2-ae4d-86e8b107eeb9,POS-CC8EC905,MER-15DD11,2026-08-13T14:03:50.493248,2911.8,0,328.5,v2.1.0,1.23,Hyderabad,17.385,78.4867,1,normal,
b385e59e-5016-437d-a078-89d712858a30,POS-32F79BA7,MER-9F2DF0,2026-08-13T14:07:53.014619,1264.98,1,393.8,v2.2.0,0.84,Hyderabad,17.385,78.4867,1,normal,
ebc5c94b-03d8-4fab-9d4d-67e092cd2381,POS-AB472E48,MER-7D45F8,2026-08-13T14:30:15.433273,2193.47,0,195.4,v2.1.0,0.8,Bengaluru,12.9716,77.5946,1,normal,
b87ac2ed-7042-4c3c-8c2d-ea8b9533e37e,POS-F66B7F18,MER-589763,2026-08-13T14:38:01.399121,2756.19,0,433.3,v2.2.0,1.65,Pune,18.5204,73.8567,1,normal,
1d98a3f6-d63c-4d75-9ca8-21bf1d575fcf,POS-8E1D47A7,MER-9204E3,2026-08-13T14:52:53.040477,1687.96,0,306.7,v2.1.0,0.64,Delhi,28.7041,77.1025,1,normal,
74d22a0d-511d-4ceb-88db-c3905442543d,POS-CC66C62A,MER-6E235F,2026-08-13T15:00:40.449587,2879.61,0,40.5,v2.2.0,1.36,Hyderabad,17.385,78.4867,1,normal,
56b223a5-ec4d-443b-bff9-41d7e7d076cb,POS-778516AB,MER-714018,2026-08-13T15:29:26.925964,4796.18,0,183.3,v2.1.0,2.63,Delhi,28.7041,77.1025,1,normal,
6cb25b50-f751-4473-acab-65a5aa44b44a,POS-9CD505AA,MER-1F157D,2026-08-13T15:47:02.004220,4150.79,0,247.1,v2.1.1,2.96,Pune,18.5204,73.8567,1,normal,
893c2999-18fd-4ecd-9cf1-22375f001a76,POS-207CA2EB,MER-5B06DF,2026-08-13T15:56:52.224521,2676.49,0,453.1,v2.1.1,1.37,Pune,18.5204,73.8567,1,normal,
094ad886-460a-47dd-8ed5-474186785490,POS-0FF08306,MER-2B307F,2026-08-13T16:15:56.914039,3179.36,0,153.1,v2.1.1,0.6,Nagpur,21.1458,79.0882,1,normal,
87d96f7d-3f16-43d7-bf02-9f1b10b30fbf,POS-7F1981DF,MER-B33B9B,2026-08-13T16:36:39.160230,4515.6,1,0.9,v2.2.0,4.34,Bengaluru,12.9716,77.5946,0,fraud,device_spoof
ec67d5c3-2307-4a8e-b371-ebc635080d79,POS-F967E1DC,MER-6F1422,2026-08-13T16:45:19.883121,4301.76,0,421.8,v2.2.0,2.38,Nagpur,21.1458,79.0882,1,normal,
729d89a6-b2d1-460d-ae10-eea8b147e19c,POS-CDFD9F1A,MER-243265,2026-08-13T17:57:54.085543,2002.01,0,399.5,v2.1.0,2.81,Bengaluru,12.9716,77.5946,1,normal,
d4119f3d-0f99-4355-9d94-0d546488cfe1,POS-1B73B11B,MER-95FEFA,2026-08-13T18:03:32.037231,4398.62,0,473.7,v2.2.0,1.04,Hyderabad,17.385,78.4867,1,normal,
f6cb1283-374b-4528-a766-c37966e45145,POS-62F7C65F,MER-BAFD17,2026-08-13T18:16:46.266039,401.51,0,493.5,v2.1.0,2.83,Delhi,28.7041,77.1025,1,normal,
add39c7d-e032-4002-9f32-37a4466c900a,POS-4FDF65E4,MER-8FF8CA,2026-08-13T18:23:25.883309,2404.89,0,254.2,v2.1.1,2.61,Delhi,28.7041,77.1025,1,normal,
f645f210-c85f-40fc-ab13-f50d7b89ab3a,POS-5E1A46C9,MER-4361C1,2026-08-13T18:31:32.781005,1068.38,0,92.4,v2.1.1,2.12,Delhi,28.7041,77.1025,1,normal,
01c350b5-429c-492d-a413-492bc5965762,POS-AB472E48,MER-7D45F8,2026-08-13T18:40:47.531212,2912.97,0,110.1,v2.1.0,2.95,Bengaluru,12.9716,77.5946,1,normal,
d1d60572-dca5-4d15-856e-9972156ca989,POS-EDC02D19,MER-6176CA,2026-08-13T18:41:26.077678,2150.33,0,229.0,v2.1.0,1.26,Chennai,13.0827,80.2707,1,normal,
5fd2b14e-1a91-451a-9d36-5f10627d9eb7,POS-A320C8AA,MER-9451DE,2026-08-13T18:43:51.059957,427.32,0,436.7,v2.2.0,2.63,Nagpur,21.1458,79.0882,1,normal,
8f50d696-c694-4518-9a0e-334f9012aa73,POS-62F7C65F,MER-BAFD17,2026-08-13T18:56:52.807382,3794.99,0,133.1,v2.1.0,2.27,Delhi,28.7041,77.1025,1,normal,
12ce7da9-ba25-4ca8-a4bc-e40a920cad56,POS-AA696464,MER-59201B,2026-08-13T19:06:03.909946,950.72,0,216.9,v2.2.0,2.78,Nagpur,21.1458,79.0882,1,normal,
36c8426c-22df-40c2-88da-70680d125420,POS-34F01FAC,MER-FE16C9,2026-08-13T19:10:10.498580,3865.75,1,114.2,v2.1.1,2.04,Chennai,13.0827,80.2707,1,normal,
521a52c4-7c57-4cdc-b8e5-e873f479db84,POS-A22B806C,MER-66332B,2026-08-13T19:25:47.498869,2189.07,0,369.0,v2.1.1,2.71,Delhi,28.7041,77.1025,1,normal,
49d47c5a-5d4c-4aaf-91cf-bb207759aa44,POS-EF533CFF,MER-837BC2,2026-08-13T19:51:32.193567,959.51,1,395.7,v2.2.0,0.84,Nagpur,21.1458,79.0882,1,normal,
f31ae3aa-3ea0-4505-a338-5fd801f6c9e4,POS-2D6C822A,MER-CA6F11,2026-08-13T19:51:43.361893,4028.25,0,436.2,v2.1.0,2.77,Kolkata,22.5726,88.3639,1,normal,
11e61642-f4ab-4511-bd1a-d97154486c72,POS-F79A698C,MER-2ED01B,2026-08-13T19:52:58.505920,3110.83,0,350.7,v2.1.1,0.68,Pune,18.5204,73.8567,1,normal,
09ede297-10d0-48a4-9ea1-89a263167e24,POS-A320C8AA,MER-9451DE,2026-08-13T19:55:37.100665,1015.19,0,204.9,v2.2.0,2.96,Nagpur,21.1458,79.0882,1,normal,
f22feeb9-7adb-4eda-b8a7-7fc635fb94e5,POS-383A0EE8,MER-ECE86F,2026-08-13T19:57:23.584637,3401.83,0,265.7,v2.1.1,0.52,Mumbai,19.076,72.8777,1,normal,
cb09d6c8-39ec-489a-a058-13c26fcc7aea,POS-3637119B,MER-7355A0,2026-08-13T20:00:12.776053,2021.56,0,137.8,v2.1.1,0.64,Hyderabad,17.385,78.4867,1,normal,
55de1e30-7c7f-4f87-9ded-5e6fc985334a,POS-AA696464,MER-59201B,2026-08-13T20:02:22.824042,3809.5,1,45.7,v2.2.0,1.81,Nagpur,21.1458,79.0882,1,normal,
8b74fd6b-dde9-463d-a729-471addc4f6ee,POS-AD42C2FB,MER-96DF46,2026-08-13T20:07:45.330760,910.88,0,155.4,v2.1.1,2.86,Mumbai,19.076,72.8777,1,normal,
5dd4a8be-e50b-4db0-848c-f2aca78ba184,POS-BC46E34D,MER-0DC332,2026-08-13T20:16:35.730477,2108.48,1,446.9,v2.2.0,2.24,Mumbai,19.076,72.8777,1,normal,
c5fad5da-e692-4411-aefc-e2cf50e15225,POS-E2ABAA01,MER-94FBB2,2026-08-13T20:31:11.391760,721.71,1,91.7,v2.1.0,1.15,Nagpur,21.1458,79.0882,1,normal,
2be385c5-827d-4920-a1c4-bdb96439f464,POS-FD4A2FB5,MER-DB7A61,2026-08-13T20:50:08.397917,2523.44,1,483.3,v2.1.1,0.54,Delhi,28.7041,77.1025,1,normal,
2b01f3fb-413e-45ca-81b0-2ac691d80857,POS-FB95985B,MER-7765F7,2026-08-13T20:57:35.899500,4287.71,0,455.9,v2.1.0,1.21,Hyderabad,17.385,78.4867,1,normal,
92501783-ce74-488b-85dd-84636d9b7b45,POS-EBF11023,MER-16D60A,2026-08-13T21:02:55.426201,2956.32,0,262.1,v2.2.0,1.44,Hyderabad,17.385,78.4867,1,normal,
4509c61d-bb84-4da7-9cc2-0ef0b42d1b91,POS-52FC2A7B,MER-31B3EE,2026-08-13T21:04:42.180766,4571.6,0,25.0,v2.1.1,2.96,Delhi,28.7041,77.1025,1,normal,
6b12ac8d-dc87-47b1-9d1d-c4a0bb36fd20,POS-9C17BF21,MER-B0A7FE,2026-08-13T21:16:53.975831,2310.92,0,132.8,v2.1.0,0.63,Nagpur,21.1458,79.0882,1,normal,
c5f75e50-3c3c-4b31-b013-299cfd3abacf,POS-CD16D1EF,MER-7BDF7F,2026-08-13T21:36:15.461847,3015.57,0,423.1,v2.1.0,2.95,Mumbai,19.076,72.8777,1,normal,
1ade7fc9-9b5f-4c09-a2e8-8220acd6cf5c,POS-81C99677,MER-2280B3,2026-08-13T21:37:52.151719,3408.67,0,245.2,v2.1.0,0.58,Nagpur,21.1458,79.0882,1,normal,
45ac8be5-9ffb-4d9d-a1af-66fc91bfbd20,POS-20AF02F8,MER-8C904C,2026-08-13T21:52:37.520014,733.5,0,23.1,v2.1.0,1.25,Hyderabad,17.385,78.4867,1,normal,
e1a87a9f-21ef-4dcb-8651-11057f9e43b6,POS-70E04A75,MER-F51428,2026-08-13T22:14:43.913384,4796.91,0,58.5,v2.1.1,2.74,Pune,18.5204,73.8567,1,normal,
b7c6745c-d922-468a-93aa-a2d94c24641e,POS-BB11FCF8,MER-275B28,2026-08-13T22:41:37.076019,2519.51,1,31.4,v2.1.0,1.2,Mumbai,19.076,72.8777,1,normal,
2e2010fc-476f-45e0-b543-9440e9e7baef,POS-3BD6788B,MER-FA377E,2026-08-13T22:49:22.455288,333.38,0,359.9,v2.1.0,2.97,Pune,18.5204,73.8567,1,normal,
456b798c-4a4d-4f16-a6f5-6e77833e4d3a,POS-AD5BA00A,MER-5FE21C,2026-08-13T23:13:14.597800,4360.37,1,88.5,v2.3.0-beta,2.74,Pune,18.5204,73.8567,1,normal,
506b6c3e-8388-4db1-a934-d1399dfcd2bd,POS-70E04A75,MER-F51428,2026-08-13T23:20:18.380989,3673.41,1,97.8,v2.1.1,0.97,Pune,18.5204,73.8567,1,normal,
306d6d2d-e186-4426-85af-06c991ae04f6,POS-0AE6C0D2,MER-897854,2026-08-13T23:23:02.673238,2106.89,0,484.8,v2.1.1,2.66,Kolkata,22.5726,88.3639,1,normal,
cded0299-ee21-4c5a-bdbe-76a238174544,POS-87D47970,MER-BF7D1A,2026-08-13T23:32:18.355789,3700.03,0,376.8,v2.1.0,2.4,Pune,18.5204,73.8567,1,normal,
4475420f-65df-4c48-a9d6-7c1d1f5c72e2,POS-862B6369,MER-4CCB87,2026-08-13T23:38:05.763180,627.55,0,473.2,v2.1.1,1.26,Nagpur,21.1458,79.0882,1,normal,
234ff66b-997a-40f6-b038-b470e58a11c1,POS-EF533CFF,MER-837BC2,2026-08-13T23:42:52.040676,3517.55,0,225.0,v2.2.0,1.58,Nagpur,21.1458,79.0882,1,normal,
68a376ea-6694-44d9-a356-8e772f0dd901,POS-1D6FD4E1,MER-F1C4E7,2026-08-14T00:02:49.006700,2987.29,0,313.9,v2.1.0,1.51,Chennai,13.0827,80.2707,1,normal,
b8e01575-8c30-47be-8842-e20ae01c2a30,POS-105BE397,MER-3B97DB,2026-08-14T00:08:13.777491,4371.56,0,137.5,v2.1.0,2.47,Chennai,13.0827,80.2707,1,normal,
e036819d-de37-4197-8251-f01ec113d5ac,POS-FA8E124D,MER-079B19,2026-08-14T00:19:09.384642,2938.43,0,396.5,v2.1.1,0.89,Delhi,28.7041,77.1025,1,normal,
b458273f-95ee-460b-bc9e-78a48acd6bcb,POS-E9D66DA1,MER-38119E,2026-08-14T00:56:08.997156,4566.45,0,81.3,v2.1.1,1.15,Pune,18.5204,73.8567,1,normal,
c26492f1-c0f8-4ceb-a26b-b511d876abc0,POS-76F7895E,MER-F17607,2026-08-14T01:00:15.190506,931.16,0,427.8,v2.1.1,2.43,Pune,18.5204,73.8567,1,normal,
433fe0f9-d857-47ab-af5d-05b43a889315,POS-D2E37BD7,MER-94832D,2026-08-14T01:03:33.757045,1725.77,0,435.1,v2.3.0-beta,2.61,Kolkata,22.5726,88.3639,1,normal,
87a2e7da-07f9-4d4d-b239-dec07ba72e63,POS-4167FD28,MER-DA1B0B,2026-08-14T01:17:45.517297,2055.24,1,83.2,v2.1.0,2.51,Delhi,28.7041,77.1025,1,normal,
ad16b6de-576d-4e68-b6bd-44cba3187a14,POS-5E1A46C9,MER-4361C1,2026-08-14T01:28:05.691188,878.54,0,466.8,v2.1.1,1.71,Delhi,28.7041,77.1025,1,normal,
4e2e298a-8014-464a-a41e-4594a31b79a9,POS-B37501A9,MER-DC9CFB,2026-08-14T01:42:44.844597,147.72,0,209.0,v2.2.0,1.45,Bengaluru,12.9716,77.5946,1,normal,
7fdcaac7-8de8-41cd-ae82-dc4dc2600d2b,POS-A9C6662D,MER-C0726A,2026-08-14T01:52:53.154229,3936.16,1,404.4,v2.3.0-beta,1.06,Pune,18.5204,73.8567,1,normal,
0785420e-6f2a-4e9a-b25c-d70970a58c78,POS-8E1D47A7,MER-9204E3,2026-08-14T02:13:27.526407,2906.93,1,348.3,v2.1.0,1.23,Delhi,28.7041,77.1025,1,normal,
69b13bdf-8a38-4dd1-b333-118ebdf90e34,POS-E2ABAA01,MER-94FBB2,2026-08-14T02:19:10.863339,4433.08,0,115.4,v2.1.0,2.34,Nagpur,21.1458,79.0882,1,normal,
6158335c-5157-4a92-9ffa-701658a91fbb,POS-A9C6662D,MER-C0726A,2026-08-14T02:20:13.972788,4430.81,0,468.1,v2.3.0-beta,1.26,Pune,18.5204,73.8567,1,normal,
0ed212dd-c67f-4b84-bb02-a162b448d913,POS-849A1C0F,MER-D8D0DA,2026-08-14T02:25:34.688882,350.85,0,303.8,v2.1.0,1.47,Delhi,28.7041,77.1025,1,normal,
11168d89-dba9-4acd-af64-9fb149c4be7e,POS-DEE4DD42,MER-D53081,2026-08-14T02:26:38.220347,3642.21,0,1.7,v2.2.0,7.06,Pune,18.5204,73.8567,0,fraud,device_spoof
c088a6d3-1be9-40e1-8b3e-12121ef6456c,POS-28402991,MER-833A0C,2026-08-14T02:31:56.856775,699.41,0,431.1,v2.1.1,0.69,Hyderabad,17.385,78.4867,1,normal,
a41e6e03-51e4-46d4-bc47-94e4463418cb,POS-D9E1B170,MER-4FA9A0,2026-08-14T02:32:19.976386,4246.64,0,457.1,v2.1.1,1.05,Delhi,28.7041,77.1025,1,normal,
74fa87c8-4f85-4764-9df7-c6b77b980510,POS-C2744B6C,MER-4093C0,2026-08-14T02:35:32.185759,4987.47,0,453.5,v2.1.1,1.51,Nagpur,21.1458,79.0882,1,normal,
d33cc9db-7fe4-46c5-8abe-7a70348bb8ae,POS-5CD2AFE7,MER-C65F5C,2026-08-14T02:47:04.079553,2327.81,1,434.5,v2.3.0-beta,2.91,Hyderabad,17.385,78.4867,1,normal,
86a5c34a-a891-4e61-8794-0b6f00c598cf,POS-208DB4F3,MER-C166F5,2026-08-14T02:59:28.469234,2845.98,0,159.4,v2.1.1,1.89,Delhi,28.7041,77.1025,1,normal,
84382027-268f-40c9-b1b8-93fcbede83c1,POS-5CD2AFE7,MER-C65F5C,2026-08-14T03:34:45.985609,3375.46,1,81.8,v2.3.0-beta,1.57,Hyderabad,17.385,78.4867,1,normal,
cef22500-1f67-4e80-95cb-1997a39c3648,POS-E2ABAA01,MER-94FBB2,2026-08-14T03:50:49.924002,2875.92,1,132.6,v2.1.0,1.0,Nagpur,21.1458,79.0882,1,normal,
cd91189c-783f-4440-9bc1-06c94563ad01,POS-75E7B52C,MER-837894,2026-08-14T03:58:44.113232,2717.83,1,95.7,v2.2.0,2.21,Chennai,13.0827,80.2707,1,normal,
11114ec3-7d78-47dc-bd35-26041fc0278f,POS-0AE6C0D2,MER-897854,2026-08-14T04:07:43.120532,1887.8,0,161.0,v2.1.1,2.1,Kolkata,22.5726,88.3639,1,normal,
463c1a6e-af53-4d6a-b638-d9eade1806c9,POS-E9D66DA1,MER-38119E,2026-08-14T04:16:03.700104,266.7,0,90.1,v2.1.1,0.58,Pune,18.5204,73.8567,1,normal,
5437c0ee-2b33-4c8f-aa0c-f5bb2d9348f8,POS-4A5BFB60,MER-B81D68,2026-08-14T04:27:23.342958,127.87,1,6.9,v2.1.1,1.82,Chennai,13.0827,80.2707,1,normal,
e36bdab2-7521-4e41-a908-1dacdac92336,POS-BB11FCF8,MER-275B28,2026-08-14T04:33:02.783924,3689.58,0,347.8,v2.1.0,0.69,Mumbai,19.076,72.8777,1,normal,
ced5d081-2f64-4bad-848d-480ce3eeac1a,POS-BC2D02AD,MER-18BAD6,2026-08-14T04:53:04.425692,3225.26,0,488.9,v2.2.0,2.95,Kolkata,22.5726,88.3639,1,normal,
c6d8e402-0e62-4f22-bfaa-4e53071f4f36,POS-849A1C0F,MER-D8D0DA,2026-08-14T04:57:42.713541,2303.95,0,388.5,v2.1.0,0.76,Delhi,28.7041,77.1025,1,normal,
606aff59-b30c-495f-8ca2-9b5c68f1f262,POS-0EF33479,MER-87BA54,2026-08-14T05:01:45.718554,424.79,1,461.4,v2.1.1,1.19,Delhi,28.7041,77.1025,1,normal,
fbe6629c-77e9-407f-921f-ca80ae75aa7d,POS-4FDF65E4,MER-8FF8CA,2026-08-14T05:02:52.726115,1117.16,1,213.0,v2.1.1,2.03,Delhi,28.7041,77.1025,1,normal,
cb401777-e668-424c-b670-781643cc8e0b,POS-6B16F045,MER-ECDE68,2026-08-14T05:03:57.051699,2215.98,7,416.0,v2.3.0-beta,13.72,Delhi,28.7041,77.1025,1,fraud,retry_storm
cfb67ee1-5f4d-4eb0-bab2-1edb0ea68f9c,POS-A275E8CD,MER-DFFA45,2026-08-14T05:09:46.285384,3313.36,0,48.4,v2.1.1,2.83,Kolkata,22.5726,88.3639,1,normal,
a6f10c31-4b62-4f05-a886-970db097f2a7,POS-F1400661,MER-644B55,2026-08-14T05:18:27.606408,177.61,0,179.8,v2.1.1,2.47,Chennai,13.0827,80.2707,1,normal,
c7360e4d-0b5f-47b3-b5f9-eb31b5185e17,POS-1D6FD4E1,MER-F1C4E7,2026-08-14T05:18:49.781483,4376.96,1,402.1,v2.1.0,1.92,Chennai,13.0827,80.2707,1,normal,
4097a49d-4839-4141-bcc7-bac661b13028,POS-20AF02F8,MER-8C904C,2026-08-14T05:19:07.284457,2623.75,1,396.6,v2.1.0,1.0,Hyderabad,17.385,78.4867,1,normal,
23ed8a52-a35a-493d-b741-638447256608,POS-CC8EC905,MER-15DD11,2026-08-14T05:35:50.675648,1166.84,0,16.7,v2.1.0,2.31,Hyderabad,17.385,78.4867,1,normal,
f618988f-de1c-4c33-9bac-3f7726deb9ee,POS-74235C6B,MER-4BCD8F,2026-08-14T05:54:37.865089,2734.3,0,254.2,v2.1.1,1.23,Pune,18.5204,73.8567,1,normal,
f00685f9-9e7b-48fb-bb62-28d20ad569ef,POS-0E673AA4,MER-A73341,2026-08-14T06:03:22.170150,271.44,0,94.8,v2.2.0,1.25,Hyderabad,17.385,78.4867,1,normal,
a7fd8b0b-9a26-4772-ae17-9496433fa206,POS-AD42C2FB,MER-96DF46,2026-08-14T06:30:49.154738,4345.55,1,191.1,v2.1.1,2.05,Mumbai,19.076,72.8777,1,normal,
9d81dd1d-58a7-4b85-b713-db0fcb263b22,POS-D2E37BD7,MER-94832D,2026-08-14T06:42:20.501681,1184.73,1,328.8,v2.3.0-beta,1.47,Kolkata,22.5726,88.3639,1,normal,
f5bcc31d-d1a3-4d3c-ac4c-7a5351976cd3,POS-B27C0D31,MER-6BDAEB,2026-08-14T07:00:00.161817,297.63,0,294.8,v2.1.1,1.07,Pune,18.5204,73.8567,1,normal,
74416d12-b779-4944-bc43-a5f452a25ca2,POS-32F79BA7,MER-9F2DF0,2026-08-14T07:14:15.277042,1923.26,0,487.7,v2.2.0,2.68,Hyderabad,17.385,78.4867,1,normal,
19abfe8a-9b91-4054-ba0c-d41af3419b79,POS-4167FD28,MER-DA1B0B,2026-08-14T07:15:06.387368,1902.79,0,343.7,v2.1.0,1.69,Delhi,28.7041,77.1025,1,normal,
789b3523-49d8-4740-8792-b1591afec0a5,POS-F79A698C,MER-2ED01B,2026-08-14T07:21:16.896918,3956.58,0,49.3,v2.1.1,1.81,Pune,18.5204,73.8567,1,normal,
964785d0-a4e1-4db8-a15a-35c8cdf468dd,POS-0E2B0643,MER-16DFEB,2026-08-14T07:25:43.163712,4617.54,1,46.1,v2.3.0-beta,2.23,Bengaluru,12.9716,77.5946,1,normal,
41066aae-cb01-43fe-ae1d-9cdc6b1c076f,POS-91659503,MER-DC751C,2026-08-14T07:27:56.070575,4891.21,0,187.1,v2.1.1,1.85,Hyderabad,17.385,78.4867,1,normal,
4f648f85-b216-4d86-9092-b985d8431aa3,POS-849A1C0F,MER-D8D0DA,2026-08-14T07:41:42.223022,2168.22,0,89.6,v2.1.0,1.16,Delhi,28.7041,77.1025,1,normal,
76282643-d914-4fb5-a2f9-db3fe8673b63,POS-520C7452,MER-52D41B,2026-08-14T07:47:09.267803,4216.98,1,461.6,v2.2.0,2.41,Kolkata,22.5726,88.3639,1,normal,
beef6441-579d-4926-a516-354c6a70e8a6,POS-D5F8541B,MER-EFC947,2026-08-14T07:53:17.281705,747.97,0,276.5,v2.2.0,1.77,Bengaluru,12.9716,77.5946,1,normal,
d2c45741-8943-4a1e-a660-5c7bd336c19b,POS-AD5BA00A,MER-5FE21C,2026-08-14T07:56:15.121030,665.4,0,19.6,v2.3.0-beta,2.37,Pune,18.5204,73.8567,1,normal,
85f06060-8695-4275-bbd7-ad34145cd42c,POS-5B84BAFA,MER-54F0E4,2026-08-14T08:06:21.999956,4007.9,1,170.0,v2.1.1,0.78,Chennai,13.0827,80.2707,1,normal,
a1ca0291-1693-4cc4-a1e8-45b2839d2e3b,POS-659CC7FB,MER-F997E8,2026-08-14T08:06:30.938295,1664.61,0,277.7,v2.1.1,0.98,Mumbai,19.076,72.8777,1,normal,
726be944-0fe9-44b4-905f-d6af67bad208,POS-62F7C65F,MER-BAFD17,2026-08-14T08:17:33.543978,893.08,0,38.5,v2.1.0,2.58,Delhi,28.7041,77.1025,1,normal,
0ea861fc-e8bb-4134-bb7d-397d874e099e,POS-91659503,MER-DC751C,2026-08-14T08:30:03.113378,4265.94,0,112.2,v2.1.1,1.64,Hyderabad,17.385,78.4867,1,normal,
d12f2203-e6af-4786-a60a-d3b700be7364,POS-F79A698C,MER-2ED01B,2026-08-14T08:30:13.832288,2593.8,1,453.8,v2.1.1,1.47,Pune,18.5204,73.8567,1,normal,
cacd4ce9-727f-41b1-9ae7-c3e1c6d113bf,POS-00CFCF07,MER-73C8B8,2026-08-14T08:31:15.216204,4185.03,0,403.3,v2.3.0-beta,2.45,Kolkata,22.5726,88.3639,1,normal,
8255b119-791c-4db0-9e2d-8850fb4cf2b1,POS-849A1C0F,MER-D8D0DA,2026-08-14T08:59:51.043743,370.53,0,155.3,v2.1.0,1.06,Delhi,28.7041,77.1025,1,normal,
7436cb33-b5f5-4ab5-9be7-779824b417d3,POS-A8756576,MER-414EF8,2026-08-14T10:03:46.153753,732.95,0,193.2,v2.1.0,0.96,Pune,18.5204,73.8567,1,normal,
2c7157ad-a331-41f6-a09e-749b235bfd31,POS-47CB19EB,MER-7848E9,2026-08-14T10:09:28.755793,15.03,0,290.1,v2.2.0,1.03,Bengaluru,12.9716,77.5946,1,fraud,card_testing
85885ee7-9abe-4710-8a49-78e25cfba77f,POS-47CB19EB,MER-7848E9,2026-08-14T10:09:31.090948,12.92,0,382.7,v2.2.0,0.79,Bengaluru,12.9716,77.5946,1,fraud,card_testing
aaa7dbc9-3add-4aa3-aac3-ba41dc559c83,POS-47CB19EB,MER-7848E9,2026-08-14T10:09:34.297387,19.94,0,382.5,v2.2.0,0.99,Bengaluru,12.9716,77.5946,1,fraud,card_testing
35351ca8-9599-49e2-845d-b5b02067c30f,POS-47CB19EB,MER-7848E9,2026-08-14T10:09:35.323009,1.41,0,277.1,v2.2.0,1.01,Bengaluru,12.9716,77.5946,1,fraud,card_testing
64e90db3-c376-419b-a0b5-e90429dfa613,POS-47CB19EB,MER-7848E9,2026-08-14T10:09:36.439715,13.91,1,280.0,v2.2.0,1.12,Bengaluru,12.9716,77.5946,1,fraud,card_testing
b54857af-5842-4fa3-9b81-198e5ac1b3b8,POS-47CB19EB,MER-7848E9,2026-08-14T10:09:41.824273,9.71,2,172.3,v2.2.0,0.78,Bengaluru,12.9716,77.5946,1,fraud,card_testing
95cfd307-aded-45f6-97e1-23cb822eacf9,POS-47CB19EB,MER-7848E9,2026-08-14T10:09:43.755752,13.16,1,438.0,v2.2.0,0.69,Bengaluru,12.9716,77.5946,1,fraud,card_testing
234d4532-fd61-41d5-941b-f0b6ad1e7ed7,POS-47CB19EB,MER-7848E9,2026-08-14T10:09:45.395538,16.88,0,82.8,v2.2.0,0.47,Bengaluru,12.9716,77.5946,1,fraud,card_testing
6a1929a3-8b2a-43e1-90ed-8ca599b1422c,POS-47CB19EB,MER-7848E9,2026-08-14T10:09:46.514916,6.4,1,38.6,v2.2.0,0.91,Bengaluru,12.9716,77.5946,1,fraud,card_testing
c4ce81fc-5e46-432e-9c25-7a107914094f,POS-47CB19EB,MER-7848E9,2026-08-14T10:09:49.204892,16.24,1,57.2,v2.2.0,0.85,Bengaluru,12.9716,77.5946,1,fraud,card_testing
55232054-c8d7-4131-8f04-20723d9fd1c7,POS-47CB19EB,MER-7848E9,2026-08-14T10:09:50.712392,16.36,0,498.6,v2.2.0,0.65,Bengaluru,12.9716,77.5946,1,fraud,card_testing
e11552f2-ddd7-4ac9-8667-ba5ecac1247b,POS-47CB19EB,MER-7848E9,2026-08-14T10:09:53.531350,1.53,1,158.7,v2.2.0,1.25,Bengaluru,12.9716,77.5946,1,fraud,card_testing
7117747b-7b4f-4c0c-a68f-26558cf9f0f9,POS-B41DA6C4,MER-9C5AB9,2026-08-14T10:16:07.838817,3001.74,0,10.7,v2.1.1,2.5,Mumbai,19.076,72.8777,1,normal,
fc51e9aa-73b5-4018-a4a8-b596f96d6e82,POS-1B73B11B,MER-95FEFA,2026-08-14T10:38:39.344532,3034.71,0,33.6,v2.2.0,0.82,Hyderabad,17.385,78.4867,1,normal,
88d787b4-aad6-4d8f-90f5-b6754b6b5413,POS-5B84BAFA,MER-54F0E4,2026-08-14T10:46:05.609922,3586.04,0,53.5,v2.1.1,1.79,Chennai,13.0827,80.2707,1,normal,
df61afbd-0eb2-4b50-8c14-f18d8d0d28bc,POS-0FF08306,MER-2B307F,2026-08-14T10:53:56.666339,2095.16,1,381.5,v2.1.1,1.85,Nagpur,21.1458,79.0882,1,normal,
19f698c4-23e8-415d-aa55-eca646c4d635,POS-8BA2BC27,MER-CDDE89,2026-08-14T11:01:42.857411,518.11,1,171.9,v2.1.1,2.22,Bengaluru,12.9716,77.5946,1,normal,
796be578-d86f-4eef-a5fd-205d95287c29,POS-03C6BBBA,MER-C61A54,2026-08-14T11:01:45.383339,738.94,0,121.8,v2.3.0-beta,2.15,Nagpur,21.1458,79.0882,1,normal,
70ef1d47-be60-4137-a819-c17c49856b67,POS-0FF08306,MER-2B307F,2026-08-14T11:06:02.175377,3691.81,0,64.7,v2.1.1,2.09,Nagpur,21.1458,79.0882,1,normal,
dd4ce06a-6f57-4488-ad42-2788cf8fbe39,POS-D5B36245,MER-8A9DAF,2026-08-14T11:07:57.227775,2463.09,1,444.9,v2.1.1,1.45,Kolkata,22.5726,88.3639,1,normal,
9dbe1ac3-ff32-4ab0-bfeb-24b864d2816b,POS-B66D5760,MER-221884,2026-08-14T11:11:03.803063,70.58,1,17.3,v2.1.0,0.57,Hyderabad,17.385,78.4867,1,normal,
d2bf95a7-b0cf-4239-8c91-1598fcb347b9,POS-3BF5E359,MER-A82822,2026-08-14T11:12:24.706480,1363.17,0,242.8,v2.2.0,0.97,Mumbai,19.076,72.8777,1,normal,
844f82ca-e8f9-47b5-af41-d646303e2bf4,POS-38B8A946,MER-7808DD,2026-08-14T11:16:47.754238,2745.0,1,411.9,v2.3.0-beta,1.12,Nagpur,21.1458,79.0882,1,normal,
84a49b55-e139-4005-8a13-4f498e7d2733,POS-7B3948DF,MER-2C19A0,2026-08-14T11:17:32.406435,581.26,0,490.7,v2.1.0,1.56,Mumbai,19.076,72.8777,1,normal,
e63a17d4-2cab-44f1-8d5d-47533d16f9a0,POS-B9828EE6,MER-E676A0,2026-08-14T11:32:12.524700,4498.27,1,7.0,v2.2.0,2.36,Pune,18.5204,73.8567,1,normal,
1dd987e8-c975-4802-9b41-004eb10bdcea,POS-03C6BBBA,MER-C61A54,2026-08-14T11:34:13.659529,3346.22,0,398.1,v2.3.0-beta,1.35,Nagpur,21.1458,79.0882,1,normal,
f4d59afa-f313-4eb5-8c45-ff2def2f0090,POS-5B84BAFA,MER-54F0E4,2026-08-14T11:34:40.105741,620.9,0,23.0,v2.1.1,2.66,Chennai,13.0827,80.2707,1,normal,
3ff38b88-953d-42d1-b895-1343dc08c87a,POS-B66D5760,MER-221884,2026-08-14T11:38:12.743012,4474.64,0,438.9,v2.1.0,1.56,Hyderabad,17.385,78.4867,1,normal,
d542901f-5337-45b9-9e59-ee90df65af43,POS-62F7C65F,MER-BAFD17,2026-08-14T11:41:00.319740,2972.63,0,300.4,v2.1.0,1.56,Delhi,28.7041,77.1025,1,normal,
58ad4348-c42a-4774-93c9-641d0359980d,POS-AB472E48,MER-7D45F8,2026-08-14T11:45:38.368044,196.34,0,312.5,v2.1.0,1.91,Bengaluru,12.9716,77.5946,1,normal,
d8d38dae-e314-462c-8bc2-e2605fa3d1df,POS-6B16F045,MER-ECDE68,2026-08-14T11:59:41.073273,2085.58,1,213.2,v2.3.0-beta,1.15,Delhi,28.7041,77.1025,1,normal,
ba7dc8ee-2398-434d-9e34-5af9a8579751,POS-F66B7F18,MER-589763,2026-08-14T12:44:45.638980,2199.02,0,47.7,v2.2.0,1.88,Pune,18.5204,73.8567,1,normal,
2b05bf6a-b318-4e90-9dbd-50978cbe46bd,POS-D7A7B0B8,MER-0542EB,2026-08-14T12:52:29.181084,2043.63,1,436.1,v2.1.1,1.96,Nagpur,21.1458,79.0882,1,normal,
74cd4cae-6937-43a4-8ce8-3a26b2eb612b,POS-3BF5E359,MER-A82822,2026-08-14T12:55:05.622640,1188.15,0,206.8,v2.2.0,1.38,Mumbai,19.076,72.8777,1,normal,
0d4b05a1-b979-4199-b6bb-626d380ec97a,POS-CBC618C2,MER-07EDD3,2026-08-14T12:59:25.534750,4790.24,1,98.0,v2.3.0-beta,1.29,Mumbai,19.076,72.8777,1,normal,
4e1567d0-78be-4e52-9fcf-82e2154f15f8,POS-B37501A9,MER-DC9CFB,2026-08-14T13:01:36.767235,863.55,0,258.5,v2.2.0,1.88,Bengaluru,12.9716,77.5946,1,normal,
69fa97b6-5f3e-4c81-a889-174d8b0b1eed,POS-A9C6662D,MER-C0726A,2026-08-14T13:06:45.409431,4518.89,0,203.6,v2.3.0-beta,2.58,Pune,18.5204,73.8567,1,normal,
da09c8b8-a7f8-478c-81f5-7b5710ce5bb1,POS-0FF08306,MER-2B307F,2026-08-14T13:08:38.068971,809.81,0,89.8,v2.1.1,2.29,Nagpur,21.1458,79.0882,1,normal,
ee211c90-78e0-4d5d-ac26-f4b6e153f67c,POS-198FC2BC,MER-7149CD,2026-08-14T13:12:43.915713,2005.33,1,444.5,v2.2.0,1.67,Bengaluru,12.9716,77.5946,1,normal,
e272744a-6414-4094-a0af-73eb3c04c1ca,POS-5B84BAFA,MER-54F0E4,2026-08-14T13:13:00.282275,3120.35,0,474.7,v2.1.1,1.62,Chennai,13.0827,80.2707,1,normal,
3c71310b-0fce-45c6-9d51-5eb89c01c2ec,POS-F967E1DC,MER-6F1422,2026-08-14T13:27:20.500424,439.04,0,1.2,v2.2.0,0.78,Nagpur,21.1458,79.0882,1,normal,
53b22a2b-41dc-49bb-9f2a-495fe587cc6c,POS-94086F72,MER-6D8C2C,2026-08-14T13:37:43.339439,947.24,1,389.8,v2.1.0,2.03,Mumbai,19.076,72.8777,1,normal,
45675247-096c-437a-85d6-dee378f8d9e3,POS-03C6BBBA,MER-C61A54,2026-08-14T13:43:55.605129,341.62,0,91.5,v2.3.0-beta,2.28,Nagpur,21.1458,79.0882,1,normal,
5682e4f9-edc2-4145-8a69-f9f128c852e5,POS-52FC2A7B,MER-31B3EE,2026-08-14T13:47:42.243420,4594.51,0,333.4,v2.1.1,0.72,Delhi,28.7041,77.1025,1,normal,
2b79bd63-d5e5-43bc-a579-f886b7cbf678,POS-94086F72,MER-6D8C2C,2026-08-14T14:25:19.937773,1488.76,0,263.1,v2.1.0,0.92,Mumbai,19.076,72.8777,1,normal,
57ebccfe-bb90-4574-9627-e16ec8e1b1bf,POS-BB1E7F2D,MER-6350FC,2026-08-14T14:33:03.504403,2244.89,0,429.0,v2.2.0,0.86,Nagpur,21.1458,79.0882,1,normal,
e7a6ba9a-42c0-4b0f-a74a-8eb56d3f8c63,POS-F967E1DC,MER-6F1422,2026-08-14T15:02:33.685122,4964.12,0,16.0,v2.2.0,2.41,Nagpur,21.1458,79.0882,1,normal,
6f03fa60-f38d-4698-941b-58d987a02bc7,POS-70A8C312,MER-778AE7,2026-08-14T15:20:56.537964,317.22,0,84.9,v2.1.0,0.56,Chennai,13.0827,80.2707,1,normal,
15654381-9ae3-4425-b310-845b38a379a4,POS-BB11FCF8,MER-275B28,2026-08-14T16:09:43.646149,2246.08,0,398.6,v2.1.0,2.93,Mumbai,19.076,72.8777,1,normal,
456eda21-c97f-417e-9b60-7134aba6f013,POS-659CC7FB,MER-F997E8,2026-08-14T16:20:51.477766,2173.54,0,300.0,v2.1.1,1.82,Mumbai,19.076,72.8777,1,normal,
0d1832f8-dfb1-4374-bba3-a9eb9c946725,POS-B11F2EAD,MER-9FA357,2026-08-14T16:21:26.960053,259.66,1,482.4,v2.2.0,2.19,Mumbai,19.076,72.8777,1,normal,
921e9e9f-5754-4f9d-8eb7-dc3cc3b512dd,POS-34F01FAC,MER-FE16C9,2026-08-14T16:55:01.207629,4844.44,1,249.3,v2.1.1,0.9,Chennai,13.0827,80.2707,1,normal,
7fc73b0b-b0b2-4485-9c98-bf10f74ca33e,POS-F5C825B8,MER-3430AF,2026-08-14T17:02:12.422999,4007.7,0,34.0,v2.1.1,0.87,Pune,18.5204,73.8567,1,normal,
6c2c91ad-dccd-4d54-8e3a-887f95a01b7b,POS-FC0168BE,MER-ABA7C3,2026-08-14T17:05:34.055821,1964.5,0,341.8,v2.2.0,2.03,Hyderabad,17.385,78.4867,1,normal,
d867e09c-7491-4326-ac53-4706f2d8c2aa,POS-0AE6C0D2,MER-897854,2026-08-14T17:25:00.932797,4691.0,0,291.6,v2.1.1,1.15,Kolkata,22.5726,88.3639,1,normal,
d46032d4-fb4d-4879-aade-4fae927980b7,POS-F79A698C,MER-2ED01B,2026-08-14T17:28:11.344778,2849.44,1,54.1,v2.1.1,0.78,Pune,18.5204,73.8567,1,normal,
f7703edd-d24f-4b5a-8053-9f131fceab54,POS-0FF08306,MER-2B307F,2026-08-14T17:35:45.627053,3580.45,0,72.2,v2.1.1,1.92,Nagpur,21.1458,79.0882,1,normal,
6693b6e9-a3e6-42d6-932e-70733655d1bb,POS-8D15D2C5,MER-4A3FBD,2026-08-14T17:38:52.146203,3588.51,0,246.4,v2.1.0,2.98,Nagpur,21.1458,79.0882,1,normal,
219e318a-c054-4689-8c1b-ff416c851808,POS-A320C8AA,MER-9451DE,2026-08-14T17:39:26.965694,3508.96,1,334.5,v2.2.0,2.58,Nagpur,21.1458,79.0882,1,normal,
f0813536-0bb2-4526-98ec-0a45d769e620,POS-FE25FE86,MER-76524C,2026-08-14T17:55:17.317742,1907.51,0,317.1,v2.1.0,1.63,Chennai,13.0827,80.2707,1,normal,
b930dd28-3407-4aa7-920f-1671ab1bedd7,POS-7249E858,MER-AE0327,2026-08-14T18:04:44.098402,1144.11,0,196.2,v2.3.0-beta,2.43,Kolkata,22.5726,88.3639,1,normal,
37d14e43-3e99-4b5c-bdf1-54aaaf372704,POS-B81706F4,MER-CC7ACE,2026-08-14T18:06:30.194721,2917.39,1,218.2,v2.3.0-beta,0.81,Nagpur,21.1458,79.0882,1,normal,
b4650c68-7670-4325-af5c-0ea4ffeb63f6,POS-03C6BBBA,MER-C61A54,2026-08-14T18:08:40.027777,4940.36,0,320.6,v2.3.0-beta,1.63,Nagpur,21.1458,79.0882,1,normal,
ccc5090a-ec4f-4a55-ab6f-9d5ca48510da,POS-D8B3BBA8,MER-81983E,2026-08-14T18:35:02.467846,2075.79,0,156.3,v2.3.0-beta,1.9,Hyderabad,17.385,78.4867,1,normal,
aee8ab75-fc8a-459c-b360-c0eab7c089c2,POS-9C17BF21,MER-B0A7FE,2026-08-14T19:09:20.764059,1395.47,0,373.5,v2.1.0,0.55,Nagpur,21.1458,79.0882,1,normal,
b030af87-84ba-4d27-81e2-d0b38c65f4a5,POS-EF533CFF,MER-837BC2,2026-08-14T19:10:38.712291,4523.19,1,415.1,v2.2.0,1.63,Nagpur,21.1458,79.0882,1,normal,
a6cae1e7-5d8a-4565-9546-def5874d08b1,POS-659CC7FB,MER-F997E8,2026-08-14T19:20:21.772180,3211.62,0,184.4,v2.1.1,1.05,Mumbai,19.076,72.8777,1,normal,
a91b2bfd-34ae-416d-84f1-3ee8ce9d7001,POS-CC8EC905,MER-15DD11,2026-08-14T19:29:07.901429,1510.95,0,180.0,v2.1.0,1.63,Hyderabad,17.385,78.4867,1,normal,
5a131c10-3eb0-44d0-afa6-d437af179974,POS-C2744B6C,MER-4093C0,2026-08-14T19:55:13.694517,2084.06,0,437.8,v2.1.1,2.55,Nagpur,21.1458,79.0882,1,normal,
332b1065-0476-4605-9e83-b6205faaa1af,POS-7F1981DF,MER-B33B9B,2026-08-14T20:01:27.716156,4540.45,0,359.5,v2.2.0,0.81,Nagpur,21.1458,79.0882,1,normal,
aa182265-72e9-4a78-9aa5-05a2b8394e88,POS-24B8E3FE,MER-C60B06,2026-08-14T20:04:21.007414,909.57,0,52.7,v2.3.0-beta,2.14,Bengaluru,12.9716,77.5946,1,normal,
c51c1e57-986c-4729-a636-faca1d43965c,POS-D1DB24C2,MER-26B633,2026-08-14T20:15:58.737846,3354.52,0,129.4,v2.3.0-beta,2.45,Hyderabad,17.385,78.4867,1,normal,
2f46a36c-87c6-464c-ad65-9b490db60708,POS-6439ED84,MER-ADB4F6,2026-08-14T20:19:55.195687,1070.49,0,262.0,v2.2.0,1.53,Hyderabad,17.385,78.4867,1,normal,
53db9579-0f56-4337-8f93-f1cfb2c2b4c0,POS-D2E37BD7,MER-94832D,2026-08-14T20:36:33.537970,282.55,1,194.4,v2.3.0-beta,2.89,Kolkata,22.5726,88.3639,1,normal,
6826c0f3-cde7-4f1e-89f3-b7e16d434906,POS-6EAB7795,MER-39C88B,2026-08-14T20:43:28.259883,1784.88,0,360.5,v2.2.0,0.62,Chennai,13.0827,80.2707,1,normal,
0704c80e-a447-4c32-b0a5-ee4f29492928,POS-6C3D83AB,MER-BCAE45,2026-08-14T20:44:45.123357,2359.36,0,120.3,v2.1.0,2.34,Bengaluru,12.9716,77.5946,1,normal,
2e8e2ff3-3695-4043-ab45-103e5be48c5e,POS-4A5BFB60,MER-B81D68,2026-08-14T20:50:31.202253,2099.02,0,70.0,v2.1.1,2.86,Chennai,13.0827,80.2707,1,normal,
a7e5f898-9a02-48b8-b311-c842756ae321,POS-DEE4DD42,MER-D53081,2026-08-14T20:51:35.647513,804.36,0,404.0,v2.1.0,2.9,Mumbai,19.076,72.8777,1,normal,
ad778b15-1a02-4862-9446-e505792adb7e,POS-74235C6B,MER-4BCD8F,2026-08-14T20:58:24.523837,4986.02,0,187.9,v2.1.1,0.75,Pune,18.5204,73.8567,1,normal,
e080f6a7-b179-4fb0-9eb1-91e0f8a0ac7a,POS-F5C825B8,MER-3430AF,2026-08-14T21:21:33.300697,3668.23,1,417.2,v2.1.1,1.13,Pune,18.5204,73.8567,1,normal,
ea23f20a-6a06-4a1e-a70c-5cc5ebd4061a,POS-055D6FBC,MER-294500,2026-08-14T21:27:49.462052,1201.18,0,439.4,v2.2.0,1.41,Kolkata,22.5726,88.3639,1,normal,
cea10ed3-c4fd-4894-b19d-5aa1080dede2,POS-9CD505AA,MER-1F157D,2026-08-14T21:33:22.357083,4060.84,0,475.9,v2.1.1,1.27,Pune,18.5204,73.8567,1,normal,
4fffb35e-39c9-441c-b43f-af06b8715eda,POS-D3B57689,MER-58F164,2026-08-14T21:38:02.936223,3357.89,1,291.9,v2.2.0,2.16,Hyderabad,17.385,78.4867,1,normal,
c510f275-4b2d-4fc9-ba63-901e3449379b,POS-28402991,MER-833A0C,2026-08-14T21:48:41.238795,2177.11,1,275.2,v2.1.1,0.79,Hyderabad,17.385,78.4867,1,normal,
22eba892-572c-4d54-86f7-d3335ee1446c,POS-FB95985B,MER-7765F7,2026-08-14T22:05:44.059660,981.69,0,105.4,v2.1.0,2.12,Hyderabad,17.385,78.4867,1,normal,
bfbb95e6-8128-4113-882c-7c5837a97fc3,POS-0E2B0643,MER-16DFEB,2026-08-14T22:07:04.289311,2642.42,0,302.9,v2.3.0-beta,2.59,Bengaluru,12.9716,77.5946,1,normal,
ea144590-3be4-491b-9c35-4cbf5388baf1,POS-CC66C62A,MER-6E235F,2026-08-14T22:17:38.839295,3883.2,1,108.9,v2.2.0,1.02,Hyderabad,17.385,78.4867,1,normal,
cb3102c4-6466-4291-be05-f128cbb9f3c1,POS-D3B57689,MER-58F164,2026-08-14T22:23:21.765348,3114.42,0,363.3,v2.2.0,1.8,Hyderabad,17.385,78.4867,1,normal,
e4de6d16-a130-4fc1-8c9c-dd19d2f30a48,POS-055D6FBC,MER-294500,2026-08-14T22:45:17.860091,2617.8,0,166.4,v2.2.0,2.93,Kolkata,22.5726,88.3639,1,normal,
919057a4-851a-47fb-94d2-8c8ebe9bbf3c,POS-5E1A46C9,MER-4361C1,2026-08-14T22:45:37.254949,675.08,1,52.2,v2.1.1,0.53,Delhi,28.7041,77.1025,1,normal,
1a3679d5-ee9b-41ac-b9ed-60743e85f625,POS-AD42C2FB,MER-96DF46,2026-08-14T22:47:10.617987,3244.4,0,303.1,v2.1.1,2.86,Mumbai,19.076,72.8777,1,normal,
3f88a5c9-fe2d-44e8-b96c-f6b50f93b9dc,POS-47CB19EB,MER-7848E9,2026-08-14T23:03:59.012024,3081.88,0,394.1,v2.2.0,0.7,Bengaluru,12.9716,77.5946,1,normal,
5e5038d9-1dd6-4a03-9d97-3702d8a058cb,POS-77B485D3,MER-340AFB,2026-08-14T23:17:26.077420,522.89,0,120.6,v2.1.0,2.68,Delhi,28.7041,77.1025,1,normal,
0e06bed2-441e-4e7f-a6cc-04c959c0499b,POS-1B73B11B,MER-95FEFA,2026-08-14T23:39:16.394852,3028.9,0,12.3,v2.2.0,2.84,Hyderabad,17.385,78.4867,1,normal,
87a16c68-89e2-47da-929c-033c46c6aa31,POS-BB11FCF8,MER-275B28,2026-08-14T23:52:39.871661,2825.96,0,426.7,v2.1.0,1.23,Mumbai,19.076,72.8777,1,normal,
523a296d-38df-44fb-8a46-03aedc535e7c,POS-6C3D83AB,MER-BCAE45,2026-08-15T00:11:44.010804,310.2,0,428.5,v2.1.0,2.32,Bengaluru,12.9716,77.5946,1,normal,
ea79ecbe-a089-4c50-9fb4-4dc98cc58a22,POS-B93996C3,MER-901889,2026-08-15T00:18:01.199487,1865.3,0,361.1,v2.3.0-beta,2.6,Delhi,28.7041,77.1025,1,normal,
a1bff243-a5ab-419a-8051-155d9f0f51f3,POS-94086F72,MER-6D8C2C,2026-08-15T00:20:05.220795,564.18,0,235.7,v2.1.0,2.32,Mumbai,19.076,72.8777,1,normal,
c83aef71-d99a-40cb-8c23-01fff96d2061,POS-E9D66DA1,MER-38119E,2026-08-15T00:52:51.977076,4179.15,0,217.3,v2.1.1,1.64,Pune,18.5204,73.8567,1,normal,
1280bf2c-ba90-420f-81e0-05a1cbf5635d,POS-CC66C62A,MER-6E235F,2026-08-15T00:57:55.061927,1451.05,1,192.5,v2.2.0,1.12,Hyderabad,17.385,78.4867,1,normal,
ef087c39-d26d-4ada-8a36-05ecf72d14d3,POS-CC26C0E8,MER-0D1C10,2026-08-15T01:38:58.704426,1511.99,0,274.5,v2.1.0,2.78,Delhi,28.7041,77.1025,1,normal,
a71fbd31-7628-44be-a10d-70d50a5e1b08,POS-F1C56238,MER-7963AE,2026-08-15T01:47:36.244921,2630.8,0,417.6,v2.2.0,1.16,Kolkata,22.5726,88.3639,1,normal,
6b764b0d-fee5-498e-8322-34439f5e9ca4,POS-4A5BFB60,MER-B81D68,2026-08-15T02:09:44.029311,2185.05,0,304.1,v2.1.1,1.59,Chennai,13.0827,80.2707,1,normal,
48c7c26e-f556-46b1-a0c4-0f294edec9dd,POS-4A5BFB60,MER-B81D68,2026-08-15T02:20:37.033535,610.16,1,480.9,v2.1.1,0.7,Chennai,13.0827,80.2707,1,normal,
9edf139c-651a-46e0-b24a-e69bb3efd044,POS-00CFCF07,MER-73C8B8,2026-08-15T02:42:25.188082,925.69,0,42.3,v2.3.0-beta,2.59,Kolkata,22.5726,88.3639,1,normal,
add6cf70-6750-4562-affa-779b0c6250f3,POS-CC8EC905,MER-15DD11,2026-08-15T02:46:19.601158,2617.48,0,499.1,v2.1.0,1.7,Hyderabad,17.385,78.4867,1,normal,
232df901-5b86-4a1a-9f02-ccb4bc415cb2,POS-7F1981DF,MER-B33B9B,2026-08-15T02:53:29.655891,3058.7,0,118.3,v2.2.0,2.86,Nagpur,21.1458,79.0882,1,normal,
06634caa-924c-4354-9b28-74d4d50c4e47,POS-87D47970,MER-BF7D1A,2026-08-15T02:59:19.754626,3188.66,0,262.4,v2.1.0,1.46,Pune,18.5204,73.8567,1,normal,
56dd8d3c-cf8e-456d-af01-03c4fd033616,POS-B9828EE6,MER-E676A0,2026-08-15T03:04:29.277921,1860.93,1,203.4,v2.2.0,1.43,Pune,18.5204,73.8567,1,normal,
5c2470a2-9fe9-4e35-97ad-c79b98c977d4,POS-6439ED84,MER-ADB4F6,2026-08-15T03:06:04.433448,4059.26,0,95.1,v2.2.0,2.64,Hyderabad,17.385,78.4867,1,normal,
33149302-0e53-4ee3-92ba-56339e5413ab,POS-FC80D3D1,MER-FD74EE,2026-08-15T03:14:08.877333,2988.97,0,208.7,v2.1.1,2.52,Mumbai,19.076,72.8777,1,normal,
29384e85-cc9d-4aee-aaa6-84e279a924d5,POS-CC66C62A,MER-6E235F,2026-08-15T03:15:27.525787,956.37,0,399.4,v2.2.0,1.76,Hyderabad,17.385,78.4867,1,normal,
188db786-175b-47c8-aa80-02981665042f,POS-0E2B0643,MER-16DFEB,2026-08-15T03:18:50.738042,1312.25,1,1.7,v2.3.0-beta,0.79,Bengaluru,12.9716,77.5946,1,normal,
988794e9-90a9-4033-a719-1f6d32c19f53,POS-FC80D3D1,MER-FD74EE,2026-08-15T04:18:00.751151,3535.19,0,493.4,v2.1.1,0.5,Mumbai,19.076,72.8777,1,normal,
f2198441-3208-4b5a-91c3-ba9b7ca40724,POS-862B6369,MER-4CCB87,2026-08-15T04:52:31.556974,4462.29,1,57.3,v2.1.1,2.21,Nagpur,21.1458,79.0882,1,normal,
daa9970b-a729-47df-8c80-0faa8660fe31,POS-5B84BAFA,MER-54F0E4,2026-08-15T04:52:57.956734,4515.33,0,103.2,v2.1.1,2.7,Chennai,13.0827,80.2707,1,normal,
0da23da1-8629-415a-8672-8424b17530e5,POS-80C06FB8,MER-0D360C,2026-08-15T04:56:49.837490,139.41,0,32.6,v2.1.0,1.5,Delhi,28.7041,77.1025,1,normal,
9084f487-6547-4e26-8fe1-4de96b9bb643,POS-7F1981DF,MER-B33B9B,2026-08-15T04:58:09.512499,3815.84,1,291.8,v2.2.0,2.86,Nagpur,21.1458,79.0882,1,normal,
6487f689-b010-4c42-bf63-359254a12f8c,POS-32F79BA7,MER-9F2DF0,2026-08-15T05:27:19.096766,4011.03,0,169.3,v2.2.0,0.76,Hyderabad,17.385,78.4867,1,normal,
7aeaa546-dd0b-4d3d-91ad-a1f8f9028769,POS-AA696464,MER-59201B,2026-08-15T05:27:47.879063,2375.81,0,64.1,v2.2.0,0.59,Nagpur,21.1458,79.0882,1,normal,
90454b67-406a-4494-88f4-6575be0a136a,POS-208DB4F3,MER-C166F5,2026-08-15T05:28:10.298794,4150.98,1,245.2,v2.1.1,1.94,Delhi,28.7041,77.1025,1,normal,
d6d2d080-fc7e-4e84-84c5-010f0b7c49c4,POS-F1C56238,MER-7963AE,2026-08-15T05:28:20.888462,2603.75,0,143.2,v2.2.0,2.41,Kolkata,22.5726,88.3639,1,normal,
9bc83ae1-386b-4710-8df1-01baf8646a3f,POS-4FA685DF,MER-202A96,2026-08-15T05:33:39.915623,1272.49,0,91.7,v2.3.0-beta,0.5,Hyderabad,17.385,78.4867,1,normal,
c8cc885a-60d6-4582-96d9-46b663627a40,POS-D3B57689,MER-58F164,2026-08-15T05:35:35.476282,510.48,0,448.7,v2.2.0,1.8,Hyderabad,17.385,78.4867,1,normal,
706f2f15-58b9-4573-a97c-0c3735635419,POS-A22B806C,MER-66332B,2026-08-15T05:39:50.931756,4354.05,0,181.9,v2.1.1,0.74,Delhi,28.7041,77.1025,1,normal,
b10cecdf-0d43-4c59-8a3f-d2ff1941074b,POS-EF533CFF,MER-837BC2,2026-08-15T05:48:52.497583,1823.83,0,387.5,v2.2.0,0.68,Nagpur,21.1458,79.0882,1,normal,
c7848ab0-095f-4d1b-b9ab-7b74b4390ec9,POS-CDFD9F1A,MER-243265,2026-08-15T05:49:20.638212,1382.79,0,17.7,v2.1.0,0.59,Bengaluru,12.9716,77.5946,1,normal,
2813a899-baef-4bb8-b46d-d0e4fdd47b00,POS-7F1981DF,MER-B33B9B,2026-08-15T05:59:37.317188,2651.1,1,358.1,v2.2.0,1.74,Nagpur,21.1458,79.0882,1,normal,
399519e3-1789-4abc-b303-65e62107e2ea,POS-D8B3BBA8,MER-81983E,2026-08-15T06:11:28.927210,3370.81,0,486.9,v2.3.0-beta,2.39,Hyderabad,17.385,78.4867,1,normal,
11ecd165-e144-4373-8790-2ea40d61ba1b,POS-87CA5368,MER-503568,2026-08-15T06:24:04.519975,3556.84,0,37.5,v2.3.0-beta,1.89,Pune,18.5204,73.8567,1,normal,
8bf7419b-065e-4e09-8463-dc14c05f76bd,POS-6C3D83AB,MER-BCAE45,2026-08-15T06:30:38.094275,993.19,0,144.7,v2.1.0,1.74,Bengaluru,12.9716,77.5946,1,normal,
786678d1-dd85-4204-af7e-d929f73fd9f5,POS-BC46E34D,MER-0DC332,2026-08-15T06:31:26.710449,4029.63,1,75.3,v2.2.0,2.73,Mumbai,19.076,72.8777,1,normal,
9b092762-ba60-4029-aaab-2ce7056ef1d8,POS-AD42C2FB,MER-96DF46,2026-08-15T06:32:01.861524,2479.51,0,493.1,v2.1.1,1.04,Mumbai,19.076,72.8777,1,normal,
e5988f2e-f3fd-468f-8f77-54c63e332ea3,POS-77136499,MER-3E00AA,2026-08-15T06:34:28.437885,3582.93,0,443.3,v2.3.0-beta,0.89,Bengaluru,12.9716,77.5946,1,normal,
a2d3ff57-d4a0-4dbd-a402-f4479184bfcb,POS-3BD6788B,MER-FA377E,2026-08-15T06:35:58.486704,3960.84,0,377.0,v2.1.0,1.02,Pune,18.5204,73.8567,1,normal,
46578815-244d-4a86-91c3-6e56152467f9,POS-75E7B52C,MER-837894,2026-08-15T06:36:31.356726,4317.94,0,203.3,v2.2.0,2.25,Chennai,13.0827,80.2707,1,normal,
75832145-c3b7-4aec-b1a6-b211e8209aae,POS-BC359428,MER-C5AB1A,2026-08-15T06:44:11.743458,2501.61,0,23.6,v2.1.0,1.45,Kolkata,22.5726,88.3639,1,normal,
547c65a3-62d5-4d12-b25d-22c79ebba827,POS-F79A698C,MER-2ED01B,2026-08-15T06:47:48.606126,3527.83,0,122.9,v2.1.1,2.35,Pune,18.5204,73.8567,1,normal,
efcb8d87-8868-4c0e-9466-2f5c2ea40e66,POS-F66B7F18,MER-589763,2026-08-15T06:59:52.051756,2288.74,0,199.3,v2.2.0,1.08,Pune,18.5204,73.8567,1,normal,
9d4760be-9de5-456a-8a98-80b3580895f2,POS-EBF11023,MER-16D60A,2026-08-15T07:19:07.375971,2994.61,1,229.0,v2.2.0,1.39,Hyderabad,17.385,78.4867,1,normal,
0821abb4-2672-4088-b4f6-207e187df111,POS-70A8C312,MER-778AE7,2026-08-15T07:23:31.749073,561.27,0,36.1,v2.1.0,2.32,Chennai,13.0827,80.2707,1,normal,
bc65bb54-a22b-49ad-8ecf-56f1954ae76d,POS-EEE16951,MER-D3A1BB,2026-08-15T07:46:36.859940,4471.26,0,248.1,v2.3.0-beta,2.79,Bengaluru,12.9716,77.5946,1,normal,
3e1b4b9a-e21a-450d-82f4-cae27229be68,POS-6439ED84,MER-ADB4F6,2026-08-15T07:59:45.141727,1848.31,1,57.9,v2.2.0,2.4,Hyderabad,17.385,78.4867,1,normal,
b3861ebf-fab9-4eb3-8d20-fa2cae23b7f4,POS-47CB19EB,MER-7848E9,2026-08-15T08:02:04.770157,1452.92,1,1.0,v2.1.0,4.73,Mumbai,19.076,72.8777,0,fraud,device_spoof
5f34086a-2239-4584-8e5f-b6589ffdb770,POS-B81706F4,MER-CC7ACE,2026-08-15T08:20:43.038942,4389.97,0,412.4,v2.3.0-beta,2.25,Nagpur,21.1458,79.0882,1,normal,
17deacb3-a095-43f9-90a4-53baa6083d97,POS-A8756576,MER-414EF8,2026-08-15T08:29:57.424790,2912.06,0,137.4,v2.1.0,1.92,Pune,18.5204,73.8567,1,normal,
310311fd-cb31-4e94-9dc9-36f827a47384,POS-0AE6C0D2,MER-897854,2026-08-15T08:34:08.831671,255.07,0,252.2,v2.1.1,1.54,Kolkata,22.5726,88.3639,1,normal,
fc9b169b-e565-414e-915b-a5b6f3616ea4,POS-EBF11023,MER-16D60A,2026-08-15T09:10:34.360820,2784.29,1,141.5,v2.2.0,0.71,Hyderabad,17.385,78.4867,1,normal,
a70b705f-92ad-4d4c-87bb-f1d7e0191282,POS-F66B7F18,MER-589763,2026-08-15T09:12:28.099894,2172.01,0,227.3,v2.2.0,2.25,Pune,18.5204,73.8567,1,normal,
d32879a4-d775-422b-929a-4f80e82fe894,POS-7B3948DF,MER-2C19A0,2026-08-15T09:17:35.433576,1498.71,1,75.7,v2.1.0,0.52,Mumbai,19.076,72.8777,1,normal,
fb0dddb5-547d-4f00-99f8-a0893904236e,POS-7249E858,MER-AE0327,2026-08-15T09:36:20.628431,1511.2,0,165.6,v2.3.0-beta,1.45,Kolkata,22.5726,88.3639,1,normal,
bd5888b3-e6d6-462b-af4b-63d43612d6f7,POS-74235C6B,MER-4BCD8F,2026-08-15T09:39:03.594267,3601.94,0,233.2,v2.1.1,1.94,Pune,18.5204,73.8567,1,normal,
8cc9e9f0-38ca-4990-ac19-ebd2ecb5d6e8,POS-EBF11023,MER-16D60A,2026-08-15T09:41:52.252112,395.29,15,178.6,v2.2.0,10.44,Hyderabad,17.385,78.4867,1,fraud,retry_storm
40fcc2e4-2ba7-4107-8dd8-0226a9ddd90a,POS-FA8E124D,MER-079B19,2026-08-15T10:04:58.529409,1863.88,0,53.5,v2.1.1,1.88,Delhi,28.7041,77.1025,1,normal,
a611b88f-7cee-4808-b37f-5b14e5e69699,POS-F967E1DC,MER-6F1422,2026-08-15T10:10:04.220208,266.28,0,338.5,v2.2.0,1.09,Nagpur,21.1458,79.0882,1,normal,
98d2557e-391d-4d7e-b7cd-9bc8af457628,POS-383A0EE8,MER-ECE86F,2026-08-15T10:20:34.335484,1534.97,0,126.4,v2.1.1,1.89,Mumbai,19.076,72.8777,1,normal,
4310e9b1-c614-4320-81d7-b0da0ada70ba,POS-77136499,MER-3E00AA,2026-08-15T10:26:16.553176,4716.57,0,473.5,v2.3.0-beta,1.4,Bengaluru,12.9716,77.5946,1,normal,
38dc4c2c-6cb3-418f-9228-06559d7de12d,POS-EF533CFF,MER-837BC2,2026-08-15T10:26:38.758458,25911.33,0,724.0,v2.2.0,1.77,Nagpur,21.1458,79.0882,1,fraud,bust_out
8bbc96f9-6555-4373-8fc4-f3fae4ead2bd,POS-BA41B435,MER-3AA9F7,2026-08-15T10:36:51.038491,3823.81,1,11.1,v2.1.1,2.36,Delhi,28.7041,77.1025,1,normal,
ee2d793d-525f-48ed-bf86-33dcda4a1725,POS-383A0EE8,MER-ECE86F,2026-08-15T11:02:22.892770,3325.5,1,466.3,v2.1.1,0.99,Mumbai,19.076,72.8777,1,normal,
97c906f2-a7f0-49a3-a75c-af9f2ccb6c9d,POS-B27C0D31,MER-6BDAEB,2026-08-15T11:18:07.561536,5517.56,1,0.3,v2.1.1,4.83,Chennai,13.0827,80.2707,0,fraud,device_spoof
a7f221fc-8d2c-443f-9ae6-77fcfec420f4,POS-F967E1DC,MER-6F1422,2026-08-15T11:31:31.866737,267.86,0,408.0,v2.2.0,1.31,Nagpur,21.1458,79.0882,1,normal,
346ad785-b1ba-4567-8d6e-b42425b4db96,POS-208DB4F3,MER-C166F5,2026-08-15T11:40:14.955184,3938.71,0,163.2,v2.1.1,1.53,Delhi,28.7041,77.1025,1,normal,
32a8a655-4fd7-4d98-8f8d-ecc7fbf80300,POS-BC2D02AD,MER-18BAD6,2026-08-15T11:45:26.864804,4656.89,1,307.4,v2.2.0,1.8,Kolkata,22.5726,88.3639,1,normal,
cda5168b-0ba4-4342-bc46-fc3b8e85c7ab,POS-5190E155,MER-85B4C2,2026-08-15T11:52:59.664460,4045.27,0,185.4,v2.1.0,2.93,Delhi,28.7041,77.1025,1,normal,
ab665a40-45c3-471a-b4f0-a621bc6b6027,POS-0AE6C0D2,MER-897854,2026-08-15T11:57:25.788213,3950.3,0,489.0,v2.1.1,2.25,Kolkata,22.5726,88.3639,1,normal,
f7e90100-7132-4ead-a75d-9f386dec733b,POS-198FC2BC,MER-7149CD,2026-08-15T11:59:39.552882,4138.73,1,461.6,v2.2.0,2.95,Bengaluru,12.9716,77.5946,1,normal,
34e3d861-f0b7-4fe5-9ac5-ca83aaa710e6,POS-D8B3BBA8,MER-81983E,2026-08-15T12:16:58.236673,2461.59,0,179.2,v2.3.0-beta,2.18,Hyderabad,17.385,78.4867,1,normal,
e6d4fcf3-be60-40ca-b14a-9a686462ef3a,POS-BB11FCF8,MER-275B28,2026-08-15T12:37:48.208723,4045.13,1,385.4,v2.1.0,2.15,Mumbai,19.076,72.8777,1,normal,
9a6482a6-85cd-4cb5-a9cc-d7c87cbf0433,POS-B11F2EAD,MER-9FA357,2026-08-15T12:50:31.949540,1447.7,0,350.9,v2.2.0,1.87,Mumbai,19.076,72.8777,1,normal,
91f35e1b-cd24-4c31-bc37-8e244d83f6de,POS-FCC69214,MER-85878E,2026-08-15T13:04:35.899099,4548.32,0,229.6,v2.2.0,2.91,Hyderabad,17.385,78.4867,1,normal,
a40883a9-05df-4a8e-8d80-87199bb7c7d8,POS-20AF02F8,MER-8C904C,2026-08-15T13:09:51.034525,4465.92,0,406.5,v2.1.0,1.95,Hyderabad,17.385,78.4867,1,normal,
82ce2b7e-5786-4b12-94b8-3194f9d035e9,POS-EBF11023,MER-16D60A,2026-08-15T13:40:33.317494,1108.21,0,191.8,v2.2.0,0.95,Hyderabad,17.385,78.4867,1,normal,
88a25bbe-dda7-4f95-802f-4674b9c3c97f,POS-A320C8AA,MER-9451DE,2026-08-15T13:45:32.154093,2853.44,0,499.3,v2.2.0,0.88,Nagpur,21.1458,79.0882,1,normal,
77c04d9c-a613-4fb0-bcc9-eb39137f4895,POS-AD42C2FB,MER-96DF46,2026-08-15T13:56:51.131157,4254.68,0,179.9,v2.1.1,2.21,Mumbai,19.076,72.8777,1,normal,
6c5f8832-2854-4370-abaa-41599c8cba76,POS-AA696464,MER-59201B,2026-08-15T14:06:09.427141,1547.6,0,447.9,v2.2.0,2.14,Nagpur,21.1458,79.0882,1,normal,
a64f1473-35da-4437-9372-b30c4de5f4ae,POS-73F6AE86,MER-2BE75A,2026-08-15T14:11:13.210030,1992.85,0,359.4,v2.3.0-beta,2.9,Chennai,13.0827,80.2707,1,normal,
fafc1273-3ee3-475c-b0a1-efc571fef00d,POS-3637119B,MER-7355A0,2026-08-15T14:13:19.104919,4491.79,0,71.2,v2.1.1,1.12,Hyderabad,17.385,78.4867,1,normal,
2430c182-c1aa-4642-962d-60f01a34f4c8,POS-CBA73359,MER-269861,2026-08-15T14:19:10.932096,2007.81,0,1.3,v2.1.1,4.07,Delhi,28.7041,77.1025,0,fraud,device_spoof
5070c99d-c841-4c0b-aea9-7e79372737a6,POS-4167FD28,MER-DA1B0B,2026-08-15T14:38:19.802530,3964.23,0,181.4,v2.1.0,1.13,Delhi,28.7041,77.1025,1,normal,
97425b66-3c6d-4cc6-82b9-e141e6a9c6b9,POS-FCC69214,MER-85878E,2026-08-15T15:34:16.712457,1019.49,0,99.6,v2.2.0,1.24,Hyderabad,17.385,78.4867,1,normal,
cc5e3fc6-785e-4a02-b6e7-b7d938953c8a,POS-62F7C65F,MER-BAFD17,2026-08-15T15:37:29.673034,541.51,0,168.0,v2.1.0,0.84,Delhi,28.7041,77.1025,1,normal,
36bdec90-a737-4b71-a93a-5d2030a54a78,POS-7B3948DF,MER-2C19A0,2026-08-15T15:38:26.006494,4847.05,1,247.0,v2.1.0,1.45,Mumbai,19.076,72.8777,1,normal,
1f12cabb-b393-4d93-aaaa-02945f63c06d,POS-0E673AA4,MER-A73341,2026-08-15T15:44:47.262216,4007.04,0,320.5,v2.2.0,1.09,Hyderabad,17.385,78.4867,1,normal,
e47d34c4-c597-47c3-b074-50346aa1f002,POS-77136499,MER-3E00AA,2026-08-15T15:48:33.127295,634.38,0,168.2,v2.3.0-beta,1.57,Bengaluru,12.9716,77.5946,1,normal,
3e70f81b-54bf-43bf-974d-f4d8c2b04404,POS-73F6AE86,MER-2BE75A,2026-08-15T15:48:42.085067,3159.87,0,67.6,v2.3.0-beta,1.38,Chennai,13.0827,80.2707,1,normal,
c2f25bb6-7c0b-4a9a-b623-ce3af5c1bac6,POS-A9C6662D,MER-C0726A,2026-08-15T16:09:20.577206,4420.52,0,388.2,v2.3.0-beta,1.1,Pune,18.5204,73.8567,1,normal,
5d845992-7ca4-4f91-98a3-03778131f516,POS-105BE397,MER-3B97DB,2026-08-15T16:24:57.176302,4310.85,1,66.3,v2.1.0,1.43,Chennai,13.0827,80.2707,1,normal,
02b31e13-09f8-4af4-b7fb-b74242ef7f25,POS-0E673AA4,MER-A73341,2026-08-15T16:27:11.939884,1504.62,0,356.3,v2.2.0,2.67,Hyderabad,17.385,78.4867,1,normal,
9509933c-b812-49fb-9ee8-171ce7b8e6fe,POS-D5F8541B,MER-EFC947,2026-08-15T16:39:49.458326,68963.88,0,485.3,v2.2.0,0.54,Bengaluru,12.9716,77.5946,1,fraud,bust_out
61af7cd3-e26c-411e-8e97-a44bf853b0da,POS-74235C6B,MER-4BCD8F,2026-08-15T16:59:58.437363,4428.26,0,114.8,v2.1.1,1.36,Pune,18.5204,73.8567,1,normal,
bcfff6f3-7170-48f2-abd3-6c3e6a142030,POS-EBF11023,MER-16D60A,2026-08-15T17:00:45.770598,2676.23,0,141.4,v2.2.0,0.9,Hyderabad,17.385,78.4867,1,normal,
a789322a-8a1f-41c5-88fe-c752aaa9dafd,POS-483FD0E6,MER-A77E7B,2026-08-15T17:07:07.747280,1249.65,0,460.8,v2.2.0,1.4,Kolkata,22.5726,88.3639,1,normal,
bcadfb33-ad98-41d3-9ef5-651928c07599,POS-B81706F4,MER-CC7ACE,2026-08-15T17:09:54.636712,321.32,0,444.1,v2.3.0-beta,0.78,Nagpur,21.1458,79.0882,1,normal,
15c6f522-137e-411a-8a90-4b804a0e3e57,POS-8BA2BC27,MER-CDDE89,2026-08-15T17:13:36.683374,4612.41,0,180.2,v2.1.1,0.74,Bengaluru,12.9716,77.5946,1,normal,
c4c0d799-3b7b-4970-ac2e-b2da2885f586,POS-70A8C312,MER-778AE7,2026-08-15T17:14:17.308812,3247.29,0,353.9,v2.1.0,1.93,Chennai,13.0827,80.2707,1,normal,
bfe7152c-b363-486b-ae65-98b2ed9e41e4,POS-208DB4F3,MER-C166F5,2026-08-15T17:14:29.429667,2443.34,0,21.2,v2.1.1,2.4,Delhi,28.7041,77.1025,1,normal,
7aeca17e-248e-47bc-9f18-79fb7d5598ba,POS-F1C56238,MER-7963AE,2026-08-15T17:16:28.469511,3285.67,0,149.6,v2.2.0,3.0,Kolkata,22.5726,88.3639,1,normal,
940bce15-5ae5-4f47-968e-5b8e8956e325,POS-849A1C0F,MER-D8D0DA,2026-08-15T17:31:18.091425,1738.62,0,79.0,v2.1.0,2.07,Delhi,28.7041,77.1025,1,normal,
4ba57c63-4e09-45db-992a-2ff6ff765f0a,POS-849A1C0F,MER-D8D0DA,2026-08-15T17:34:35.723411,3964.3,0,88.6,v2.1.0,2.64,Delhi,28.7041,77.1025,1,normal,
8503509e-f69e-4201-baf9-20de21650018,POS-B37501A9,MER-DC9CFB,2026-08-15T17:46:55.791612,992.6,0,64.0,v2.2.0,2.02,Bengaluru,12.9716,77.5946,1,normal,
7a133f27-7c45-4190-b80d-3b2189674651,POS-76F7895E,MER-F17607,2026-08-15T18:29:57.270263,2643.72,0,254.9,v2.1.1,2.2,Pune,18.5204,73.8567,1,normal,
b56a07fd-aefa-472f-86c3-e696ec84c9be,POS-AE4DEB2A,MER-78544D,2026-08-15T18:46:46.927394,922.28,1,130.6,v2.2.0,2.61,Nagpur,21.1458,79.0882,1,normal,
19f8a913-ee9f-4229-8c27-22c1dbf1b688,POS-207CA2EB,MER-5B06DF,2026-08-15T18:53:39.993857,312.45,0,258.6,v2.1.1,1.91,Pune,18.5204,73.8567,1,normal,
eced7f9f-1abd-42d1-9b3d-d8eba7a1f8e1,POS-F967E1DC,MER-6F1422,2026-08-15T19:03:41.064149,3435.85,0,245.1,v2.2.0,1.31,Nagpur,21.1458,79.0882,1,normal,
58af859b-af9c-49b9-8714-d962674e0cee,POS-0E673AA4,MER-A73341,2026-08-15T19:09:16.349666,4655.01,0,320.1,v2.2.0,2.31,Hyderabad,17.385,78.4867,1,normal,
f9813d5d-6476-4474-b20a-6f8512a5229d,POS-FE25FE86,MER-76524C,2026-08-15T19:12:22.438090,1098.78,0,274.9,v2.1.0,2.06,Chennai,13.0827,80.2707,1,normal,
cabca59e-2024-4a49-b3ce-4224386a7ff7,POS-198FC2BC,MER-7149CD,2026-08-15T19:30:29.377332,1824.03,0,208.1,v2.2.0,1.03,Bengaluru,12.9716,77.5946,1,normal,
64e4de1f-bad1-47fa-9c5b-c34cacc41a85,POS-F1C56238,MER-7963AE,2026-08-15T19:53:14.771758,4467.52,0,33.3,v2.2.0,2.94,Kolkata,22.5726,88.3639,1,normal,
4679b144-939e-4dc6-9556-02e2715f9577,POS-B41DA6C4,MER-9C5AB9,2026-08-15T20:24:40.727003,2125.49,0,150.2,v2.1.1,1.11,Mumbai,19.076,72.8777,1,normal,
72f485e4-2bce-461c-8ec6-8a5cea2adf5f,POS-7B492CC9,MER-70B109,2026-08-15T20:37:24.167822,4423.39,1,276.5,v2.1.0,2.66,Mumbai,19.076,72.8777,1,normal,
239f3fb7-62ef-4e64-a1e1-4f2c1b27909c,POS-E2ABAA01,MER-94FBB2,2026-08-15T20:43:44.090843,3600.48,0,443.6,v2.1.0,0.76,Nagpur,21.1458,79.0882,1,normal,
15e5a3b7-390b-4138-9104-825623ee5ac3,POS-2F039298,MER-2CFF75,2026-08-15T20:47:15.715138,4478.46,1,170.2,v2.3.0-beta,0.97,Bengaluru,12.9716,77.5946,1,normal,
870a93f4-bcf0-49d2-8e0b-60e56e3418cb,POS-055D6FBC,MER-294500,2026-08-15T20:52:09.017893,4457.63,0,397.3,v2.2.0,0.65,Kolkata,22.5726,88.3639,1,normal,
cd7e2482-642f-4e9c-a4c4-b758357e4fa5,POS-5E1A46C9,MER-4361C1,2026-08-15T21:00:46.187824,1414.97,15,56.5,v2.1.1,8.06,Delhi,28.7041,77.1025,1,fraud,retry_storm
0f55adc6-2be0-46e7-8a92-f85c94790370,POS-6C3D83AB,MER-BCAE45,2026-08-15T21:13:14.757904,1570.07,0,186.5,v2.1.0,1.96,Bengaluru,12.9716,77.5946,1,normal,
60541406-c69f-4095-8db9-98cf88acd67b,POS-6C1EE20B,MER-F3F810,2026-08-15T21:34:51.621943,3294.53,0,169.3,v2.1.1,2.73,Bengaluru,12.9716,77.5946,1,normal,
33bf2f0d-f128-4d69-a0ae-ffaeb5b8e138,POS-5E1A46C9,MER-4361C1,2026-08-15T21:45:28.579320,1571.59,0,393.0,v2.1.1,2.48,Delhi,28.7041,77.1025,1,normal,
1b1e82a3-48d7-41bf-b8c7-69ceea6f7c08,POS-80C06FB8,MER-0D360C,2026-08-15T21:59:10.146333,2912.64,0,212.4,v2.1.0,2.25,Delhi,28.7041,77.1025,1,normal,
773e93f3-56fe-4653-809f-bfafcb28da05,POS-383A0EE8,MER-ECE86F,2026-08-15T22:26:30.759257,3994.01,0,480.1,v2.1.1,0.86,Mumbai,19.076,72.8777,1,normal,
776394ab-f983-4300-aa58-facb872deea8,POS-EEE16951,MER-D3A1BB,2026-08-15T22:27:25.577540,3471.93,0,407.4,v2.3.0-beta,1.95,Bengaluru,12.9716,77.5946,1,normal,
3bde20e1-491e-4eb7-999f-26b417591d40,POS-A77B64DE,MER-1A5D0B,2026-08-15T22:27:37.924395,3548.39,0,401.9,v2.1.0,1.16,Kolkata,22.5726,88.3639,1,normal,
9a8c06ea-6914-4577-8d45-c5008863bf7a,POS-6C1EE20B,MER-F3F810,2026-08-15T22:30:07.305044,3783.94,0,348.1,v2.1.1,2.26,Bengaluru,12.9716,77.5946,1,normal,
704bb51c-a06d-49fe-b918-8d8c6e371540,POS-D8B3BBA8,MER-81983E,2026-08-15T22:36:05.910089,4496.95,0,389.7,v2.3.0-beta,1.32,Hyderabad,17.385,78.4867,1,normal,
04ce345f-04f4-4c48-a015-60d15bdedb1b,POS-AE4DEB2A,MER-78544D,2026-08-15T22:57:18.779419,4634.87,0,451.5,v2.2.0,1.16,Nagpur,21.1458,79.0882,1,normal,
f497f99a-62de-4d16-9a4a-28df457e9552,POS-055D6FBC,MER-294500,2026-08-15T23:04:39.556777,1286.77,1,51.9,v2.2.0,2.48,Kolkata,22.5726,88.3639,1,normal,
aadc3b0d-bc86-4e65-ae67-98e641049ae1,POS-CC8EC905,MER-15DD11,2026-08-15T23:11:44.417508,2645.2,0,207.3,v2.1.0,2.7,Hyderabad,17.385,78.4867,1,normal,
425149d9-4d2d-43f4-b18e-09ce5da25f88,POS-6C3D83AB,MER-BCAE45,2026-08-15T23:19:55.499278,680.27,1,323.4,v2.1.0,2.39,Bengaluru,12.9716,77.5946,1,normal,
405e4e84-f606-4720-a2a1-56e47983bdec,POS-94086F72,MER-6D8C2C,2026-08-15T23:49:11.409207,3466.82,1,84.6,v2.1.0,2.23,Mumbai,19.076,72.8777,1,normal,
20470077-fdad-46ea-8dc7-18ec5966530d,POS-055D6FBC,MER-294500,2026-08-15T23:57:18.878107,555.17,1,477.8,v2.2.0,0.87,Kolkata,22.5726,88.3639,1,normal,
63db5215-aafd-4e28-ab80-cde44d770246,POS-DEE4DD42,MER-D53081,2026-08-16T00:02:12.365516,8.38,2,464.1,v2.1.0,1.4,Mumbai,19.076,72.8777,1,fraud,card_testing
246c4507-a812-4b87-9c03-4b92d0c5fe06,POS-DEE4DD42,MER-D53081,2026-08-16T00:02:14.859000,13.13,1,123.0,v2.1.0,0.68,Mumbai,19.076,72.8777,1,fraud,card_testing
710a3da8-9419-4929-b056-a0952221f712,POS-DEE4DD42,MER-D53081,2026-08-16T00:02:16.329269,15.0,1,319.3,v2.1.0,0.64,Mumbai,19.076,72.8777,1,fraud,card_testing
0d13b5d8-bdc3-4970-b98a-0e65b9f8d929,POS-DEE4DD42,MER-D53081,2026-08-16T00:02:17.917130,6.63,0,56.8,v2.1.0,0.47,Mumbai,19.076,72.8777,1,fraud,card_testing
3046394e-0d79-4743-ac05-c40f9a674b06,POS-DEE4DD42,MER-D53081,2026-08-16T00:02:23.197463,15.23,2,60.3,v2.1.0,0.82,Mumbai,19.076,72.8777,1,fraud,card_testing
da7d06cb-bec7-4797-a2cd-5f43ce61b8af,POS-DEE4DD42,MER-D53081,2026-08-16T00:02:23.867005,2.22,1,82.4,v2.1.0,0.6,Mumbai,19.076,72.8777,1,fraud,card_testing
b8c33d54-224d-4d7f-914d-810986a6152d,POS-DEE4DD42,MER-D53081,2026-08-16T00:02:23.921637,19.48,1,366.6,v2.1.0,1.43,Mumbai,19.076,72.8777,1,fraud,card_testing
e65db234-b46e-4340-854c-c66e6e31eefb,POS-DEE4DD42,MER-D53081,2026-08-16T00:02:31.317946,16.36,0,38.5,v2.1.0,0.52,Mumbai,19.076,72.8777,1,fraud,card_testing
8150e9f0-329d-48eb-9fd0-65c69c2dff76,POS-DEE4DD42,MER-D53081,2026-08-16T00:02:40.754504,11.93,2,49.2,v2.1.0,0.49,Mumbai,19.076,72.8777,1,fraud,card_testing
f3eee944-4b0c-4fd1-9cac-ea1dc7cb8aee,POS-DEE4DD42,MER-D53081,2026-08-16T00:02:42.374394,11.8,2,433.1,v2.1.0,0.41,Mumbai,19.076,72.8777,1,fraud,card_testing
08bdfbf1-0242-466c-bc0f-a1ced5b2a36c,POS-DEE4DD42,MER-D53081,2026-08-16T00:02:44.658439,9.48,1,294.5,v2.1.0,1.01,Mumbai,19.076,72.8777,1,fraud,card_testing
eb7f45cc-bebb-4531-a25b-7baa524f1950,POS-DEE4DD42,MER-D53081,2026-08-16T00:02:46.409712,3.11,2,10.9,v2.1.0,0.56,Mumbai,19.076,72.8777,1,fraud,card_testing
fe41c4cd-cb87-4385-9f1e-fd349c4e3ea2,POS-CC26C0E8,MER-0D1C10,2026-08-16T00:03:19.726146,866.17,1,10.5,v2.1.0,1.06,Delhi,28.7041,77.1025,1,normal,
d9da0f16-a4c1-4062-8380-a7356ea20b21,POS-77136499,MER-3E00AA,2026-08-16T00:05:19.712262,846.63,0,342.0,v2.3.0-beta,0.87,Bengaluru,12.9716,77.5946,1,normal,
88686a78-55a0-4962-a205-e7a6795ff511,POS-5B84BAFA,MER-54F0E4,2026-08-16T00:07:48.679972,4800.85,0,246.9,v2.1.1,2.26,Chennai,13.0827,80.2707,1,normal,
13ae7d0e-4b6c-4e6a-8ec3-973efcb86122,POS-AE4DEB2A,MER-78544D,2026-08-16T00:13:43.321894,2503.18,0,63.2,v2.2.0,0.74,Nagpur,21.1458,79.0882,1,normal,
52215a2a-071b-48bf-8606-14835c40db48,POS-D2E37BD7,MER-94832D,2026-08-16T00:15:51.974220,1183.6,0,172.0,v2.3.0-beta,1.01,Kolkata,22.5726,88.3639,1,normal,
0c6d1ca1-33a0-4280-a5f8-c73c795d601b,POS-20AF02F8,MER-8C904C,2026-08-16T00:41:11.041810,1637.14,0,485.1,v2.1.0,0.63,Hyderabad,17.385,78.4867,1,normal,
8965779d-ced0-4a0e-8bf2-1281309b501d,POS-4167FD28,MER-DA1B0B,2026-08-16T00:53:03.443807,3642.16,0,351.6,v2.1.0,0.74,Delhi,28.7041,77.1025,1,normal,
51cbc12d-a614-44e0-adec-f66fe0095fdd,POS-D3B57689,MER-58F164,2026-08-16T01:04:55.723895,3577.92,1,464.5,v2.2.0,1.25,Hyderabad,17.385,78.4867,1,normal,
78f85278-177e-46a8-be6f-30475556094d,POS-055D6FBC,MER-294500,2026-08-16T01:28:39.979351,3481.14,1,475.0,v2.2.0,0.83,Kolkata,22.5726,88.3639,1,normal,
6cbd7f88-89c9-4734-90d1-7ac44ddb1fa0,POS-CC26C0E8,MER-0D1C10,2026-08-16T01:35:49.726397,2803.62,0,14.4,v2.1.0,0.74,Delhi,28.7041,77.1025,1,normal,
5e7d4b37-5b94-447c-92e8-43c77090dee1,POS-7249E858,MER-AE0327,2026-08-16T01:43:02.536303,603.33,0,183.9,v2.3.0-beta,2.14,Kolkata,22.5726,88.3639,1,normal,
7c7cb9e0-b825-48a6-8f30-57e560079d5a,POS-A22B806C,MER-66332B,2026-08-16T02:07:11.016027,2393.92,0,151.1,v2.1.1,2.27,Delhi,28.7041,77.1025,1,normal,
3adbe151-8291-4ef7-bb4a-17d66c84609a,POS-C72F113B,MER-DDFFD5,2026-08-16T02:22:21.752259,613.4,1,56.3,v2.3.0-beta,2.2,Bengaluru,12.9716,77.5946,1,normal,
72e4be08-4330-4cc1-a2cf-fc7d93483524,POS-52FC2A7B,MER-31B3EE,2026-08-16T02:22:59.817722,1035.34,1,250.5,v2.1.1,0.61,Delhi,28.7041,77.1025,1,normal,
144076e6-2bb4-47de-a9d7-91d0da0270f1,POS-7B492CC9,MER-70B109,2026-08-16T02:27:30.490756,2656.45,1,395.9,v2.1.0,0.61,Mumbai,19.076,72.8777,1,normal,
a643588c-0176-409a-9964-2dbf73cbba0e,POS-94086F72,MER-6D8C2C,2026-08-16T02:31:01.196185,727.79,0,416.3,v2.1.0,1.22,Mumbai,19.076,72.8777,1,normal,
ab4ba18b-7bdf-40ea-bb3f-8daf30e8ebac,POS-8D15D2C5,MER-4A3FBD,2026-08-16T02:41:32.809092,742.76,0,250.9,v2.1.0,2.94,Nagpur,21.1458,79.0882,1,normal,
76146942-b834-4f0b-878f-686f5eaebe8a,POS-8D15D2C5,MER-4A3FBD,2026-08-16T02:47:26.374454,2129.28,0,31.9,v2.1.0,1.13,Nagpur,21.1458,79.0882,1,normal,
80df4dbd-800d-4c09-993c-5e4527babcca,POS-F967E1DC,MER-6F1422,2026-08-16T03:27:32.091161,744.83,0,90.4,v2.2.0,2.87,Nagpur,21.1458,79.0882,1,normal,
4c3876e7-78ec-4098-aa77-1a7b40a63e24,POS-C72F113B,MER-DDFFD5,2026-08-16T03:28:51.830186,1737.67,1,433.0,v2.3.0-beta,2.46,Bengaluru,12.9716,77.5946,1,normal,
bbfce8c3-7627-4c31-8b75-8e129865322d,POS-B607E194,MER-457468,2026-08-16T03:31:41.704270,4019.88,0,381.2,v2.1.0,2.2,Mumbai,19.076,72.8777,1,normal,
dbb1a3ef-1680-44e2-b16c-86f50878ae76,POS-F5C825B8,MER-3430AF,2026-08-16T03:39:19.003938,4788.6,0,375.5,v2.1.1,1.76,Pune,18.5204,73.8567,1,normal,
09cd6e6a-fb46-45b7-b760-3c93704f0c6c,POS-7B492CC9,MER-70B109,2026-08-16T04:02:31.485343,3418.74,0,96.6,v2.1.0,2.54,Mumbai,19.076,72.8777,1,normal,
293d6343-e92a-4205-b0e5-76c1b07209fb,POS-BC46E34D,MER-0DC332,2026-08-16T04:14:37.515435,2372.1,0,453.0,v2.2.0,0.55,Mumbai,19.076,72.8777,1,normal,
399a6a93-fa5c-47bd-a6c1-50aadb1ff70b,POS-4FDF65E4,MER-8FF8CA,2026-08-16T04:36:47.432057,4358.06,0,76.0,v2.1.1,1.34,Delhi,28.7041,77.1025,1,normal,
2118877d-f5c2-4ca8-92d4-12a59fadf46d,POS-2D6C822A,MER-CA6F11,2026-08-16T04:48:12.833885,1241.83,1,189.3,v2.1.0,1.46,Kolkata,22.5726,88.3639,1,normal,
7716e0cd-aef8-4e54-8608-d732606d749c,POS-A22B806C,MER-66332B,2026-08-16T05:00:01.996410,2999.93,0,393.5,v2.1.1,1.43,Delhi,28.7041,77.1025,1,normal,
5fedf9e7-84f6-405a-8405-21a76490bd7c,POS-3637119B,MER-7355A0,2026-08-16T05:04:50.180608,103.31,0,260.8,v2.1.1,1.81,Hyderabad,17.385,78.4867,1,normal,
a73d0cef-4516-4a8a-9ad6-a73305c0574f,POS-B607E194,MER-457468,2026-08-16T05:34:54.858967,1635.15,0,186.0,v2.1.0,1.53,Mumbai,19.076,72.8777,1,normal,
143c5af1-e963-4686-b5d9-4de5becfabab,POS-8E1D47A7,MER-9204E3,2026-08-16T05:36:20.933546,3352.74,0,433.3,v2.1.0,1.31,Delhi,28.7041,77.1025,1,normal,
7d58f9e4-928f-4633-a6a2-72a47e78cf83,POS-CD16D1EF,MER-7BDF7F,2026-08-16T05:36:23.896396,2412.55,0,268.9,v2.1.0,2.45,Mumbai,19.076,72.8777,1,normal,
21aedbf0-d37e-4054-a2b2-21841522c2a7,POS-7B492CC9,MER-70B109,2026-08-16T05:43:33.828324,2165.62,0,379.7,v2.1.0,2.8,Mumbai,19.076,72.8777,1,normal,
30942ce8-0d8b-4bf2-a786-5c4b3b7094cd,POS-1AF2A398,MER-9A9BF3,2026-08-16T05:51:13.141910,2212.62,0,368.7,v2.1.1,2.92,Chennai,13.0827,80.2707,1,normal,
e43958bc-bb9f-4738-a217-5467d340b031,POS-E2ABAA01,MER-94FBB2,2026-08-16T06:01:11.558250,4041.73,0,218.5,v2.1.0,1.43,Nagpur,21.1458,79.0882,1,normal,
a5b8475b-0b8c-448f-bad4-cfa7b33f81cd,POS-D780167B,MER-226112,2026-08-16T06:09:50.251362,3468.07,0,163.7,v2.3.0-beta,0.56,Kolkata,22.5726,88.3639,1,normal,
cb84a608-584c-4ac0-a61b-38cd67d96bdf,POS-D122D405,MER-F03908,2026-08-16T06:12:02.681256,956.19,0,327.6,v2.1.0,1.06,Mumbai,19.076,72.8777,1,normal,
43c7d246-88c9-4f10-ac66-594db15cd2ee,POS-BB11FCF8,MER-275B28,2026-08-16T06:16:01.067466,524.33,0,159.9,v2.1.0,2.84,Mumbai,19.076,72.8777,1,normal,
6feba5d2-37ce-45f8-add3-f255029eb531,POS-D5F8541B,MER-EFC947,2026-08-16T06:19:22.928600,4509.28,0,211.1,v2.2.0,2.44,Bengaluru,12.9716,77.5946,1,normal,
6c8dd2d0-191d-45f6-8d4a-3c8864eaaa5a,POS-5190E155,MER-85B4C2,2026-08-16T06:22:09.391868,1351.17,0,213.8,v2.1.0,0.56,Delhi,28.7041,77.1025,1,normal,
2ff8e609-294c-4bf9-9ad3-5eee928e3a4a,POS-52FC2A7B,MER-31B3EE,2026-08-16T06:39:04.488472,1861.39,1,26.5,v2.1.1,1.9,Delhi,28.7041,77.1025,1,normal,
0e000455-dab5-46ff-af0f-cb1514e33951,POS-AD5BA00A,MER-5FE21C,2026-08-16T06:43:31.246468,2865.83,1,330.4,v2.3.0-beta,2.21,Pune,18.5204,73.8567,1,normal,
93f13330-bd91-4885-a8bd-d933f7ecddd9,POS-F79A698C,MER-2ED01B,2026-08-16T06:50:13.999434,2730.3,0,424.2,v2.1.1,1.43,Pune,18.5204,73.8567,1,normal,
ae81af54-ba41-46e6-8be2-64ca3254640c,POS-055D6FBC,MER-294500,2026-08-16T06:55:58.273524,3051.27,0,388.1,v2.2.0,1.45,Kolkata,22.5726,88.3639,1,normal,
53dd5a43-26dc-4604-9a66-8bb90e1cc21c,POS-C2744B6C,MER-4093C0,2026-08-16T07:17:35.267175,3144.51,1,49.6,v2.1.1,1.36,Nagpur,21.1458,79.0882,1,normal,
44ab24ee-f4f4-419f-875c-70934e7ae1d9,POS-6B16F045,MER-ECDE68,2026-08-16T07:40:07.961770,1416.91,1,64.5,v2.3.0-beta,2.08,Delhi,28.7041,77.1025,1,normal,
55c71a7f-1ff3-4b15-81a3-92703241c5c8,POS-B607E194,MER-457468,2026-08-16T07:40:32.633743,2096.43,0,479.7,v2.1.0,2.48,Mumbai,19.076,72.8777,1,normal,
48fe8b8f-a096-4165-91d1-b8432d32a777,POS-8D15D2C5,MER-4A3FBD,2026-08-16T07:49:41.647572,1140.86,0,333.3,v2.1.0,2.88,Nagpur,21.1458,79.0882,1,normal,
a34ad46d-af87-4919-beed-437a3ae16c3b,POS-105BE397,MER-3B97DB,2026-08-16T07:52:54.653969,2385.78,0,463.8,v2.1.0,1.03,Chennai,13.0827,80.2707,1,normal,
711ac68b-4737-48ce-b11f-8e646bb3cdfe,POS-7B492CC9,MER-70B109,2026-08-16T08:01:36.598612,3954.25,0,319.3,v2.1.0,1.65,Mumbai,19.076,72.8777,1,normal,
d0e97e64-f1a6-455d-b39f-67aa1a766e8a,POS-AE4DEB2A,MER-78544D,2026-08-16T08:01:45.301144,4327.63,0,333.5,v2.2.0,1.57,Nagpur,21.1458,79.0882,1,normal,
eee08d7e-1e3e-450a-a45e-b903146b2d8a,POS-43D83AB1,MER-C30AE6,2026-08-16T08:05:12.703996,943.82,0,123.8,v2.2.0,1.75,Kolkata,22.5726,88.3639,1,normal,
9f283c0c-1ac9-434b-9bb3-39c7292d088c,POS-A275E8CD,MER-DFFA45,2026-08-16T08:05:59.377095,4922.69,1,275.5,v2.1.1,1.38,Kolkata,22.5726,88.3639,1,normal,
e4931757-9f76-4e7a-9fad-6cc16ec896ec,POS-2D6C822A,MER-CA6F11,2026-08-16T08:12:46.081150,2146.7,1,42.1,v2.1.0,1.84,Kolkata,22.5726,88.3639,1,normal,
71fe4277-694e-4e2b-b80e-f2d516029098,POS-FA8E124D,MER-079B19,2026-08-16T08:38:21.891523,1625.64,0,92.1,v2.1.1,1.03,Delhi,28.7041,77.1025,1,normal,
d60dc54c-73f7-406f-8494-fc40cb3bcc56,POS-208DB4F3,MER-C166F5,2026-08-16T08:38:23.232038,584.78,0,245.2,v2.1.1,1.08,Delhi,28.7041,77.1025,1,normal,
2ee4089c-bc3a-4f74-ae9c-01f81efbc0cc,POS-FA8E124D,MER-079B19,2026-08-16T08:56:00.048212,844.93,0,370.6,v2.1.1,2.38,Delhi,28.7041,77.1025,1,normal,
7d0ae7ca-a6e0-4d89-a494-4e270e1f5251,POS-D3B57689,MER-58F164,2026-08-16T09:02:10.835820,847.18,0,224.3,v2.2.0,0.83,Hyderabad,17.385,78.4867,1,normal,
44137298-1af1-4087-bab4-8fdeb1851400,POS-DEE4DD42,MER-D53081,2026-08-16T09:04:20.687545,3333.41,1,494.4,v2.1.0,1.03,Mumbai,19.076,72.8777,1,normal,
d811febd-57a3-4e44-b9a7-b976226fbb45,POS-FD4A2FB5,MER-DB7A61,2026-08-16T09:10:17.421840,3300.8,0,467.0,v2.1.1,1.63,Delhi,28.7041,77.1025,1,normal,
f05b98da-33c5-4fe4-9287-56ef361b8414,POS-0E2B0643,MER-16DFEB,2026-08-16T09:14:05.649242,1127.2,1,265.0,v2.3.0-beta,2.07,Bengaluru,12.9716,77.5946,1,normal,
b3e2f6f5-942b-49e8-a098-6b9417979197,POS-5EB40BC5,MER-FF8806,2026-08-16T09:17:58.101854,3861.97,0,448.3,v2.1.0,2.63,Kolkata,22.5726,88.3639,1,normal,
f742d91e-7819-43db-9fb6-2b888739f9c4,POS-C2744B6C,MER-4093C0,2026-08-16T09:26:49.272685,887.81,0,308.5,v2.1.1,2.98,Nagpur,21.1458,79.0882,1,normal,
5e4519ac-3739-4af0-8c7d-01bda8a45f90,POS-D2E37BD7,MER-94832D,2026-08-16T09:28:49.601720,3093.14,1,341.4,v2.3.0-beta,2.05,Kolkata,22.5726,88.3639,1,normal,
0928084a-4ca9-4dcb-bd09-ff374573a582,POS-3BD6788B,MER-FA377E,2026-08-16T09:29:52.617248,2142.37,0,474.6,v2.1.0,2.21,Pune,18.5204,73.8567,1,normal,
7c28a833-2eed-4b49-8270-a9813c6c3b3b,POS-DD8321BF,MER-250C33,2026-08-16T09:33:55.287085,2893.47,0,446.7,v2.1.0,2.29,Pune,18.5204,73.8567,1,normal,
852226a6-045f-4a0c-9d42-70987549f066,POS-1D6FD4E1,MER-F1C4E7,2026-08-16T09:36:28.798501,1062.72,0,21.8,v2.1.0,2.51,Chennai,13.0827,80.2707,1,normal,
1c457b4c-9ebf-48ad-9658-865a6e3f5269,POS-BA41B435,MER-3AA9F7,2026-08-16T10:01:11.516787,4183.84,0,331.3,v2.1.1,2.69,Delhi,28.7041,77.1025,1,normal,
960c0fe7-e9b4-4b3e-87d2-49ca70f355a3,POS-EDC02D19,MER-6176CA,2026-08-16T10:09:49.136983,3539.26,1,159.2,v2.1.0,1.37,Chennai,13.0827,80.2707,1,normal,
23c1f58d-e6a0-4dc1-999d-49ad114bec5a,POS-8D15D2C5,MER-4A3FBD,2026-08-16T10:11:17.375471,2242.66,0,100.4,v2.1.0,2.34,Nagpur,21.1458,79.0882,1,normal,
7aa3a8a3-0271-423b-8003-f990d3b1bcb6,POS-105BE397,MER-3B97DB,2026-08-16T10:12:53.399284,3997.71,0,260.4,v2.1.0,2.0,Chennai,13.0827,80.2707,1,normal,
e36fb446-04ad-44bc-ad4b-3a5f45b84312,POS-0E2B0643,MER-16DFEB,2026-08-16T10:37:46.860045,2280.0,0,482.0,v2.3.0-beta,0.51,Bengaluru,12.9716,77.5946,1,normal,
5fc3d292-8ea8-476b-9191-59d0f6a7ce07,POS-75E7B52C,MER-837894,2026-08-16T10:45:06.973518,677.55,0,297.7,v2.2.0,1.93,Chennai,13.0827,80.2707,1,normal,
4df358b4-4e68-4d53-a3ef-545f406fd13d,POS-AD5BA00A,MER-5FE21C,2026-08-16T11:02:29.599630,1472.16,0,112.9,v2.3.0-beta,0.99,Pune,18.5204,73.8567,1,normal,
6351052b-e5c0-47fe-99ce-7d898b4348a4,POS-0E2B0643,MER-16DFEB,2026-08-16T11:07:53.848143,1601.38,1,403.1,v2.3.0-beta,2.36,Bengaluru,12.9716,77.5946,1,normal,
0f4a908a-2969-4d85-9180-e1023e71693b,POS-2F039298,MER-2CFF75,2026-08-16T11:09:54.039265,4495.21,1,298.9,v2.3.0-beta,1.84,Bengaluru,12.9716,77.5946,1,normal,
d73db525-b5a8-4d15-8e76-5330440e46c0,POS-4A5BFB60,MER-B81D68,2026-08-16T11:15:44.721046,3751.28,0,488.1,v2.1.1,2.36,Chennai,13.0827,80.2707,1,normal,
c3c53792-9d99-4ced-bdb2-b340a7ab2ed7,POS-862B6369,MER-4CCB87,2026-08-16T11:21:53.877652,1465.28,0,211.8,v2.1.1,2.03,Nagpur,21.1458,79.0882,1,normal,
9272bcf8-c31d-4ade-9adb-d453f6654431,POS-D3B57689,MER-58F164,2026-08-16T11:41:45.309961,4240.08,0,480.3,v2.2.0,1.43,Hyderabad,17.385,78.4867,1,normal,
8d4e927b-5dcb-43b9-8554-afbe91c8380b,POS-03C6BBBA,MER-C61A54,2026-08-16T11:44:35.154655,3410.54,0,394.8,v2.3.0-beta,2.12,Nagpur,21.1458,79.0882,1,normal,
a31e47ca-6bea-4516-9099-42bbc519476f,POS-CC26C0E8,MER-0D1C10,2026-08-16T11:53:17.309517,2460.51,0,88.7,v2.1.0,2.02,Delhi,28.7041,77.1025,1,normal,
7454ff99-74f3-4169-a6fd-d74c24e344ca,POS-208DB4F3,MER-C166F5,2026-08-16T12:07:23.322723,544.96,0,226.9,v2.1.1,2.34,Delhi,28.7041,77.1025,1,normal,
e06f6551-3849-4970-8976-0f0dd038e36b,POS-C2744B6C,MER-4093C0,2026-08-16T12:08:45.753284,3469.87,0,42.7,v2.1.1,0.91,Nagpur,21.1458,79.0882,1,normal,
eb271921-6545-4e7b-8a75-25c9497746c0,POS-D780167B,MER-226112,2026-08-16T12:11:31.778148,4410.82,0,19.4,v2.3.0-beta,1.34,Kolkata,22.5726,88.3639,1,normal,
cecd4d0b-caa5-43ad-8d5e-92cf7640cb00,POS-47CB19EB,MER-7848E9,2026-08-16T12:18:59.898330,19.0,2,252.4,v2.2.0,0.93,Bengaluru,12.9716,77.5946,1,fraud,card_testing
6fa0b72c-9e30-4d98-abfb-a4451f158213,POS-47CB19EB,MER-7848E9,2026-08-16T12:19:01.093347,10.37,2,235.5,v2.2.0,1.08,Bengaluru,12.9716,77.5946,1,fraud,card_testing
7c27f656-6b8e-413b-a0bc-c7cbb5e25d33,POS-47CB19EB,MER-7848E9,2026-08-16T12:19:04.053195,10.73,2,117.8,v2.2.0,0.79,Bengaluru,12.9716,77.5946,1,fraud,card_testing
fa32e026-ee21-482b-80b7-e781a6b900ec,POS-47CB19EB,MER-7848E9,2026-08-16T12:19:08.197223,3.53,1,394.0,v2.2.0,1.46,Bengaluru,12.9716,77.5946,1,fraud,card_testing
2cc6a5f1-0fad-4ef6-a2d1-ff17419194dd,POS-47CB19EB,MER-7848E9,2026-08-16T12:19:09.096046,15.4,0,10.8,v2.2.0,1.15,Bengaluru,12.9716,77.5946,1,fraud,card_testing
1e1f0836-5779-4b27-98f2-f13be4800431,POS-47CB19EB,MER-7848E9,2026-08-16T12:19:09.747158,9.54,1,48.1,v2.2.0,1.16,Bengaluru,12.9716,77.5946,1,fraud,card_testing
2186795e-7b00-4624-8e30-9fe766764921,POS-47CB19EB,MER-7848E9,2026-08-16T12:19:09.938150,1.66,2,178.7,v2.2.0,0.85,Bengaluru,12.9716,77.5946,1,fraud,card_testing
bab0b068-ce32-475b-8940-12aa9af64b24,POS-47CB19EB,MER-7848E9,2026-08-16T12:19:11.158844,12.83,0,471.1,v2.2.0,0.72,Bengaluru,12.9716,77.5946,1,fraud,card_testing
c7f01710-e058-4735-aa2a-0264c1102619,POS-47CB19EB,MER-7848E9,2026-08-16T12:19:12.588096,13.1,1,484.7,v2.2.0,0.52,Bengaluru,12.9716,77.5946,1,fraud,card_testing
830c1803-0c4f-4d79-904a-7fe0a3a37566,POS-47CB19EB,MER-7848E9,2026-08-16T12:19:16.163844,8.05,0,420.3,v2.2.0,1.07,Bengaluru,12.9716,77.5946,1,fraud,card_testing
a8717093-df50-4450-abda-42e8618da321,POS-47CB19EB,MER-7848E9,2026-08-16T12:19:24.740768,12.24,2,136.8,v2.2.0,0.98,Bengaluru,12.9716,77.5946,1,fraud,card_testing
21009cfc-4412-44e0-8751-17c64324770f,POS-47CB19EB,MER-7848E9,2026-08-16T12:19:26.298754,2.29,0,431.3,v2.2.0,0.58,Bengaluru,12.9716,77.5946,1,fraud,card_testing
fd00cad1-2097-49c9-b3e7-862d7af7d40a,POS-28402991,MER-833A0C,2026-08-16T12:24:28.470706,4956.26,0,389.1,v2.1.1,2.66,Hyderabad,17.385,78.4867,1,normal,
f9b962c2-2845-4766-bd29-f4fae34ae8d6,POS-D3B57689,MER-58F164,2026-08-16T12:26:05.091856,65054.23,0,557.6,v2.2.0,1.85,Hyderabad,17.385,78.4867,1,fraud,bust_out
7927b45a-fed5-4b92-81d9-5153096cc2fb,POS-D8B3BBA8,MER-81983E,2026-08-16T12:33:01.575571,4823.23,0,225.0,v2.3.0-beta,2.96,Hyderabad,17.385,78.4867,1,normal,
3a66c666-5e3a-43a5-818f-2016b417dad7,POS-3637119B,MER-7355A0,2026-08-16T13:00:39.082091,1944.86,0,498.0,v2.1.1,1.15,Hyderabad,17.385,78.4867,1,normal,
1a05e788-6799-4309-8896-48d8e9c428c0,POS-28402991,MER-833A0C,2026-08-16T13:16:39.309854,127.37,1,41.3,v2.1.1,0.52,Hyderabad,17.385,78.4867,1,normal,
6dc22de5-1fbd-413f-b421-974417a06fe3,POS-34F01FAC,MER-FE16C9,2026-08-16T13:20:10.820250,775.62,0,195.9,v2.1.1,2.3,Chennai,13.0827,80.2707,1,normal,
189c5e4d-c444-4bc7-ab53-0a3798017923,POS-87D47970,MER-BF7D1A,2026-08-16T13:20:24.379311,860.64,0,54.9,v2.1.0,0.56,Pune,18.5204,73.8567,1,normal,
f7ea6945-d774-41bc-bffb-8486274ed64b,POS-24B8E3FE,MER-C60B06,2026-08-16T13:37:19.051607,1746.03,0,134.9,v2.3.0-beta,0.96,Bengaluru,12.9716,77.5946,1,normal,
924cb10c-0290-4e42-96e5-a7e3e628aa52,POS-B37501A9,MER-DC9CFB,2026-08-16T13:38:30.462894,1133.26,1,26.1,v2.2.0,1.12,Bengaluru,12.9716,77.5946,1,normal,
cc2c77ec-e792-4ba8-a0ff-e48230180de2,POS-0AE6C0D2,MER-897854,2026-08-16T13:49:39.955908,2089.37,0,52.1,v2.1.1,0.89,Kolkata,22.5726,88.3639,1,normal,
e20a901f-b641-4eb1-8e96-7168ae4acda0,POS-A9C6662D,MER-C0726A,2026-08-16T14:31:08.418363,4819.44,0,360.0,v2.3.0-beta,2.16,Pune,18.5204,73.8567,1,normal,
a6d3e584-bb81-4880-9acb-2d6c93d92614,POS-70A8C312,MER-778AE7,2026-08-16T14:52:03.135803,4696.91,1,207.6,v2.1.0,0.96,Chennai,13.0827,80.2707,1,normal,
ad62813d-c039-49fa-8ca6-98c8a58225d2,POS-AD5BA00A,MER-5FE21C,2026-08-16T15:09:46.278719,409.61,0,186.1,v2.3.0-beta,1.98,Pune,18.5204,73.8567,1,normal,
145cea3c-406f-4796-a9ff-9e5213c304dc,POS-3BF5E359,MER-A82822,2026-08-16T15:17:31.833896,1166.23,0,212.2,v2.2.0,0.72,Mumbai,19.076,72.8777,1,normal,
6c8b9976-9104-4975-876d-7c8e6f74c138,POS-AD5BA00A,MER-5FE21C,2026-08-16T15:28:19.911374,323.87,0,157.6,v2.3.0-beta,1.24,Pune,18.5204,73.8567,1,normal,
7f35b1c7-7a75-4d57-abf6-8ead3ae3e59f,POS-B81706F4,MER-CC7ACE,2026-08-16T15:32:43.865343,2087.98,0,134.1,v2.3.0-beta,2.47,Nagpur,21.1458,79.0882,1,normal,
4327e7be-32d4-4a1f-ace9-b6e21ed7a986,POS-0BC87AB9,MER-FCAB0C,2026-08-16T15:33:52.625023,4060.78,0,63.0,v2.1.0,1.92,Nagpur,21.1458,79.0882,1,normal,
b89b9793-14be-4402-9f31-4d92371434e7,POS-75E7B52C,MER-837894,2026-08-16T15:40:12.702295,356.91,1,28.3,v2.2.0,2.03,Chennai,13.0827,80.2707,1,normal,
3e285352-b7c6-4d2c-a13e-c39c9eb0e913,POS-EBF11023,MER-16D60A,2026-08-16T15:54:05.623071,2048.87,1,411.1,v2.2.0,2.39,Hyderabad,17.385,78.4867,1,normal,
9f251ced-65b5-473a-af5f-773c1265fbf3,POS-D1DB24C2,MER-26B633,2026-08-16T15:59:25.228138,75968.88,0,405.4,v2.3.0-beta,1.78,Hyderabad,17.385,78.4867,1,fraud,bust_out
1fbe0644-726c-47e8-9a95-3b23eb9af51a,POS-207CA2EB,MER-5B06DF,2026-08-16T16:03:51.231928,3578.56,0,190.0,v2.1.1,1.96,Pune,18.5204,73.8567,1,normal,
d93d0931-9f97-41a5-81ab-68c0d67273d5,POS-EF533CFF,MER-837BC2,2026-08-16T16:13:29.164068,3979.2,0,247.9,v2.2.0,0.78,Nagpur,21.1458,79.0882,1,normal,
33fbd1fa-8d6d-483a-898d-726952a130da,POS-A77B64DE,MER-1A5D0B,2026-08-16T16:21:00.258624,4722.85,0,169.8,v2.1.0,1.41,Kolkata,22.5726,88.3639,1,normal,
afcffcbd-f769-411c-9464-7497103f66fc,POS-659CC7FB,MER-F997E8,2026-08-16T16:41:25.597391,2154.51,0,151.8,v2.1.1,1.65,Mumbai,19.076,72.8777,1,normal,
084e1102-8716-4fd1-b80f-098c8211b597,POS-5B84BAFA,MER-54F0E4,2026-08-16T16:44:01.438453,3597.49,0,64.8,v2.1.1,2.49,Chennai,13.0827,80.2707,1,normal,
754d6024-ce37-4d17-bdd8-c29992825427,POS-FC0168BE,MER-ABA7C3,2026-08-16T16:55:34.980485,2534.87,0,476.9,v2.2.0,2.28,Hyderabad,17.385,78.4867,1,normal,
e57b9db4-fb26-456f-a0f2-4be722af69f2,POS-DD8321BF,MER-250C33,2026-08-16T16:55:35.858653,1740.68,1,347.7,v2.1.0,2.95,Pune,18.5204,73.8567,1,normal,
dfb231d3-93af-4f57-a292-67fa5f9e78ce,POS-AE4DEB2A,MER-78544D,2026-08-16T17:02:18.821053,1813.48,0,177.3,v2.2.0,1.47,Nagpur,21.1458,79.0882,1,normal,
0f35f66c-7433-480a-b308-de2eec87c847,POS-3637119B,MER-7355A0,2026-08-16T17:02:53.605910,3715.77,1,216.2,v2.1.1,1.53,Hyderabad,17.385,78.4867,1,normal,
7affc5a7-7903-4aa5-b071-431209794b39,POS-0E673AA4,MER-A73341,2026-08-16T17:09:28.449175,4344.0,0,439.1,v2.2.0,1.16,Hyderabad,17.385,78.4867,1,normal,
82bc6534-bb9d-4d2c-be88-ff8bff3110d7,POS-A9C6662D,MER-C0726A,2026-08-16T17:11:10.341854,1627.74,1,204.7,v2.3.0-beta,1.25,Pune,18.5204,73.8567,1,normal,
dadec9a2-361c-4657-bed5-aff17189404e,POS-849A1C0F,MER-D8D0DA,2026-08-16T17:32:39.503894,3134.14,1,57.1,v2.1.0,0.87,Delhi,28.7041,77.1025,1,normal,
2cf2844d-4f58-46c0-8d91-73bd9a911cc0,POS-862B6369,MER-4CCB87,2026-08-16T17:35:00.230289,2922.6,0,64.5,v2.1.1,1.86,Nagpur,21.1458,79.0882,1,normal,
463d8b1d-9c03-4724-b5dc-60f5a2fe3fba,POS-F1C56238,MER-7963AE,2026-08-16T17:53:34.423997,4206.69,0,459.6,v2.2.0,2.07,Kolkata,22.5726,88.3639,1,normal,
0b71e743-3e59-483c-9559-3ee1395dc708,POS-5B84BAFA,MER-54F0E4,2026-08-16T17:54:27.497434,928.23,1,374.9,v2.1.1,1.4,Chennai,13.0827,80.2707,1,normal,
37527886-c79e-4568-89ac-978eba805b0b,POS-10016958,MER-25A16E,2026-08-16T18:13:15.968425,972.24,0,438.5,v2.1.1,0.52,Delhi,28.7041,77.1025,1,normal,
7631ed31-4865-434a-aed1-f4b5ab871697,POS-BC46E34D,MER-0DC332,2026-08-16T18:22:02.447277,1938.21,0,200.3,v2.2.0,0.53,Mumbai,19.076,72.8777,1,normal,
326676df-55c1-47a5-bf31-36a995461b9b,POS-055D6FBC,MER-294500,2026-08-16T18:30:34.834960,3795.65,1,366.9,v2.2.0,0.55,Kolkata,22.5726,88.3639,1,normal,
653786ce-6b5c-493f-b4ad-8c0b43574dec,POS-483FD0E6,MER-A77E7B,2026-08-16T18:45:24.646844,416.13,1,291.5,v2.2.0,1.84,Kolkata,22.5726,88.3639,1,normal,
7cc00cf8-aa5c-40cd-bd05-8a51de8c86b1,POS-D5B36245,MER-8A9DAF,2026-08-16T18:48:19.446090,1347.55,0,410.3,v2.1.1,2.83,Kolkata,22.5726,88.3639,1,normal,
beea61c3-6dc7-4e75-a336-078534cc239e,POS-BB11FCF8,MER-275B28,2026-08-16T18:53:19.722288,4285.71,0,160.8,v2.1.0,2.85,Mumbai,19.076,72.8777,1,normal,
25d30a42-611f-4dbe-84ef-4a6c032d652b,POS-77136499,MER-3E00AA,2026-08-16T18:58:36.641124,4160.03,0,433.3,v2.3.0-beta,0.99,Bengaluru,12.9716,77.5946,1,normal,
3cdacb08-ae45-4a64-9970-d29322a5d714,POS-A275E8CD,MER-DFFA45,2026-08-16T18:58:57.155558,3208.1,0,289.5,v2.1.1,1.88,Kolkata,22.5726,88.3639,1,normal,
909bacec-f378-40b5-9ec5-1d66d0c01c03,POS-4A5BFB60,MER-B81D68,2026-08-16T18:59:12.051141,1937.12,0,213.3,v2.1.1,1.14,Chennai,13.0827,80.2707,1,normal,
69061793-307b-4bf9-9f0d-e2c553b3f363,POS-105BE397,MER-3B97DB,2026-08-16T19:12:27.867258,411.62,1,59.1,v2.1.0,0.71,Chennai,13.0827,80.2707,1,normal,
2b89c7d7-4212-45f6-bd2d-e66beb6334fc,POS-D5B36245,MER-8A9DAF,2026-08-16T19:15:57.606195,2485.45,0,317.6,v2.1.1,2.34,Kolkata,22.5726,88.3639,1,normal,
1e5ff757-de89-43d7-b341-721c9313e1f6,POS-CDFD9F1A,MER-243265,2026-08-16T19:22:44.649076,180.11,0,234.2,v2.1.0,2.96,Bengaluru,12.9716,77.5946,1,normal,
d299be99-44a5-4822-af1d-1744d45910a7,POS-6EAB7795,MER-39C88B,2026-08-16T19:32:25.678402,2143.81,0,149.8,v2.2.0,1.01,Chennai,13.0827,80.2707,1,normal,
5a546378-80a2-4bef-873e-5117b856ea76,POS-3BD6788B,MER-FA377E,2026-08-16T19:48:16.887753,4615.01,0,126.7,v2.1.0,0.74,Pune,18.5204,73.8567,1,normal,
681691b1-a804-40ef-86af-8a7c5cbdab21,POS-B93996C3,MER-901889,2026-08-16T19:48:54.568877,1417.24,0,182.5,v2.3.0-beta,2.44,Delhi,28.7041,77.1025,1,normal,
6911e425-2c4a-406b-865f-3044cf65428c,POS-B81706F4,MER-CC7ACE,2026-08-16T19:51:45.741569,731.12,0,458.8,v2.3.0-beta,1.68,Nagpur,21.1458,79.0882,1,normal,
4066009a-0926-4c6a-9559-fba0ef35449b,POS-76F7895E,MER-F17607,2026-08-16T20:05:03.883200,4805.28,0,87.9,v2.1.1,2.92,Pune,18.5204,73.8567,1,normal,
7252483b-760d-4037-974a-7136641dd30e,POS-849A1C0F,MER-D8D0DA,2026-08-16T20:21:07.950579,96.51,0,271.6,v2.1.0,2.55,Delhi,28.7041,77.1025,1,normal,
b43f2c15-fe8e-46fe-850d-5821c13e59ee,POS-0E673AA4,MER-A73341,2026-08-16T20:41:10.048880,616.35,0,215.6,v2.2.0,2.72,Hyderabad,17.385,78.4867,1,normal,
6ac22c02-149e-4565-b1ab-eaa690057850,POS-EDC02D19,MER-6176CA,2026-08-16T20:51:23.194681,604.92,0,0.4,v2.1.0,4.86,Bengaluru,12.9716,77.5946,0,fraud,device_spoof
0c5a18c2-0768-43c3-b17f-056446bd38ac,POS-1AF2A398,MER-9A9BF3,2026-08-16T20:58:27.351284,2568.34,0,492.6,v2.1.1,2.48,Chennai,13.0827,80.2707,1,normal,
a1e81261-5c9c-4c7e-9958-dc7af34e8d56,POS-F5C825B8,MER-3430AF,2026-08-16T21:01:57.528791,3506.73,0,482.8,v2.1.1,2.45,Pune,18.5204,73.8567,1,normal,
3977bb67-6294-424e-994d-d55d0ef618b1,POS-70E04A75,MER-F51428,2026-08-16T21:12:48.711635,4898.68,0,72.3,v2.1.1,0.59,Pune,18.5204,73.8567,1,normal,
bdbc2174-18d2-410d-b575-20db6bf2071d,POS-CC8EC905,MER-15DD11,2026-08-16T21:18:26.576947,3484.33,1,248.0,v2.1.0,1.83,Hyderabad,17.385,78.4867,1,normal,
a6c1e08c-1062-4666-ae1b-e51a9d2e0437,POS-E2ABAA01,MER-94FBB2,2026-08-16T22:10:23.747115,92.02,1,246.8,v2.1.0,0.73,Nagpur,21.1458,79.0882,1,normal,
360e9e97-9d21-4a5d-ae4c-e6d96b99fe9d,POS-6C1EE20B,MER-F3F810,2026-08-16T22:11:20.630285,2851.37,0,174.3,v2.1.1,1.57,Bengaluru,12.9716,77.5946,1,normal,
739c2735-9427-4eb6-b064-d3bfd6ec78cf,POS-87D47970,MER-BF7D1A,2026-08-16T22:22:07.910114,677.56,0,115.6,v2.1.0,2.25,Pune,18.5204,73.8567,1,normal,
e7851889-b305-4f7d-ae3d-00ac27251084,POS-6439ED84,MER-ADB4F6,2026-08-16T22:40:55.575256,3245.98,1,78.5,v2.2.0,1.65,Hyderabad,17.385,78.4867,1,normal,
46b8e2ed-4ce7-49e1-b998-2747db03efac,POS-B11F2EAD,MER-9FA357,2026-08-16T23:08:19.185938,3055.15,1,159.2,v2.2.0,0.99,Mumbai,19.076,72.8777,1,normal,
31e146ba-bec0-460a-b5a4-646c0730a811,POS-6B16F045,MER-ECDE68,2026-08-16T23:29:10.975284,4385.63,0,427.3,v2.3.0-beta,0.96,Delhi,28.7041,77.1025,1,normal,
a4259e03-2719-4a11-bf0c-5067fe0d7ec8,POS-D5F8541B,MER-EFC947,2026-08-16T23:29:33.322016,1240.39,0,254.7,v2.2.0,2.02,Bengaluru,12.9716,77.5946,1,normal,
ceb4680e-ac96-4b4f-93c2-a8ac45abce5a,POS-BC359428,MER-C5AB1A,2026-08-16T23:39:19.580567,4687.08,0,184.8,v2.1.0,1.57,Kolkata,22.5726,88.3639,1,normal,
43f9b819-2538-472a-a907-8d7ac0582dd6,POS-87D47970,MER-BF7D1A,2026-08-16T23:40:11.312676,4349.0,0,105.0,v2.1.0,1.31,Pune,18.5204,73.8567,1,normal,
cd1f37d7-7c81-4f1a-8399-a1a53cca5486,POS-A8756576,MER-414EF8,2026-08-16T23:53:59.216369,1831.3,0,254.9,v2.1.0,2.86,Pune,18.5204,73.8567,1,normal,
b0d58a35-6379-4d19-8dfe-1459f45b2bb0,POS-B27C0D31,MER-6BDAEB,2026-08-16T23:57:05.639528,3261.79,0,57.4,v2.1.1,2.24,Pune,18.5204,73.8567,1,normal,
46e3cb70-f36b-4efb-a271-d9ce0ec7afa2,POS-A8756576,MER-414EF8,2026-08-17T00:33:12.563007,4217.18,0,357.1,v2.1.0,1.88,Pune,18.5204,73.8567,1,normal,
789623f7-f395-4c83-9bd9-0a7b33638682,POS-B27C0D31,MER-6BDAEB,2026-08-17T00:35:17.303355,983.9,1,239.7,v2.1.1,1.04,Pune,18.5204,73.8567,1,normal,
48da0d4b-2ccb-45a7-85fc-da3f249a247e,POS-A77B64DE,MER-1A5D0B,2026-08-17T00:37:39.667003,2701.53,0,127.3,v2.1.0,0.79,Kolkata,22.5726,88.3639,1,normal,
12e2fb6a-695f-491c-9376-2bbdd59d1987,POS-EF533CFF,MER-837BC2,2026-08-17T00:38:21.084691,2910.38,0,469.8,v2.2.0,1.48,Nagpur,21.1458,79.0882,1,normal,
32dc3b1e-1bfb-40b8-8646-00928f8c872c,POS-DD8321BF,MER-250C33,2026-08-17T00:55:54.077061,170.84,0,481.6,v2.1.0,0.97,Pune,18.5204,73.8567,1,normal,
da7bd9be-800e-47e3-afe7-168a18d545bf,POS-BC46E34D,MER-0DC332,2026-08-17T01:04:38.363127,3457.24,0,343.9,v2.2.0,1.4,Mumbai,19.076,72.8777,1,normal,
2a42d22d-e7c3-4aff-b813-0bb197d63f47,POS-7B492CC9,MER-70B109,2026-08-17T01:09:29.452876,496.75,0,456.2,v2.1.0,2.42,Mumbai,19.076,72.8777,1,normal,
5d215ddd-9969-434b-a24d-690a13bd8cd2,POS-1B73B11B,MER-95FEFA,2026-08-17T01:32:09.713780,964.6,0,348.1,v2.2.0,1.13,Hyderabad,17.385,78.4867,1,normal,
2cad1132-af11-4d6c-9555-a4194601c129,POS-75E7B52C,MER-837894,2026-08-17T01:34:39.114825,1464.53,0,467.5,v2.2.0,2.29,Chennai,13.0827,80.2707,1,normal,
6ff4b1ce-a93c-4f90-9723-9e815451a075,POS-D780167B,MER-226112,2026-08-17T01:42:14.843820,110.51,0,65.2,v2.3.0-beta,1.77,Kolkata,22.5726,88.3639,1,normal,
1f6f47a5-2766-4a1f-b99c-758badd06354,POS-5EB40BC5,MER-FF8806,2026-08-17T01:44:51.788738,3734.17,0,364.0,v2.1.0,1.32,Kolkata,22.5726,88.3639,1,normal,
63ec7e17-c0fa-4034-81a1-88df7f55ccfa,POS-CBA73359,MER-269861,2026-08-17T02:01:53.826709,2368.24,0,71.2,v2.1.1,2.92,Hyderabad,17.385,78.4867,1,normal,
096a96fc-7142-431b-b786-8f886bc75c28,POS-7F1981DF,MER-B33B9B,2026-08-17T02:06:09.071679,738.92,0,125.8,v2.2.0,1.54,Nagpur,21.1458,79.0882,1,normal,
8747ebac-5832-44e5-974e-86e4b9ff9020,POS-10016958,MER-25A16E,2026-08-17T02:13:39.190012,483.79,0,7.9,v2.1.1,0.78,Delhi,28.7041,77.1025,1,normal,
2dcdece3-0c1a-420a-8364-ca4d375ebdb1,POS-BB11FCF8,MER-275B28,2026-08-17T02:15:01.130485,3440.7,0,227.3,v2.1.0,2.22,Mumbai,19.076,72.8777,1,normal,
f803b255-0d82-40ac-b32c-6b1145f300ec,POS-CBA73359,MER-269861,2026-08-17T02:23:56.449177,4442.44,0,473.7,v2.1.1,2.94,Hyderabad,17.385,78.4867,1,normal,
21f4410d-53d3-4875-942c-7f6c763636d3,POS-BA41B435,MER-3AA9F7,2026-08-17T02:31:37.274605,193.01,0,122.0,v2.1.1,2.46,Delhi,28.7041,77.1025,1,normal,
f696f6c6-8a97-4821-a3b8-821991613d8a,POS-F79A698C,MER-2ED01B,2026-08-17T02:41:45.907008,3137.14,0,58.2,v2.1.1,0.5,Pune,18.5204,73.8567,1,normal,
a22ef745-4d3c-4308-afd3-008b3020a979,POS-3BF5E359,MER-A82822,2026-08-17T03:13:06.225518,4039.44,0,48.2,v2.2.0,2.0,Mumbai,19.076,72.8777,1,normal,
d6b0ed6e-563e-4e0c-95d6-15bafe3621ce,POS-BA41B435,MER-3AA9F7,2026-08-17T03:19:27.751730,4157.34,0,191.2,v2.1.1,0.75,Delhi,28.7041,77.1025,1,normal,
e4af6ddb-c3ab-4ed2-9a6c-a18442d1e6e7,POS-C9DBE224,MER-11AEAE,2026-08-17T03:29:24.818946,1910.76,1,92.9,v2.3.0-beta,2.97,Bengaluru,12.9716,77.5946,1,normal,
6ce96b2e-2606-47e2-976f-056242be6db1,POS-778516AB,MER-714018,2026-08-17T03:33:01.490397,2788.81,0,429.4,v2.1.0,2.84,Delhi,28.7041,77.1025,1,normal,
113b8bda-422a-453f-97e4-35a62a123f61,POS-38B8A946,MER-7808DD,2026-08-17T03:35:27.213574,4380.81,1,419.8,v2.3.0-beta,0.71,Nagpur,21.1458,79.0882,1,normal,
b83f557b-ec04-4bd3-91cd-989125260379,POS-055D6FBC,MER-294500,2026-08-17T03:36:06.746741,1075.35,0,125.0,v2.2.0,2.94,Kolkata,22.5726,88.3639,1,normal,
4c40cc5a-3e85-474f-9d07-1052159ecf8e,POS-AD5BA00A,MER-5FE21C,2026-08-17T03:37:33.688721,1397.82,0,282.0,v2.3.0-beta,1.64,Pune,18.5204,73.8567,1,normal,
fefc1a72-26c9-48a7-be6c-e21d0e947ef4,POS-520C7452,MER-52D41B,2026-08-17T03:49:50.061978,4424.14,0,354.6,v2.2.0,2.95,Kolkata,22.5726,88.3639,1,normal,
f0847316-2b03-4f3f-aad4-5b41646d556e,POS-520C7452,MER-52D41B,2026-08-17T04:00:23.475651,102.94,1,338.8,v2.2.0,2.83,Kolkata,22.5726,88.3639,1,normal,
b457f116-f5dd-480c-9bc2-7927d78fb051,POS-862B6369,MER-4CCB87,2026-08-17T04:02:20.246287,1144.68,1,483.7,v2.1.1,0.59,Nagpur,21.1458,79.0882,1,normal,
8215d432-5517-4e50-a78a-744ad125177c,POS-B93996C3,MER-901889,2026-08-17T04:13:50.381604,1686.89,1,324.5,v2.3.0-beta,2.3,Delhi,28.7041,77.1025,1,normal,
a1654a64-8255-4a33-85fa-0a8200c47b48,POS-B607E194,MER-457468,2026-08-17T04:33:36.998363,2059.64,0,132.9,v2.1.0,1.98,Mumbai,19.076,72.8777,1,normal,
015aea80-918c-45fe-92d3-27e6a5a89c42,POS-47CB19EB,MER-7848E9,2026-08-17T04:35:02.976574,666.59,0,422.8,v2.2.0,1.05,Bengaluru,12.9716,77.5946,1,normal,
c3e20108-b41f-4b7d-9a49-aae9bcf40572,POS-FB95985B,MER-7765F7,2026-08-17T04:51:15.802880,3.89,0,326.7,v2.1.0,0.92,Hyderabad,17.385,78.4867,1,fraud,card_testing
8939fadc-f861-4699-82c6-3c0db7a4a567,POS-FB95985B,MER-7765F7,2026-08-17T04:51:18.592271,15.57,0,75.5,v2.1.0,1.37,Hyderabad,17.385,78.4867,1,fraud,card_testing
a1676a05-ff3a-4ac3-9e06-d22ef30cdd18,POS-FB95985B,MER-7765F7,2026-08-17T04:51:18.647310,11.09,2,443.7,v2.1.0,0.9,Hyderabad,17.385,78.4867,1,fraud,card_testing
be7fa67b-c4da-49b9-bbeb-4bca511a3641,POS-FB95985B,MER-7765F7,2026-08-17T04:51:23.507502,15.66,0,276.3,v2.1.0,0.7,Hyderabad,17.385,78.4867,1,fraud,card_testing
cac0abdd-7c25-4c04-be2e-b37308e1463e,POS-FB95985B,MER-7765F7,2026-08-17T04:51:25.002325,18.19,1,114.5,v2.1.0,1.4,Hyderabad,17.385,78.4867,1,fraud,card_testing
6ca267db-5fa7-4860-82ec-d64cd644bc4e,POS-FB95985B,MER-7765F7,2026-08-17T04:51:25.969492,9.63,0,148.0,v2.1.0,0.49,Hyderabad,17.385,78.4867,1,fraud,card_testing
c68e254e-c58d-4818-9b11-69abb2c6ebbc,POS-FB95985B,MER-7765F7,2026-08-17T04:51:27.448962,4.66,1,80.7,v2.1.0,1.42,Hyderabad,17.385,78.4867,1,fraud,card_testing
f166cb70-f2cd-4d1f-a15a-401e442c68dd,POS-FB95985B,MER-7765F7,2026-08-17T04:51:27.464322,9.1,0,27.8,v2.1.0,0.45,Hyderabad,17.385,78.4867,1,fraud,card_testing
016b1bf4-54b0-4630-bab4-92888a1acc9b,POS-FB95985B,MER-7765F7,2026-08-17T04:51:34.330873,14.05,0,314.5,v2.1.0,1.24,Hyderabad,17.385,78.4867,1,fraud,card_testing
b8d1902e-0144-4d5e-b610-0fbf661e81ca,POS-FB95985B,MER-7765F7,2026-08-17T04:51:34.798877,3.72,0,15.8,v2.1.0,1.17,Hyderabad,17.385,78.4867,1,fraud,card_testing
3e05c0ed-9df5-49e0-815a-1baa1b1201e3,POS-FB95985B,MER-7765F7,2026-08-17T04:51:35.537614,17.78,0,232.9,v2.1.0,0.51,Hyderabad,17.385,78.4867,1,fraud,card_testing
849d4968-7781-44f3-a06a-52ba08d1b5a9,POS-FB95985B,MER-7765F7,2026-08-17T04:51:47.192148,7.57,0,144.1,v2.1.0,1.34,Hyderabad,17.385,78.4867,1,fraud,card_testing
0a9059ca-c79e-400a-812e-5c1b8fcc9239,POS-CBC618C2,MER-07EDD3,2026-08-17T04:58:11.586424,4979.4,0,436.9,v2.3.0-beta,2.59,Mumbai,19.076,72.8777,1,normal,
fa8f1cdb-06c5-4aab-8270-e9b5ccc9b19d,POS-62F7C65F,MER-BAFD17,2026-08-17T04:59:33.593230,4179.78,0,113.5,v2.1.0,1.56,Delhi,28.7041,77.1025,1,normal,
8c0df971-65a3-4210-a380-b3dce37c2170,POS-75E7B52C,MER-837894,2026-08-17T05:01:22.848185,3693.12,0,402.9,v2.2.0,1.04,Chennai,13.0827,80.2707,1,normal,
73cc22ec-e9d5-46ed-a2f0-035f1574ec99,POS-7B492CC9,MER-70B109,2026-08-17T05:09:44.782443,4040.82,0,122.2,v2.1.0,0.94,Mumbai,19.076,72.8777,1,normal,
9c12049a-80f8-47a5-a42f-81f79d33699a,POS-B27C0D31,MER-6BDAEB,2026-08-17T05:14:07.922791,4552.86,0,424.0,v2.1.1,0.73,Pune,18.5204,73.8567,1,normal,
e68fa791-ad81-4398-9683-00f91af19afd,POS-77B485D3,MER-340AFB,2026-08-17T05:31:07.994233,362.35,1,19.5,v2.1.0,1.0,Delhi,28.7041,77.1025,1,normal,
b824bb03-d6dc-4bb1-bd32-13243934a66e,POS-CBA73359,MER-269861,2026-08-17T05:31:48.339390,4911.85,1,162.8,v2.1.1,2.94,Hyderabad,17.385,78.4867,1,normal,
d93f6714-f3f3-4a90-98da-cf1dd0e7308c,POS-47CB19EB,MER-7848E9,2026-08-17T05:36:49.004810,23218.85,0,763.0,v2.2.0,1.82,Bengaluru,12.9716,77.5946,1,fraud,bust_out
fad9bbaf-3ac9-431c-ad7d-33875fed5a5f,POS-2F039298,MER-2CFF75,2026-08-17T06:19:01.640063,3159.19,1,334.9,v2.3.0-beta,0.56,Bengaluru,12.9716,77.5946,1,normal,
d18a8735-c677-4eda-ae7e-5cb32f13dee0,POS-C9DBE224,MER-11AEAE,2026-08-17T06:19:43.306432,3367.08,0,323.4,v2.3.0-beta,1.56,Bengaluru,12.9716,77.5946,1,normal,
b0d94916-dffd-42e3-b036-ea164a599498,POS-A275E8CD,MER-DFFA45,2026-08-17T06:28:09.718647,4672.07,0,95.7,v2.1.1,0.9,Kolkata,22.5726,88.3639,1,normal,
1282d974-1b63-435a-a6f2-fffb92c99b90,POS-CBA73359,MER-269861,2026-08-17T06:29:03.319681,916.69,1,490.4,v2.1.1,1.7,Hyderabad,17.385,78.4867,1,normal,
3ea2640f-2b89-4fbd-9231-4ac50eedabfa,POS-778516AB,MER-714018,2026-08-17T06:34:44.081394,3855.04,0,428.6,v2.1.0,2.41,Delhi,28.7041,77.1025,1,normal,
1ff5ce87-65cb-4ae9-abd7-ae582216ccf3,POS-208DB4F3,MER-C166F5,2026-08-17T06:49:45.088426,3770.71,1,338.2,v2.1.1,1.52,Delhi,28.7041,77.1025,1,normal,
ac0b2127-db6d-466e-aa6d-68264e03e6df,POS-EBF11023,MER-16D60A,2026-08-17T06:49:46.021449,1381.66,0,465.1,v2.2.0,1.49,Hyderabad,17.385,78.4867,1,normal,
ed5fd0ab-2e6b-46fd-b4c6-b99b5582e461,POS-B93996C3,MER-901889,2026-08-17T06:52:14.162674,1707.46,0,24.9,v2.3.0-beta,0.67,Delhi,28.7041,77.1025,1,normal,
ef529fc3-f079-4631-9d08-fc26511281a5,POS-B27C0D31,MER-6BDAEB,2026-08-17T07:01:54.787396,610.16,1,479.8,v2.1.1,1.2,Pune,18.5204,73.8567,1,normal,
dfc27c9d-539c-47ed-8cb1-cb806fb523f6,POS-B9828EE6,MER-E676A0,2026-08-17T07:02:34.473430,4283.17,0,55.6,v2.2.0,0.67,Pune,18.5204,73.8567,1,normal,
649a7d3a-a6a4-4276-9297-bd30c367f3e2,POS-D780167B,MER-226112,2026-08-17T07:13:45.122580,812.53,1,489.2,v2.3.0-beta,1.33,Kolkata,22.5726,88.3639,1,normal,
fc918572-1008-46a4-b09d-713a83156f46,POS-2D6C822A,MER-CA6F11,2026-08-17T07:20:13.362993,1293.45,1,496.7,v2.1.0,0.52,Kolkata,22.5726,88.3639,1,normal,
e40c663e-25dc-41f0-b71f-4931b125f970,POS-47CB19EB,MER-7848E9,2026-08-17T07:37:41.720851,3133.41,1,215.2,v2.2.0,1.92,Bengaluru,12.9716,77.5946,1,normal,
5a2a6c7c-e673-4c18-b0f0-a6f94d5c081a,POS-B66D5760,MER-221884,2026-08-17T07:57:26.812602,1539.94,0,443.2,v2.1.0,1.03,Hyderabad,17.385,78.4867,1,normal,
eac929fe-d0d6-4a8d-b04c-c6a06f26b627,POS-EF533CFF,MER-837BC2,2026-08-17T07:57:45.250406,4229.37,0,280.5,v2.2.0,2.05,Nagpur,21.1458,79.0882,1,normal,
6ddaf5d0-8980-4571-aa32-4b36d2bd1c45,POS-EEE16951,MER-D3A1BB,2026-08-17T08:01:40.180454,2466.67,0,313.6,v2.3.0-beta,1.49,Bengaluru,12.9716,77.5946,1,normal,
07299b48-0d58-4c81-a8c0-402f238f83b6,POS-8E784FDD,MER-40A230,2026-08-17T08:09:36.372447,321.98,7,312.1,v2.1.0,16.36,Pune,18.5204,73.8567,1,fraud,retry_storm
01d0a3be-de82-4627-981d-fa73c0659602,POS-BC46E34D,MER-0DC332,2026-08-17T08:10:42.879263,4454.15,0,86.9,v2.2.0,1.26,Mumbai,19.076,72.8777,1,normal,
408b2170-dc8a-4fb5-9c1f-9cea1d933d1c,POS-0BC87AB9,MER-FCAB0C,2026-08-17T08:16:49.251071,4149.85,0,487.3,v2.1.0,2.29,Nagpur,21.1458,79.0882,1,normal,
62dcd599-c263-4c21-a00d-774d1f0f7fb0,POS-8BA2BC27,MER-CDDE89,2026-08-17T08:31:21.967580,2355.29,0,325.6,v2.1.1,0.68,Bengaluru,12.9716,77.5946,1,normal,
703f58f8-8b53-4bdf-be76-286bba066d58,POS-8BA2BC27,MER-CDDE89,2026-08-17T08:35:24.466305,3340.72,0,302.3,v2.1.1,2.85,Bengaluru,12.9716,77.5946,1,normal,
b09a33e4-e78d-4387-abc6-20d7bc8fd048,POS-87D47970,MER-BF7D1A,2026-08-17T09:02:43.717720,4620.88,1,174.8,v2.1.0,2.23,Pune,18.5204,73.8567,1,normal,
430bfa6d-7984-4443-b4d2-6ebd28bd971c,POS-81C99677,MER-2280B3,2026-08-17T09:19:15.256992,2730.95,1,1.4,v2.1.0,2.1,Nagpur,21.1458,79.0882,1,normal,
06b2d58f-3d8c-41d7-aadf-41db8976c6e7,POS-BC359428,MER-C5AB1A,2026-08-17T09:36:02.911948,51728.98,0,493.8,v2.1.0,1.41,Kolkata,22.5726,88.3639,1,fraud,bust_out
6f0a4cf7-81d4-4f1f-9f45-c773baed6e2e,POS-055D6FBC,MER-294500,2026-08-17T09:39:29.764176,1077.81,0,75.0,v2.2.0,2.13,Kolkata,22.5726,88.3639,1,normal,
b32fe36b-1058-4f0d-aa68-b4191cf58c8f,POS-B607E194,MER-457468,2026-08-17T09:48:17.319764,4215.73,0,419.4,v2.1.0,2.02,Mumbai,19.076,72.8777,1,normal,
1e2894b8-bb84-4927-a71c-7f7eae244076,POS-CBA73359,MER-269861,2026-08-17T09:51:09.876951,3415.8,0,111.1,v2.1.1,2.71,Hyderabad,17.385,78.4867,1,normal,
96c79e7a-8af6-4620-8fba-46709083a556,POS-77136499,MER-3E00AA,2026-08-17T09:51:49.489665,1450.05,0,418.9,v2.3.0-beta,1.95,Bengaluru,12.9716,77.5946,1,normal,
850a54d6-4da6-4e98-b8e1-1a54dbacac60,POS-DEE4DD42,MER-D53081,2026-08-17T09:57:17.377372,531.6,0,417.8,v2.1.0,0.66,Mumbai,19.076,72.8777,1,normal,
6d26a272-6d3a-40f7-b952-783243e93a5c,POS-0AE6C0D2,MER-897854,2026-08-17T10:05:18.054065,2600.59,0,33.7,v2.1.1,2.27,Kolkata,22.5726,88.3639,1,normal,
d3fb0e8d-cdd0-4b74-a11b-07c7cafdd362,POS-0EF33479,MER-87BA54,2026-08-17T10:18:29.848187,72040.14,0,860.6,v2.1.1,1.44,Delhi,28.7041,77.1025,1,fraud,bust_out
cbade952-2cdd-4b7e-8c35-f52e9948a2be,POS-FC80D3D1,MER-FD74EE,2026-08-17T10:23:51.599780,3366.62,0,223.9,v2.1.1,1.16,Mumbai,19.076,72.8777,1,normal,
1b44e4cf-8e01-4ba8-91fc-b607093a2ee2,POS-207CA2EB,MER-5B06DF,2026-08-17T10:50:03.995211,2838.07,0,292.2,v2.1.1,2.93,Pune,18.5204,73.8567,1,normal,
58dd369c-e7e3-4437-b483-819426cdd3a5,POS-B93996C3,MER-901889,2026-08-17T10:57:52.225295,1838.27,0,74.1,v2.3.0-beta,1.56,Delhi,28.7041,77.1025,1,normal,
2776bdb9-7d30-4dec-8634-4de4a6facdb4,POS-B9828EE6,MER-E676A0,2026-08-17T11:08:05.764525,4705.45,1,368.7,v2.2.0,2.82,Pune,18.5204,73.8567,1,normal,
2daddbd1-3e6e-47ba-8658-cae713d0f334,POS-5B84BAFA,MER-54F0E4,2026-08-17T11:11:46.824694,4322.77,1,498.6,v2.1.1,2.08,Chennai,13.0827,80.2707,1,normal,
10ebcf2c-d56d-427b-b78a-2f965ca02f52,POS-F1C56238,MER-7963AE,2026-08-17T11:19:58.474019,257.75,0,84.4,v2.2.0,0.8,Kolkata,22.5726,88.3639,1,normal,
f3f74f91-fb0b-47d0-b51c-80eb7df265cb,POS-77136499,MER-3E00AA,2026-08-17T11:22:52.097373,3247.91,0,343.7,v2.3.0-beta,1.09,Bengaluru,12.9716,77.5946,1,normal,
a4830a41-fe51-4953-ac18-bec45e88db65,POS-982191FD,MER-C18197,2026-08-17T11:50:56.551321,2011.93,1,440.5,v2.2.0,2.98,Delhi,28.7041,77.1025,1,normal,
8a267555-b76f-4c14-9fec-b4509ee52565,POS-1D6FD4E1,MER-F1C4E7,2026-08-17T12:20:56.925546,225.37,1,446.4,v2.1.0,2.62,Chennai,13.0827,80.2707,1,normal,
b31e5427-e9ff-4ca6-9b9f-8523ace3b251,POS-8BA2BC27,MER-CDDE89,2026-08-17T12:33:15.796870,1651.08,0,282.0,v2.1.1,1.03,Bengaluru,12.9716,77.5946,1,normal,
03ca4b0f-c56b-4364-88d8-80165296a2ea,POS-6EAB7795,MER-39C88B,2026-08-17T12:49:00.307582,1311.9,0,17.6,v2.2.0,2.02,Chennai,13.0827,80.2707,1,normal,
7384458b-2aa0-420c-a9d6-8c8ffebacee3,POS-D780167B,MER-226112,2026-08-17T12:57:18.418077,2600.64,0,201.0,v2.3.0-beta,0.74,Kolkata,22.5726,88.3639,1,normal,
7402eaa8-68ab-41c0-b3f5-9badfe5a8685,POS-EDC02D19,MER-6176CA,2026-08-17T13:02:45.053681,468.24,0,427.4,v2.1.0,1.46,Chennai,13.0827,80.2707,1,normal,
00f987fb-d4a6-4d61-9bce-7bba7b7bf135,POS-28402991,MER-833A0C,2026-08-17T13:11:02.691038,1821.93,0,419.7,v2.1.1,2.53,Hyderabad,17.385,78.4867,1,normal,
3f31c0bf-fde2-4aed-8739-f8e4738fc8ec,POS-A275E8CD,MER-DFFA45,2026-08-17T13:19:42.480966,3438.02,0,111.7,v2.1.1,2.28,Kolkata,22.5726,88.3639,1,normal,
c14cf9ec-1808-48c7-ae78-91f423321634,POS-6C3D83AB,MER-BCAE45,2026-08-17T13:25:41.906207,2061.64,1,22.4,v2.1.0,1.3,Bengaluru,12.9716,77.5946,1,normal,
48189283-547f-4f13-8217-a77afcf60940,POS-A77B64DE,MER-1A5D0B,2026-08-17T13:38:41.606548,1141.93,0,211.7,v2.1.0,1.1,Kolkata,22.5726,88.3639,1,normal,
097bab5f-10a5-42b4-b3de-a7753d352fb0,POS-CC8EC905,MER-15DD11,2026-08-17T13:48:41.565240,4519.3,0,286.8,v2.1.0,0.87,Hyderabad,17.385,78.4867,1,normal,
ace2dc6d-92ae-42b9-b922-2d9d2eee104e,POS-A8756576,MER-414EF8,2026-08-17T13:49:44.783340,940.16,0,190.7,v2.1.0,0.71,Pune,18.5204,73.8567,1,normal,
f9befc33-9766-48a5-b161-86f788153e6e,POS-5EB40BC5,MER-FF8806,2026-08-17T14:01:51.669312,1610.97,0,213.2,v2.1.0,1.48,Kolkata,22.5726,88.3639,1,normal,
9295084a-2cc6-4b7c-a771-69e7501931b5,POS-94086F72,MER-6D8C2C,2026-08-17T14:08:10.917641,1989.08,0,4.9,v2.1.0,2.08,Mumbai,19.076,72.8777,1,normal,
a0473df7-9cb8-4670-895c-26ae3895a891,POS-AB472E48,MER-7D45F8,2026-08-17T14:09:36.132029,3450.85,0,19.3,v2.1.0,2.59,Bengaluru,12.9716,77.5946,1,normal,
6b52ffad-27ee-4ab4-9576-44f92075bc07,POS-47CB19EB,MER-7848E9,2026-08-17T14:20:57.331861,3266.91,0,297.6,v2.2.0,2.55,Bengaluru,12.9716,77.5946,1,normal,
2268604d-5fdd-48a5-91bb-859b66064d20,POS-F1400661,MER-644B55,2026-08-17T14:23:09.382934,118.11,0,171.3,v2.1.1,1.62,Chennai,13.0827,80.2707,1,normal,
5a5dcfcf-eb81-4e73-8807-0486612d76f8,POS-70A8C312,MER-778AE7,2026-08-17T14:23:31.456818,4561.86,0,377.8,v2.1.0,1.87,Chennai,13.0827,80.2707,1,normal,
b2c80b62-08a1-43a0-a3b7-9a46a5f49de5,POS-0E2B0643,MER-16DFEB,2026-08-17T14:38:20.730310,3639.12,0,439.3,v2.3.0-beta,1.03,Bengaluru,12.9716,77.5946,1,normal,
c97357e5-8e37-4b2c-950a-4c3e07301748,POS-CC66C62A,MER-6E235F,2026-08-17T14:42:47.900974,569.33,0,142.1,v2.2.0,2.46,Hyderabad,17.385,78.4867,1,normal,
b4ed3031-7b0c-4772-9e80-eb8c32986b9e,POS-B11F2EAD,MER-9FA357,2026-08-17T15:00:12.445128,980.99,0,154.3,v2.2.0,1.97,Mumbai,19.076,72.8777,1,normal,
64039653-73b4-4850-b767-8e1097d6761d,POS-778516AB,MER-714018,2026-08-17T15:04:03.313576,2614.61,0,83.2,v2.1.0,1.31,Delhi,28.7041,77.1025,1,normal,
fa11fda2-e80c-41cd-b8b9-1a8e48003ec1,POS-3BF5E359,MER-A82822,2026-08-17T15:09:19.102672,3985.78,0,209.3,v2.2.0,2.79,Mumbai,19.076,72.8777,1,normal,
92f84d31-da48-4c39-803b-396929ba94e7,POS-0FF08306,MER-2B307F,2026-08-17T15:12:39.455697,109.21,0,263.1,v2.1.1,2.21,Nagpur,21.1458,79.0882,1,normal,
4227a468-4562-4f7a-86a8-29c0f1fc5c45,POS-6EAB7795,MER-39C88B,2026-08-17T15:13:43.229673,4261.35,0,145.7,v2.2.0,1.71,Chennai,13.0827,80.2707,1,normal,
9fe2948f-a7ab-4d94-ab48-a12f889cccb7,POS-A8756576,MER-414EF8,2026-08-17T15:15:01.823285,511.49,0,372.5,v2.1.0,1.43,Pune,18.5204,73.8567,1,normal,
82e643e7-c5e3-4ae7-b501-bc42753a5bba,POS-0BC87AB9,MER-FCAB0C,2026-08-17T15:21:36.726200,2021.88,0,463.9,v2.1.0,2.76,Nagpur,21.1458,79.0882,1,normal,
65e9f6b8-8c41-4ac1-909d-380de4264cff,POS-AD42C2FB,MER-96DF46,2026-08-17T15:22:49.906398,1010.38,0,461.2,v2.1.1,1.7,Mumbai,19.076,72.8777,1,normal,
f4c7ac7e-fab0-4790-a367-d6e880dae8d5,POS-4167FD28,MER-DA1B0B,2026-08-17T15:23:15.404558,3961.02,0,2.8,v2.1.0,2.33,Delhi,28.7041,77.1025,1,normal,
6ab2eb14-b321-453a-a5f5-bef34195bcfd,POS-862B6369,MER-4CCB87,2026-08-17T15:31:47.903849,4981.71,1,84.9,v2.1.1,1.62,Nagpur,21.1458,79.0882,1,normal,
3bc10cde-6e94-4b9e-8bdd-91d2cce2c561,POS-75E7B52C,MER-837894,2026-08-17T16:08:14.786897,837.39,1,4.8,v2.2.0,1.44,Chennai,13.0827,80.2707,1,normal,
21f88d30-c567-4d70-83b9-c1bd38c4eb82,POS-BB1E7F2D,MER-6350FC,2026-08-17T16:25:53.751408,2351.37,0,173.8,v2.2.0,2.33,Nagpur,21.1458,79.0882,1,normal,
07ca9c53-d18f-43a9-bd4d-507876916342,POS-C72F113B,MER-DDFFD5,2026-08-17T16:46:56.235560,2766.58,1,56.5,v2.3.0-beta,1.22,Bengaluru,12.9716,77.5946,1,normal,
7c9d170b-1cc2-4b0b-9a44-c4859a627dab,POS-483FD0E6,MER-A77E7B,2026-08-17T17:07:09.254344,1067.62,1,323.6,v2.2.0,2.85,Kolkata,22.5726,88.3639,1,normal,
551812f9-ce62-474d-8b18-701f4d1e16e8,POS-24B8E3FE,MER-C60B06,2026-08-17T17:09:17.705256,195.96,1,364.6,v2.3.0-beta,1.33,Bengaluru,12.9716,77.5946,1,normal,
03d958ea-3a47-4274-8e34-c4e8e34e69db,POS-7F1981DF,MER-B33B9B,2026-08-17T17:16:47.647964,4245.58,1,231.9,v2.2.0,1.6,Nagpur,21.1458,79.0882,1,normal,
3ba6f858-12e0-4b0b-b4cc-c2aaaf524ce5,POS-520C7452,MER-52D41B,2026-08-17T17:37:13.354446,4818.06,1,29.3,v2.2.0,0.76,Kolkata,22.5726,88.3639,1,normal,
4254b8a7-ae28-4d39-a893-9ff4f11922bf,POS-B9828EE6,MER-E676A0,2026-08-17T17:41:22.532231,2195.5,0,397.0,v2.2.0,1.93,Pune,18.5204,73.8567,1,normal,
33d8eca3-eccd-4d0d-8060-dab3f650f17f,POS-DD8321BF,MER-250C33,2026-08-17T17:44:55.698908,1284.98,1,26.2,v2.1.0,1.4,Pune,18.5204,73.8567,1,normal,
4df9f7c8-b7da-4160-bfdd-db20ca6b2118,POS-B37501A9,MER-DC9CFB,2026-08-17T17:44:56.616428,811.19,0,230.7,v2.2.0,2.27,Bengaluru,12.9716,77.5946,1,normal,
3fec7ddb-2b87-4082-9cb8-0fe700b17e10,POS-6439ED84,MER-ADB4F6,2026-08-17T17:45:17.037341,1431.9,1,368.4,v2.2.0,1.12,Hyderabad,17.385,78.4867,1,normal,
d8036b88-ad99-4f03-b961-99755ad095e3,POS-81C99677,MER-2280B3,2026-08-17T17:51:50.379081,2524.17,1,74.6,v2.1.0,1.21,Nagpur,21.1458,79.0882,1,normal,
77b67bca-e941-4a16-a7e3-aa5a5ed55eb0,POS-6B16F045,MER-ECDE68,2026-08-17T17:55:19.853176,837.31,0,102.7,v2.3.0-beta,0.73,Delhi,28.7041,77.1025,1,normal,
d4c90379-0941-438b-a98e-43b6d6003227,POS-5190E155,MER-85B4C2,2026-08-17T18:16:16.716667,2953.46,1,98.2,v2.1.0,2.54,Delhi,28.7041,77.1025,1,normal,
954afa90-eb0f-4c10-85ba-393355279d87,POS-A275E8CD,MER-DFFA45,2026-08-17T18:18:41.562511,2007.86,0,145.8,v2.1.1,0.9,Kolkata,22.5726,88.3639,1,normal,
d507a430-fc25-4b98-a1ca-f1d4e05a37a4,POS-6439ED84,MER-ADB4F6,2026-08-17T18:42:23.113044,526.69,0,130.6,v2.2.0,1.4,Hyderabad,17.385,78.4867,1,normal,
ba8178d6-8a55-40b9-970a-60c3a17bdcb5,POS-DD8321BF,MER-250C33,2026-08-17T18:49:47.446380,3125.61,0,64.0,v2.1.0,2.17,Pune,18.5204,73.8567,1,normal,
cb80d713-7f95-4117-b856-8b2e444f398d,POS-3637119B,MER-7355A0,2026-08-17T18:56:40.649774,4819.37,0,81.1,v2.1.1,1.05,Hyderabad,17.385,78.4867,1,normal,
edc14331-b072-4fbb-bb5c-95758cbe87f3,POS-0BC87AB9,MER-FCAB0C,2026-08-17T18:57:14.782963,1931.76,0,421.4,v2.1.0,1.03,Nagpur,21.1458,79.0882,1,normal,
19eb6ea8-9d11-4e5a-98b2-6ca73c4b2258,POS-A320C8AA,MER-9451DE,2026-08-17T19:07:48.584373,810.27,0,2.9,v2.2.0,0.72,Nagpur,21.1458,79.0882,1,normal,
83b401bc-8c5d-482c-9d88-6ba6cc3f83f9,POS-3637119B,MER-7355A0,2026-08-17T19:15:10.181573,714.81,0,439.1,v2.1.1,1.66,Hyderabad,17.385,78.4867,1,normal,
ca9707ea-0ac8-4702-b564-8a983f54fcee,POS-4A5BFB60,MER-B81D68,2026-08-17T19:15:28.791107,4326.85,1,343.9,v2.1.1,0.57,Chennai,13.0827,80.2707,1,normal,
c9283f36-c99e-41b5-9bb6-9d5972da5e81,POS-D122D405,MER-F03908,2026-08-17T19:26:17.101606,3829.08,1,175.0,v2.1.0,1.2,Mumbai,19.076,72.8777,1,normal,
be37ddb6-e4bd-4791-a7f0-15f5c24a0a30,POS-CDFD9F1A,MER-243265,2026-08-17T19:31:00.601239,4683.05,0,102.3,v2.1.0,2.01,Bengaluru,12.9716,77.5946,1,normal,
87085086-ed86-46ef-9b8e-c24c8bd0fc3a,POS-0AE6C0D2,MER-897854,2026-08-17T19:34:09.911714,2618.87,0,168.2,v2.1.1,2.9,Kolkata,22.5726,88.3639,1,normal,
cf448a47-3d93-42d3-b024-973675fb615f,POS-BC46E34D,MER-0DC332,2026-08-17T19:53:03.007598,2628.92,0,371.2,v2.2.0,1.03,Mumbai,19.076,72.8777,1,normal,
c9231f8b-5237-4ed3-92d9-a7f6b4f5f302,POS-91659503,MER-DC751C,2026-08-17T19:54:25.286143,3328.01,0,345.7,v2.1.1,2.47,Hyderabad,17.385,78.4867,1,normal,
981b29f6-ec43-4d5c-87b8-25a38c3be153,POS-CC8EC905,MER-15DD11,2026-08-17T19:57:36.186042,1335.79,0,62.8,v2.1.0,2.39,Hyderabad,17.385,78.4867,1,normal,
3cd8fcde-8e9a-4ce0-b53e-2742146a6b9a,POS-CDFD9F1A,MER-243265,2026-08-17T20:01:33.548340,2756.26,1,429.8,v2.1.0,2.04,Bengaluru,12.9716,77.5946,1,normal,
426700c7-ec2b-42e1-abd3-d47e3ce629e4,POS-B11F2EAD,MER-9FA357,2026-08-17T20:06:56.800026,2254.02,0,284.1,v2.2.0,2.75,Mumbai,19.076,72.8777,1,normal,
0104645c-ea42-42f0-bce6-c1385c447365,POS-D7A7B0B8,MER-0542EB,2026-08-17T20:08:02.714776,621.9,1,191.9,v2.1.1,1.25,Nagpur,21.1458,79.0882,1,normal,
8fe97d5a-7ac1-4413-a153-c121a3cd7449,POS-AE4DEB2A,MER-78544D,2026-08-17T20:18:57.599826,3675.59,0,320.5,v2.2.0,1.32,Nagpur,21.1458,79.0882,1,normal,
b1a79e59-9e70-459f-a63f-ad4641a4e34d,POS-D1DB24C2,MER-26B633,2026-08-17T20:47:19.040786,371.38,1,68.1,v2.3.0-beta,2.24,Hyderabad,17.385,78.4867,1,normal,
c696c4d7-fe16-4e5e-8b07-8bc0da807551,POS-6439ED84,MER-ADB4F6,2026-08-17T21:00:32.960472,1576.35,1,236.0,v2.2.0,2.74,Hyderabad,17.385,78.4867,1,normal,
04b5311d-abdb-4588-9600-5665f901ea3d,POS-EDC02D19,MER-6176CA,2026-08-17T21:10:42.808798,2080.79,0,317.3,v2.1.0,2.61,Chennai,13.0827,80.2707,1,normal,
ee841c52-0932-44fa-9ec6-33e13ba3b419,POS-B81706F4,MER-CC7ACE,2026-08-17T21:12:03.005984,4860.26,0,393.0,v2.3.0-beta,2.95,Nagpur,21.1458,79.0882,1,normal,
3c780405-cd00-4f54-9189-59dc13c1d58a,POS-EEE16951,MER-D3A1BB,2026-08-17T21:22:18.870281,2345.29,0,465.4,v2.3.0-beta,2.27,Bengaluru,12.9716,77.5946,1,normal,
a7135570-dae5-46a5-a775-196b9a95ba5e,POS-1AF2A398,MER-9A9BF3,2026-08-17T21:27:55.893543,4290.4,0,176.6,v2.1.1,1.85,Chennai,13.0827,80.2707,1,normal,
6fd60ae6-f746-41ac-8ea5-f4791d19c069,POS-055D6FBC,MER-294500,2026-08-17T21:55:14.988585,1902.58,1,80.5,v2.2.0,0.75,Kolkata,22.5726,88.3639,1,normal,
ee54a827-cc69-41ea-847a-d95c8bcd60b7,POS-52FC2A7B,MER-31B3EE,2026-08-17T22:03:44.497658,4924.71,0,459.7,v2.1.1,1.22,Delhi,28.7041,77.1025,1,normal,
3a8fa491-67b5-4f2c-ad33-a696af8ffb76,POS-2D6C822A,MER-CA6F11,2026-08-17T22:08:46.871742,2370.38,0,92.8,v2.1.0,1.47,Kolkata,22.5726,88.3639,1,normal,
1b23ceab-f314-409d-85db-16836118ae3a,POS-E2ABAA01,MER-94FBB2,2026-08-17T22:12:48.129333,2527.14,0,187.3,v2.1.0,2.96,Nagpur,21.1458,79.0882,1,normal,
0330b734-948e-43f1-ae5a-3a2d731b479a,POS-F5C825B8,MER-3430AF,2026-08-17T22:19:20.796324,3997.08,0,467.7,v2.1.1,2.98,Pune,18.5204,73.8567,1,normal,
cbd6a67a-ef98-4fa6-8f8d-edf4400ba74e,POS-00CFCF07,MER-73C8B8,2026-08-17T22:20:16.133295,1247.53,0,287.4,v2.3.0-beta,1.2,Kolkata,22.5726,88.3639,1,normal,
4e5397ad-8ddf-4c4d-82cc-6874652559d6,POS-BC2D02AD,MER-18BAD6,2026-08-17T22:27:53.601650,410.76,0,303.7,v2.2.0,2.6,Kolkata,22.5726,88.3639,1,normal,
5aba8ac3-bbc0-4601-b7ee-bc667315dee3,POS-E566E75E,MER-4CD30C,2026-08-17T22:32:27.622699,3444.48,0,226.3,v2.2.0,2.68,Nagpur,21.1458,79.0882,1,normal,
3c2aaf64-789d-40c0-ae36-6b0ce93fd86c,POS-AE4DEB2A,MER-78544D,2026-08-17T22:51:24.453650,2376.51,0,252.0,v2.2.0,2.8,Nagpur,21.1458,79.0882,1,normal,
7cc23007-d22c-464b-9dd2-f9b8f35e404b,POS-C9DBE224,MER-11AEAE,2026-08-17T22:55:47.357749,4411.43,0,18.8,v2.3.0-beta,2.8,Bengaluru,12.9716,77.5946,1,normal,
eb7d4194-c497-48d6-a908-e92a69dca9c4,POS-87D47970,MER-BF7D1A,2026-08-17T23:04:35.451905,927.22,0,204.8,v2.1.0,1.35,Pune,18.5204,73.8567,1,normal,
140ad2cc-94fb-48f3-8453-171f233cbd82,POS-CC26C0E8,MER-0D1C10,2026-08-18T00:03:03.582358,3988.61,1,109.7,v2.1.0,1.57,Delhi,28.7041,77.1025,1,normal,
96a9a5cc-5e8a-4909-a5cf-a79f36e07cf6,POS-1D6FD4E1,MER-F1C4E7,2026-08-18T00:04:19.818677,3199.35,0,267.4,v2.1.0,1.73,Chennai,13.0827,80.2707,1,normal,
04139987-9dc0-49b7-8fe4-7ba25c928a17,POS-38B8A946,MER-7808DD,2026-08-18T00:34:57.598829,2379.16,0,236.6,v2.3.0-beta,0.99,Nagpur,21.1458,79.0882,1,normal,
05920ba5-f4c2-4a05-9b4a-3d19aef1af8f,POS-9C17BF21,MER-B0A7FE,2026-08-18T00:41:45.783431,223.28,0,253.6,v2.1.0,1.41,Nagpur,21.1458,79.0882,1,normal,
d43fba68-81c9-4ec9-99d7-efc639fea8b6,POS-B9828EE6,MER-E676A0,2026-08-18T00:50:50.425182,4269.09,1,477.1,v2.2.0,2.07,Pune,18.5204,73.8567,1,normal,
0bfa58e4-1a7c-461f-b8c9-f72efc566083,POS-C9DBE224,MER-11AEAE,2026-08-18T00:57:51.003064,2852.18,0,308.4,v2.3.0-beta,1.55,Bengaluru,12.9716,77.5946,1,normal,
ef38b682-e820-436a-a5ce-47e786af664e,POS-1B73B11B,MER-95FEFA,2026-08-18T01:09:46.211826,3952.1,0,23.9,v2.2.0,2.07,Hyderabad,17.385,78.4867,1,normal,
f075cced-58fd-451c-8228-4b3e0091f5a4,POS-8D15D2C5,MER-4A3FBD,2026-08-18T01:36:03.672565,577.93,1,286.4,v2.1.0,1.94,Nagpur,21.1458,79.0882,1,normal,
6a5cb002-87d9-449c-904e-76ca03106972,POS-D5B36245,MER-8A9DAF,2026-08-18T02:09:11.820778,2237.11,0,358.7,v2.1.1,1.72,Kolkata,22.5726,88.3639,1,normal,
d6ddd0ac-3ad1-4223-816f-ac2714e07ae5,POS-36A2CBE2,MER-7D9478,2026-08-18T02:13:32.602422,4171.02,0,239.7,v2.1.1,1.06,Mumbai,19.076,72.8777,1,normal,
0629a2b9-2da5-4a2d-8b51-f466a393c91b,POS-BC46E34D,MER-0DC332,2026-08-18T02:23:58.138639,3313.45,0,223.9,v2.2.0,2.25,Mumbai,19.076,72.8777,1,normal,
cd70d9e9-1f83-4c6e-af5d-0ba2cdd2d5b8,POS-055D6FBC,MER-294500,2026-08-18T02:48:29.071716,2893.35,0,314.1,v2.2.0,2.94,Kolkata,22.5726,88.3639,1,normal,
09ed776a-a618-4ed8-aba3-ee2a3bd07c03,POS-B66D5760,MER-221884,2026-08-18T02:56:50.657048,2706.8,0,428.6,v2.1.0,2.52,Hyderabad,17.385,78.4867,1,normal,
7245496e-68af-4808-a8e9-e1821b483a4c,POS-7B492CC9,MER-70B109,2026-08-18T03:36:54.161553,2442.2,1,207.8,v2.1.0,1.88,Mumbai,19.076,72.8777,1,normal,
a8dc5e2a-7675-4398-8b72-c93fbd262dea,POS-8E1D47A7,MER-9204E3,2026-08-18T03:48:09.408207,3749.07,0,488.2,v2.1.0,1.66,Delhi,28.7041,77.1025,1,normal,
98d73dde-b318-49eb-bad3-2ee6a7f45dd0,POS-D122D405,MER-F03908,2026-08-18T04:10:37.411153,2139.2,0,488.3,v2.1.0,2.1,Mumbai,19.076,72.8777,1,normal,
cfb23690-fe2c-4fd1-b9ca-1dffec192143,POS-AE4DEB2A,MER-78544D,2026-08-18T04:10:57.196481,743.01,0,132.4,v2.2.0,2.72,Nagpur,21.1458,79.0882,1,normal,
ac766487-bcbf-4589-b56c-2bbfb7842a8e,POS-4FDF65E4,MER-8FF8CA,2026-08-18T04:34:26.610610,3907.79,1,101.0,v2.1.1,1.61,Delhi,28.7041,77.1025,1,normal,
64d64a6b-88a3-4548-95b0-4456bab828c8,POS-C2744B6C,MER-4093C0,2026-08-18T04:37:52.453238,1621.04,0,46.4,v2.1.1,2.95,Nagpur,21.1458,79.0882,1,normal,
1e87729f-9759-4235-a96c-46fcf90b6a50,POS-70A8C312,MER-778AE7,2026-08-18T04:46:55.242513,479.11,0,70.9,v2.1.0,0.81,Chennai,13.0827,80.2707,1,normal,
4cf342af-c635-4ce8-9ef7-7041e574e000,POS-80C06FB8,MER-0D360C,2026-08-18T04:59:01.220921,399.96,0,265.9,v2.1.0,1.24,Delhi,28.7041,77.1025,1,normal,
28ce4c00-16b7-4149-9247-9e89e567df17,POS-BA41B435,MER-3AA9F7,2026-08-18T05:04:25.439648,2920.46,0,277.2,v2.1.1,1.07,Delhi,28.7041,77.1025,1,normal,
0f845871-853d-4548-9c7f-6505f94d6ccc,POS-36A2CBE2,MER-7D9478,2026-08-18T05:05:17.845779,837.65,0,60.5,v2.1.1,2.46,Mumbai,19.076,72.8777,1,normal,
adc8e174-b335-4c8a-a26f-3bd208812a7e,POS-D780167B,MER-226112,2026-08-18T05:14:02.176786,2507.5,1,259.6,v2.3.0-beta,2.52,Kolkata,22.5726,88.3639,1,normal,
07968144-7cdd-4368-91bb-1e98a3e79136,POS-8BA2BC27,MER-CDDE89,2026-08-18T05:20:48.370092,602.04,1,388.9,v2.1.1,0.99,Bengaluru,12.9716,77.5946,1,normal,
58bff655-8355-4536-a665-76fcf89b56e3,POS-D5B36245,MER-8A9DAF,2026-08-18T05:30:57.485235,1342.68,0,95.0,v2.1.1,1.79,Kolkata,22.5726,88.3639,1,normal,
fdc50850-adc8-462f-942c-0be5a7184f8a,POS-FC80D3D1,MER-FD74EE,2026-08-18T05:41:13.154583,4933.15,1,355.5,v2.1.1,0.94,Mumbai,19.076,72.8777,1,normal,
10158438-6869-4883-998d-c0d8a1dc154e,POS-105BE397,MER-3B97DB,2026-08-18T05:42:34.385851,3777.52,1,318.8,v2.1.0,2.17,Chennai,13.0827,80.2707,1,normal,
38691a89-4a30-4aae-a2b7-cffe3c7997a1,POS-DD8321BF,MER-250C33,2026-08-18T06:02:31.479210,1579.54,0,215.6,v2.1.0,2.77,Pune,18.5204,73.8567,1,normal,
ab1c8225-fb63-4578-b480-72b3c515bc1c,POS-BB1E7F2D,MER-6350FC,2026-08-18T06:06:02.546080,2905.37,0,330.7,v2.2.0,2.56,Nagpur,21.1458,79.0882,1,normal,
e7bdc24d-900e-42fb-a8e5-2ee5b42a23f0,POS-FB95985B,MER-7765F7,2026-08-18T06:07:51.416249,1954.08,0,113.0,v2.1.0,1.45,Hyderabad,17.385,78.4867,1,normal,
d40250ca-6692-413d-981b-3131dcdb3458,POS-9C17BF21,MER-B0A7FE,2026-08-18T06:11:31.085394,326.83,0,350.1,v2.1.0,0.78,Nagpur,21.1458,79.0882,1,normal,
03c7cff9-7f0d-4839-a4dc-fc2fce9fb40b,POS-AB472E48,MER-7D45F8,2026-08-18T06:19:14.759659,2009.7,0,213.1,v2.1.0,1.44,Bengaluru,12.9716,77.5946,1,normal,
18fffcd0-0d1c-459f-85ab-bb30ade47f6e,POS-1B73B11B,MER-95FEFA,2026-08-18T06:28:08.242960,45491.35,0,639.2,v2.2.0,0.94,Hyderabad,17.385,78.4867,1,fraud,bust_out
6b8b0c1d-6ef2-4665-bb41-37fa902fa970,POS-383A0EE8,MER-ECE86F,2026-08-18T06:43:58.542693,1417.42,1,170.6,v2.1.1,2.47,Mumbai,19.076,72.8777,1,normal,
de5dcf58-051e-43d8-82d7-827a3595f936,POS-1B73B11B,MER-95FEFA,2026-08-18T06:45:38.606059,3719.2,0,131.1,v2.2.0,2.84,Hyderabad,17.385,78.4867,1,normal,
482cf583-0a33-4a7e-b0da-d1426dd59501,POS-D5B36245,MER-8A9DAF,2026-08-18T06:50:08.692768,2362.61,0,274.7,v2.1.1,0.84,Kolkata,22.5726,88.3639,1,normal,
d9e1f669-9934-4b11-a9e8-237a94c40ba3,POS-32F79BA7,MER-9F2DF0,2026-08-18T06:51:19.768712,144.44,1,116.4,v2.2.0,1.45,Hyderabad,17.385,78.4867,1,normal,
1560cec2-3641-4357-9c37-728bcd03ba8d,POS-F66B7F18,MER-589763,2026-08-18T06:57:20.720626,1736.52,1,95.9,v2.2.0,1.02,Pune,18.5204,73.8567,1,normal,
9e159c1c-2a33-4eab-ac42-4c80900342b8,POS-B27C0D31,MER-6BDAEB,2026-08-18T06:57:24.334872,1260.98,0,266.3,v2.1.1,1.18,Pune,18.5204,73.8567,1,normal,
820b4e5c-f2f3-415a-90ee-8e3ce2ba7c4d,POS-87D47970,MER-BF7D1A,2026-08-18T07:00:17.897188,3770.12,0,355.2,v2.1.0,1.18,Pune,18.5204,73.8567,1,normal,
33e22267-8e9a-46cf-abf4-4ae164abf903,POS-D122D405,MER-F03908,2026-08-18T07:07:26.086434,3724.94,1,119.6,v2.1.0,2.46,Mumbai,19.076,72.8777,1,normal,
953a4abc-e023-4cd3-bc9b-20d7b9fe60ab,POS-D780167B,MER-226112,2026-08-18T07:09:25.489242,4133.39,0,329.2,v2.3.0-beta,1.86,Kolkata,22.5726,88.3639,1,normal,
a2f2b795-48fd-451f-82ee-e5390ef776d0,POS-87CA5368,MER-503568,2026-08-18T07:17:53.396755,2090.02,0,298.0,v2.3.0-beta,1.2,Pune,18.5204,73.8567,1,normal,
5d798fc8-1740-4246-897f-57d9c678df25,POS-198FC2BC,MER-7149CD,2026-08-18T07:19:30.307642,2260.41,1,173.2,v2.2.0,1.88,Bengaluru,12.9716,77.5946,1,normal,
95bca3cb-d484-431a-8613-7f56fb3ede07,POS-6B16F045,MER-ECDE68,2026-08-18T07:24:28.523433,2909.16,1,306.0,v2.3.0-beta,2.31,Delhi,28.7041,77.1025,1,normal,
3457c93b-5753-4156-86ca-1fb044a5709c,POS-9C17BF21,MER-B0A7FE,2026-08-18T07:27:50.663452,693.59,8,187.2,v2.1.0,19.9,Nagpur,21.1458,79.0882,1,fraud,retry_storm
92b820ae-7b2a-4af7-aa6c-c05f75159c16,POS-70E04A75,MER-F51428,2026-08-18T07:34:59.422791,1693.03,0,399.9,v2.1.1,1.59,Pune,18.5204,73.8567,1,normal,
b1f1d6b7-5ac3-4fc5-b626-16cc7eb17a8e,POS-0EF33479,MER-87BA54,2026-08-18T07:41:43.693401,3878.96,0,164.3,v2.1.1,1.88,Delhi,28.7041,77.1025,1,normal,
f0eb5576-b88d-4785-aa67-1e3f4018523a,POS-659CC7FB,MER-F997E8,2026-08-18T07:47:30.004407,3303.91,0,84.9,v2.1.1,2.38,Mumbai,19.076,72.8777,1,normal,
85849b67-2400-4e20-8073-7321d7f5d49d,POS-8D15D2C5,MER-4A3FBD,2026-08-18T07:52:16.396083,2684.84,1,277.5,v2.1.0,2.93,Nagpur,21.1458,79.0882,1,normal,
34a7eb1b-cfc2-46a6-b783-6d6dcb0af81c,POS-5B84BAFA,MER-54F0E4,2026-08-18T08:08:00.537583,4901.85,0,474.4,v2.1.1,0.66,Chennai,13.0827,80.2707,1,normal,
42578a93-2758-4604-b686-ed8113966a10,POS-4FDF65E4,MER-8FF8CA,2026-08-18T08:08:14.671909,4295.35,1,4.9,v2.1.1,2.9,Delhi,28.7041,77.1025,1,normal,
4011ad0f-dd40-44a8-977d-67896f78dc4b,POS-03C6BBBA,MER-C61A54,2026-08-18T08:11:24.369962,4977.9,1,36.1,v2.3.0-beta,1.54,Nagpur,21.1458,79.0882,1,normal,
1861fd76-ab68-4181-b84d-df34c6bcf771,POS-7B3948DF,MER-2C19A0,2026-08-18T08:13:18.916560,2475.22,0,433.5,v2.1.0,2.72,Mumbai,19.076,72.8777,1,normal,
d2f53a04-b73e-4630-a59a-ef18b5dc2474,POS-B607E194,MER-457468,2026-08-18T08:18:18.545458,894.31,1,300.8,v2.1.0,2.49,Mumbai,19.076,72.8777,1,normal,
43e0c168-bc69-48ae-953c-91359d670a0f,POS-6C1EE20B,MER-F3F810,2026-08-18T08:23:56.120119,1939.26,0,207.1,v2.1.1,2.68,Bengaluru,12.9716,77.5946,1,normal,
706335e3-a94f-483f-a3a2-4a225d517ada,POS-483FD0E6,MER-A77E7B,2026-08-18T08:41:03.233246,3619.25,0,300.6,v2.2.0,1.38,Kolkata,22.5726,88.3639,1,normal,
c0ab4e1e-8c78-48a5-abac-34e52f2baaea,POS-94086F72,MER-6D8C2C,2026-08-18T08:42:15.315369,960.61,0,477.2,v2.1.0,1.54,Mumbai,19.076,72.8777,1,normal,
4bce01b8-17f7-4a04-b12e-aeb9d436143c,POS-AD42C2FB,MER-96DF46,2026-08-18T08:50:51.522844,585.5,0,352.4,v2.1.1,1.66,Mumbai,19.076,72.8777,1,normal,
7cff84e4-058a-492e-9b03-61d1ea38fb08,POS-CBC618C2,MER-07EDD3,2026-08-18T09:25:03.853017,4538.5,1,41.0,v2.3.0-beta,2.91,Mumbai,19.076,72.8777,1,normal,
058b2bc8-7bca-430c-be4e-449d4339f58e,POS-75E7B52C,MER-837894,2026-08-18T09:32:09.726541,396.43,0,27.0,v2.2.0,2.98,Chennai,13.0827,80.2707,1,normal,
942c8e1a-c5c7-4780-b681-0ee64c12b9c8,POS-9C17BF21,MER-B0A7FE,2026-08-18T09:36:44.562430,3189.81,0,408.6,v2.1.0,1.05,Nagpur,21.1458,79.0882,1,normal,
4292bfef-70c4-4594-9090-f6fd3806175b,POS-F5C825B8,MER-3430AF,2026-08-18T09:44:39.121133,2753.02,0,51.1,v2.1.1,1.51,Pune,18.5204,73.8567,1,normal,
af1a90ae-3d79-44ae-855d-b9a0d8af08c3,POS-8E784FDD,MER-40A230,2026-08-18T09:48:17.054103,2117.0,0,283.3,v2.1.0,2.75,Pune,18.5204,73.8567,1,normal,
d89d6d40-153f-48ed-85ff-9dc27bc32ab8,POS-10016958,MER-25A16E,2026-08-18T09:51:06.191186,3741.73,0,167.2,v2.1.1,0.92,Delhi,28.7041,77.1025,1,normal,
fe492355-ca2d-45a6-8458-1c92a23a9b8f,POS-D5B36245,MER-8A9DAF,2026-08-18T09:52:00.856816,4645.9,0,101.6,v2.1.1,0.91,Kolkata,22.5726,88.3639,1,normal,
ccd22a90-632d-4e4e-ad1e-3223c4b0faa4,POS-208DB4F3,MER-C166F5,2026-08-18T10:11:41.307337,3297.09,0,58.1,v2.1.1,0.6,Delhi,28.7041,77.1025,1,normal,
aab9df82-1de4-444b-adf7-21de1900921f,POS-C2744B6C,MER-4093C0,2026-08-18T10:14:30.876453,393.45,0,301.2,v2.1.1,1.22,Nagpur,21.1458,79.0882,1,normal,
42b823f7-35da-4a14-975d-0d5353eff6c1,POS-03C6BBBA,MER-C61A54,2026-08-18T10:17:07.438903,1377.32,0,377.8,v2.3.0-beta,2.49,Nagpur,21.1458,79.0882,1,normal,
8d43599f-d539-47a5-9c1f-604c069e129a,POS-6B16F045,MER-ECDE68,2026-08-18T10:22:32.093497,576.34,0,3.9,v2.3.0-beta,0.79,Delhi,28.7041,77.1025,1,normal,
6bfc8d9e-361b-40b2-b323-9f33b78cd7c4,POS-AD5BA00A,MER-5FE21C,2026-08-18T10:44:37.854065,227.7,0,118.2,v2.3.0-beta,2.21,Pune,18.5204,73.8567,1,normal,
2f90f389-0cf1-4ff2-9e99-669d077cec9f,POS-3BD6788B,MER-FA377E,2026-08-18T10:51:19.780362,4853.66,0,223.9,v2.1.0,1.81,Pune,18.5204,73.8567,1,normal,
7b1c33a9-6d3b-4f6d-aceb-6dd226fcaebb,POS-73F6AE86,MER-2BE75A,2026-08-18T10:54:59.037250,1073.55,0,417.6,v2.3.0-beta,2.59,Chennai,13.0827,80.2707,1,normal,
e9e5d761-8f9c-4100-aeaf-8a18a8b16936,POS-BC46E34D,MER-0DC332,2026-08-18T11:02:27.317863,308.29,1,437.2,v2.2.0,1.89,Mumbai,19.076,72.8777,1,normal,
e2ce3b89-908e-46a6-bd2a-65fa24869da0,POS-36A2CBE2,MER-7D9478,2026-08-18T11:20:16.152270,981.41,0,240.2,v2.1.1,2.67,Mumbai,19.076,72.8777,1,normal,
2df6d154-ace3-4f64-9196-70800f0cdf64,POS-28402991,MER-833A0C,2026-08-18T11:30:32.086140,2867.3,0,391.4,v2.1.1,1.25,Hyderabad,17.385,78.4867,1,normal,
d8262f9f-5f52-4af5-bcf1-9d475682b31d,POS-1AF2A398,MER-9A9BF3,2026-08-18T11:35:14.696152,4268.63,0,401.0,v2.1.1,1.28,Chennai,13.0827,80.2707,1,normal,
fe0ff034-d270-459c-8a1a-cc036797e621,POS-BC46E34D,MER-0DC332,2026-08-18T11:36:55.937702,2056.53,0,313.8,v2.2.0,2.26,Mumbai,19.076,72.8777,1,normal,
399ad633-35b0-47c0-baf3-453897723423,POS-CBC618C2,MER-07EDD3,2026-08-18T11:39:53.399404,483.61,1,371.0,v2.3.0-beta,1.54,Mumbai,19.076,72.8777,1,normal,
e2f04283-c118-47ec-aef4-6387892476d7,POS-47CB19EB,MER-7848E9,2026-08-18T11:52:50.622826,2992.45,0,157.2,v2.2.0,2.76,Bengaluru,12.9716,77.5946,1,normal,
14139adf-ebc9-4b44-b915-7a70cc9bcc3e,POS-E9D66DA1,MER-38119E,2026-08-18T12:02:05.698271,2904.62,0,246.8,v2.1.1,1.09,Pune,18.5204,73.8567,1,normal,
048251c0-d603-4bd8-951b-2c0f054819a1,POS-AD5BA00A,MER-5FE21C,2026-08-18T12:15:00.217860,1706.05,0,442.2,v2.3.0-beta,1.1,Pune,18.5204,73.8567,1,normal,
b9de43a2-5717-40ab-bd83-120fe6784618,POS-5CD2AFE7,MER-C65F5C,2026-08-18T12:35:46.733362,3472.61,1,379.5,v2.3.0-beta,1.06,Hyderabad,17.385,78.4867,1,normal,
e766d3cd-de18-45b0-a8ac-6008f65d0ba3,POS-FC80D3D1,MER-FD74EE,2026-08-18T13:04:59.337584,2891.31,0,281.3,v2.1.1,1.32,Mumbai,19.076,72.8777,1,normal,
7eca64f6-4f1e-4beb-aac6-43cb06a6a17f,POS-055D6FBC,MER-294500,2026-08-18T13:05:04.977117,5492.94,0,0.7,v2.2.0,9.33,Hyderabad,17.385,78.4867,0,fraud,device_spoof
1761b37c-b242-4c06-989d-ad1cfd37337f,POS-6C1EE20B,MER-F3F810,2026-08-18T13:19:12.114886,4474.64,0,463.2,v2.1.1,0.78,Bengaluru,12.9716,77.5946,1,normal,
6afb1ae3-5f27-46e4-94a1-622dcd9f8a5d,POS-36A2CBE2,MER-7D9478,2026-08-18T13:20:03.733295,1266.32,1,491.9,v2.1.1,0.6,Mumbai,19.076,72.8777,1,normal,
68dfe704-2342-478c-891c-0ed3c569119a,POS-1B73B11B,MER-95FEFA,2026-08-18T13:20:47.446404,315.0,1,63.8,v2.2.0,2.18,Hyderabad,17.385,78.4867,1,normal,
d12c461e-aefc-4f6a-9ef7-b037c11921c4,POS-77B485D3,MER-340AFB,2026-08-18T13:23:13.315746,4211.42,0,334.3,v2.1.0,1.73,Delhi,28.7041,77.1025,1,normal,
f5c26e21-3db7-41e0-9c93-91834961f842,POS-D3B57689,MER-58F164,2026-08-18T13:31:29.248578,2898.4,0,350.3,v2.2.0,2.26,Hyderabad,17.385,78.4867,1,normal,
33c12f48-de29-4db2-8a78-d7d8575ea415,POS-A8756576,MER-414EF8,2026-08-18T13:31:37.603546,4476.62,0,52.1,v2.1.0,0.98,Pune,18.5204,73.8567,1,normal,
d1808978-1dd9-4b71-8b0d-0e2c6bd23170,POS-76F7895E,MER-F17607,2026-08-18T13:37:34.181383,373.62,0,441.5,v2.1.1,0.83,Pune,18.5204,73.8567,1,normal,
5be21c43-b476-469c-8688-2b73c22c5513,POS-8BA2BC27,MER-CDDE89,2026-08-18T13:57:03.511316,2523.43,0,131.0,v2.1.1,1.0,Bengaluru,12.9716,77.5946,1,normal,
ffb75a60-4d49-4535-affb-69b93a2a7cc5,POS-3BD6788B,MER-FA377E,2026-08-18T14:07:59.769861,1158.01,0,318.9,v2.1.0,0.94,Pune,18.5204,73.8567,1,normal,
e17f1457-03fa-4f0d-9527-2a4fdb1ce53c,POS-D1DB24C2,MER-26B633,2026-08-18T14:22:13.153413,3115.19,0,325.8,v2.3.0-beta,2.19,Hyderabad,17.385,78.4867,1,normal,
d89844e6-f2c7-414a-b497-eeda81d10f36,POS-AD42C2FB,MER-96DF46,2026-08-18T14:32:22.100400,4663.61,0,8.2,v2.1.1,0.72,Mumbai,19.076,72.8777,1,normal,
e1d0383d-628d-4eb2-aef5-08d51e9b450d,POS-80C06FB8,MER-0D360C,2026-08-18T15:29:42.035908,3416.6,1,184.6,v2.1.0,2.48,Delhi,28.7041,77.1025,1,normal,
beba59fd-7966-4e6d-b170-edfca61d0d32,POS-3637119B,MER-7355A0,2026-08-18T15:37:36.478004,2711.8,0,349.3,v2.1.1,2.31,Hyderabad,17.385,78.4867,1,normal,
b4c4b12b-a8db-4260-9222-d5f6afa7f1b0,POS-F1400661,MER-644B55,2026-08-18T15:42:40.743592,2848.89,0,69.5,v2.1.1,2.24,Chennai,13.0827,80.2707,1,normal,
02058fe7-184f-4ebe-94aa-19f053d8fa9c,POS-6B16F045,MER-ECDE68,2026-08-18T16:00:40.962473,2709.84,0,219.8,v2.3.0-beta,2.57,Delhi,28.7041,77.1025,1,normal,
cc31cf58-28de-434b-80c5-4be68631694e,POS-0E2B0643,MER-16DFEB,2026-08-18T16:05:45.082777,3804.54,1,382.1,v2.3.0-beta,0.59,Bengaluru,12.9716,77.5946,1,normal,
50aef00f-d2ac-4d44-bfad-1c01e6ae8154,POS-FCC69214,MER-85878E,2026-08-18T16:13:30.619198,1161.51,0,459.3,v2.2.0,1.83,Hyderabad,17.385,78.4867,1,normal,
6f037705-f1a8-4e81-93b9-f4e20da0b043,POS-D122D405,MER-F03908,2026-08-18T16:23:04.764107,2061.57,0,463.0,v2.1.0,1.09,Mumbai,19.076,72.8777,1,normal,
a485ad60-5513-451e-b844-3f582f12a9cf,POS-F1C56238,MER-7963AE,2026-08-18T16:37:13.905420,2663.91,8,380.5,v2.2.0,19.28,Kolkata,22.5726,88.3639,1,fraud,retry_storm
1d453a6f-0562-40e8-bdfe-e54d5d25ddf3,POS-AB472E48,MER-7D45F8,2026-08-18T16:37:20.248985,4655.84,1,27.6,v2.1.0,1.76,Bengaluru,12.9716,77.5946,1,normal,
7630e569-8126-42e1-80c6-d6b865e1ce7e,POS-862B6369,MER-4CCB87,2026-08-18T16:39:21.995823,862.51,1,68.1,v2.1.1,2.29,Nagpur,21.1458,79.0882,1,normal,
5b02e304-c88e-4d57-8c9b-3d29fe00c7ea,POS-B9828EE6,MER-E676A0,2026-08-18T16:53:52.292223,511.79,0,442.3,v2.2.0,2.52,Pune,18.5204,73.8567,1,normal,
c9198eff-8690-4f5b-829b-f768e1b34829,POS-9CD505AA,MER-1F157D,2026-08-18T16:55:17.258834,4096.62,0,35.7,v2.1.1,0.68,Pune,18.5204,73.8567,1,normal,
268f5546-0cee-484d-b6e4-55f8b28dea58,POS-6C3D83AB,MER-BCAE45,2026-08-18T16:58:03.353983,1477.97,0,494.4,v2.1.0,2.38,Bengaluru,12.9716,77.5946,1,normal,
9cdefb47-69e3-46e9-b75d-05a048225b98,POS-3BF5E359,MER-A82822,2026-08-18T16:59:00.492665,3608.24,0,423.9,v2.2.0,1.11,Mumbai,19.076,72.8777,1,normal,
e93c8fdc-b5a1-42cf-9909-5f7f9323ca0c,POS-8E784FDD,MER-40A230,2026-08-18T17:01:14.967337,2084.93,1,491.6,v2.1.0,0.75,Pune,18.5204,73.8567,1,normal,
4ba84305-96e7-4691-a7d5-bcbe6b69076d,POS-DD8321BF,MER-250C33,2026-08-18T17:10:45.786348,1612.2,0,258.2,v2.1.0,2.97,Pune,18.5204,73.8567,1,normal,
cbfb52e5-ea13-45b7-bda7-9b78c02e34b5,POS-CD16D1EF,MER-7BDF7F,2026-08-18T17:12:01.649267,1085.73,0,392.5,v2.1.0,2.48,Mumbai,19.076,72.8777,1,normal,
ff7d7a4e-c523-4f79-8ed1-f22f0239851d,POS-383A0EE8,MER-ECE86F,2026-08-18T17:13:27.452948,427.45,0,404.4,v2.1.1,2.68,Mumbai,19.076,72.8777,1,normal,
80bb3900-d447-41f5-973f-f1171cf02711,POS-34F01FAC,MER-FE16C9,2026-08-18T17:28:16.519555,627.41,1,196.9,v2.1.1,1.05,Chennai,13.0827,80.2707,1,normal,
d90a274e-770a-41a7-9773-39bce474710a,POS-8D15D2C5,MER-4A3FBD,2026-08-18T17:46:56.400834,4366.96,0,299.5,v2.1.0,1.39,Nagpur,21.1458,79.0882,1,normal,
946b727f-ef0c-4145-9d38-169aa188280f,POS-B7140521,MER-A41052,2026-08-18T17:56:11.382176,178.51,0,197.7,v2.1.0,1.98,Nagpur,21.1458,79.0882,1,normal,
466a5286-91a5-4f77-b90e-36fe7b609316,POS-D5B36245,MER-8A9DAF,2026-08-18T17:57:48.950973,4433.12,0,3.5,v2.1.1,0.72,Kolkata,22.5726,88.3639,1,normal,
54246765-8fd0-4750-b150-0340b9fef92a,POS-982191FD,MER-C18197,2026-08-18T18:02:17.821913,3140.58,1,349.0,v2.2.0,2.72,Delhi,28.7041,77.1025,1,normal,
ba5cb4e6-5ae3-40f8-a70c-3c9aba108548,POS-A22B806C,MER-66332B,2026-08-18T18:42:08.800808,3350.22,0,266.3,v2.1.1,1.06,Delhi,28.7041,77.1025,1,normal,
afaf4497-8c69-471e-9f6e-8612db212045,POS-DEE4DD42,MER-D53081,2026-08-18T18:44:50.852382,1117.13,1,2.0,v2.1.0,1.87,Mumbai,19.076,72.8777,1,normal,
3bb1c74a-9883-4407-b2f2-d31c270bde64,POS-38B8A946,MER-7808DD,2026-08-18T19:09:55.812924,3489.77,0,1.5,v2.3.0-beta,1.61,Nagpur,21.1458,79.0882,1,normal,
8faeb547-78db-4ee3-92b0-886e0392cdbf,POS-862B6369,MER-4CCB87,2026-08-18T19:15:11.633170,2833.55,1,475.2,v2.1.1,1.41,Nagpur,21.1458,79.0882,1,normal,
fce2498a-4efd-4c4a-b43b-1ed23ed00f90,POS-4FA685DF,MER-202A96,2026-08-18T19:17:39.166005,971.48,0,5.4,v2.3.0-beta,1.58,Hyderabad,17.385,78.4867,1,normal,
e02290c1-7dee-4810-addd-41e55d306b66,POS-D8B3BBA8,MER-81983E,2026-08-18T19:19:24.216619,1657.34,0,179.1,v2.3.0-beta,2.4,Hyderabad,17.385,78.4867,1,normal,
2dfbedbd-ce5b-4fd2-b5bc-ec1012335777,POS-A77B64DE,MER-1A5D0B,2026-08-18T19:23:34.804744,4083.55,0,472.1,v2.1.0,2.87,Kolkata,22.5726,88.3639,1,normal,
d5027c03-068f-4405-88d3-9cad7854f683,POS-0BC87AB9,MER-FCAB0C,2026-08-18T19:57:41.736336,3808.81,0,447.6,v2.1.0,1.62,Nagpur,21.1458,79.0882,1,normal,
08033441-5d54-41b1-aac9-48290cc7aa15,POS-43D83AB1,MER-C30AE6,2026-08-18T20:04:31.691144,102.83,0,105.1,v2.2.0,0.57,Kolkata,22.5726,88.3639,1,normal,
67dbaa44-3af8-4d21-8efe-eabda7b6cddf,POS-0EF33479,MER-87BA54,2026-08-18T20:21:10.416457,1106.01,0,219.5,v2.1.1,1.81,Delhi,28.7041,77.1025,1,normal,
574a9690-a8a3-4b8a-94a7-f67663b9f999,POS-F967E1DC,MER-6F1422,2026-08-18T20:34:56.167929,1684.2,0,498.2,v2.2.0,0.71,Nagpur,21.1458,79.0882,1,normal,
25131966-8fd4-48e7-9248-e010cf1568fa,POS-0E673AA4,MER-A73341,2026-08-18T20:39:22.130858,4604.96,0,87.5,v2.2.0,1.59,Hyderabad,17.385,78.4867,1,normal,
3a6a2cb2-d08d-4d4c-8fab-0494a1506dac,POS-77B485D3,MER-340AFB,2026-08-18T20:46:13.850186,3037.86,1,2.3,v2.1.0,1.93,Delhi,28.7041,77.1025,1,normal,
02b2e1c6-a67a-45e1-8986-8a1ecb4a5209,POS-03C6BBBA,MER-C61A54,2026-08-18T21:19:56.586233,1741.56,0,22.9,v2.3.0-beta,1.14,Nagpur,21.1458,79.0882,1,normal,
7a3fcbcb-2545-42fd-9434-917f73f621a5,POS-B7140521,MER-A41052,2026-08-18T21:29:59.214583,4599.8,0,106.5,v2.1.0,2.67,Nagpur,21.1458,79.0882,1,normal,
b33b5222-0305-41bf-8d93-af09086dfad8,POS-D122D405,MER-F03908,2026-08-18T21:36:42.373333,1275.5,0,85.0,v2.1.0,2.12,Mumbai,19.076,72.8777,1,normal,
f4266d69-aedc-4731-8c6a-5dd632925fcc,POS-3BD6788B,MER-FA377E,2026-08-18T22:02:44.623283,2339.23,1,464.0,v2.1.0,0.64,Pune,18.5204,73.8567,1,normal,
b2ce72c9-3a40-4743-9477-d9ea6c9430a3,POS-03C6BBBA,MER-C61A54,2026-08-18T22:19:31.319494,2542.71,0,12.8,v2.3.0-beta,2.49,Nagpur,21.1458,79.0882,1,normal,
43d8c48a-633e-4efa-a2e7-4422c0c535af,POS-8E1D47A7,MER-9204E3,2026-08-18T22:19:53.165705,4317.02,1,59.0,v2.1.0,0.67,Delhi,28.7041,77.1025,1,normal,
84aab44f-d237-467a-b8fc-3aec7a4c8958,POS-862B6369,MER-4CCB87,2026-08-18T22:23:39.690746,2535.32,0,350.0,v2.1.1,2.12,Nagpur,21.1458,79.0882,1,normal,
a14cad93-af31-4df8-a2c7-3b7826a54988,POS-208DB4F3,MER-C166F5,2026-08-18T22:34:43.161965,4617.6,0,187.6,v2.1.1,1.38,Delhi,28.7041,77.1025,1,normal,
911f907d-8579-4161-976c-df70ef0e57ec,POS-6C1EE20B,MER-F3F810,2026-08-18T22:37:49.547283,4913.55,0,176.5,v2.1.1,1.36,Bengaluru,12.9716,77.5946,1,normal,
12f79d27-8171-440f-910f-f05f2959dd88,POS-80C06FB8,MER-0D360C,2026-08-18T22:40:49.376252,4802.1,0,490.8,v2.1.0,2.76,Delhi,28.7041,77.1025,1,normal,
ec29d0df-e725-44e1-9f34-ca393ae8bac9,POS-F5C825B8,MER-3430AF,2026-08-18T22:45:21.219630,3300.22,0,355.2,v2.1.1,2.3,Pune,18.5204,73.8567,1,normal,
e510e0ec-7e20-4a75-b51d-2d7f08ee4a01,POS-9C17BF21,MER-B0A7FE,2026-08-18T22:47:48.985269,1811.19,1,255.0,v2.1.0,0.96,Nagpur,21.1458,79.0882,1,normal,
70b898e0-1390-4c7d-bb9e-0be6ae877011,POS-CC26C0E8,MER-0D1C10,2026-08-18T22:52:02.223238,4300.86,1,356.9,v2.1.0,2.85,Delhi,28.7041,77.1025,1,normal,
633ae78e-fc70-4842-8307-ecfc3773933d,POS-105BE397,MER-3B97DB,2026-08-18T22:54:48.624836,887.61,0,258.7,v2.1.0,2.85,Chennai,13.0827,80.2707,1,normal,
4e4c5648-5135-4757-9e05-8812713a81ef,POS-0AE6C0D2,MER-897854,2026-08-18T22:59:22.003175,4105.74,1,84.5,v2.1.1,0.58,Kolkata,22.5726,88.3639,1,normal,
108455b7-387d-4d64-b234-d1c7a415ef1f,POS-43D83AB1,MER-C30AE6,2026-08-18T23:06:16.714690,3719.82,0,332.5,v2.2.0,1.5,Kolkata,22.5726,88.3639,1,normal,
bdffcc1a-7ce3-4a3f-a62e-5d34b2eff0aa,POS-AB472E48,MER-7D45F8,2026-08-18T23:22:57.249724,141.73,11,375.6,v2.1.0,14.35,Bengaluru,12.9716,77.5946,1,fraud,retry_storm
78752dfa-5474-4eda-9ec2-318c4d741753,POS-36A2CBE2,MER-7D9478,2026-08-18T23:29:01.771918,1089.88,0,333.8,v2.1.1,1.38,Mumbai,19.076,72.8777,1,normal,
0bafc9bd-ee40-46e9-b9d0-6d3cafe744b9,POS-F66B7F18,MER-589763,2026-08-18T23:37:34.548757,2273.88,0,133.4,v2.2.0,2.2,Pune,18.5204,73.8567,1,normal,
0f8b9017-5255-4aee-94bf-7c78c99b5372,POS-4FDF65E4,MER-8FF8CA,2026-08-18T23:44:11.670785,2287.29,0,400.2,v2.1.1,2.86,Delhi,28.7041,77.1025,1,normal,
2140f3e8-13ac-448e-ad22-3f4ced6c0e76,POS-520C7452,MER-52D41B,2026-08-18T23:48:06.313772,3229.52,0,244.3,v2.2.0,2.19,Kolkata,22.5726,88.3639,1,normal,
3f8bea31-d334-4cec-a387-5a99d8667312,POS-73F6AE86,MER-2BE75A,2026-08-18T23:50:59.213320,4036.88,1,330.6,v2.3.0-beta,2.2,Chennai,13.0827,80.2707,1,normal,
81f763a8-d5dd-4f26-a03e-d265c8493d04,POS-D8B3BBA8,MER-81983E,2026-08-18T23:56:19.625157,4388.21,0,84.2,v2.3.0-beta,1.55,Hyderabad,17.385,78.4867,1,normal,
e8e9342b-6d20-463b-89c6-4f09ed75e993,POS-B27C0D31,MER-6BDAEB,2026-08-19T00:05:01.482526,740.15,0,154.7,v2.1.1,1.5,Pune,18.5204,73.8567,1,normal,
100bbb72-a3fc-4feb-a5b9-67f4c7503e5e,POS-52FC2A7B,MER-31B3EE,2026-08-19T00:10:12.280899,2763.62,1,188.0,v2.1.1,1.27,Delhi,28.7041,77.1025,1,normal,
f0789a0c-cd6a-4415-8efc-dad85efad2b1,POS-75E7B52C,MER-837894,2026-08-19T00:16:33.401235,2064.68,0,336.2,v2.2.0,2.71,Chennai,13.0827,80.2707,1,normal,
6d2523b7-8507-4357-b4d5-a3ea8539e2ad,POS-0EF33479,MER-87BA54,2026-08-19T00:34:49.883979,3404.17,0,37.9,v2.1.1,2.86,Delhi,28.7041,77.1025,1,normal,
82a41e97-4e00-4be4-8b8f-84f8a7f3ef06,POS-F66B7F18,MER-589763,2026-08-19T00:48:51.055070,3241.89,0,199.7,v2.2.0,0.97,Pune,18.5204,73.8567,1,normal,
e63b1bb7-edc8-46ad-aeea-0d02a54932c1,POS-5EB40BC5,MER-FF8806,2026-08-19T01:11:34.029288,2772.9,0,422.6,v2.1.0,1.53,Kolkata,22.5726,88.3639,1,normal,
7bac2b7f-6ca7-400d-9a67-8a10d9b1afa4,POS-7B492CC9,MER-70B109,2026-08-19T01:24:39.256155,278.08,1,486.2,v2.1.0,2.17,Mumbai,19.076,72.8777,1,normal,
85d0d6a2-c153-47fb-9eef-9fc72be70711,POS-7249E858,MER-AE0327,2026-08-19T01:33:46.376145,3198.86,0,378.8,v2.3.0-beta,2.15,Kolkata,22.5726,88.3639,1,normal,
940eb18e-c94e-4d04-aa20-499e17d5cc0f,POS-43D83AB1,MER-C30AE6,2026-08-19T01:49:24.013804,915.33,0,419.9,v2.2.0,1.78,Kolkata,22.5726,88.3639,1,normal,
1fa58231-1fc7-43e0-919e-96e9b44486d9,POS-0E673AA4,MER-A73341,2026-08-19T01:51:30.919932,2449.08,0,94.0,v2.2.0,1.75,Hyderabad,17.385,78.4867,1,normal,
bb409241-911b-4f45-b63f-dcc5dea03636,POS-B607E194,MER-457468,2026-08-19T01:54:27.656302,1010.38,1,231.4,v2.1.0,1.2,Mumbai,19.076,72.8777,1,normal,
08084eb4-e0c1-4b47-9356-50db10a42516,POS-A77B64DE,MER-1A5D0B,2026-08-19T02:02:41.958505,1804.12,1,348.8,v2.1.0,1.1,Kolkata,22.5726,88.3639,1,normal,
d8e71051-7433-4782-921d-bb6f812b0e80,POS-1B73B11B,MER-95FEFA,2026-08-19T02:04:31.639667,3530.3,0,173.6,v2.2.0,0.68,Hyderabad,17.385,78.4867,1,normal,
c6d31d00-8beb-409a-bb30-e9edb24a30fc,POS-520C7452,MER-52D41B,2026-08-19T02:09:49.115719,3549.49,0,4.6,v2.2.0,2.96,Kolkata,22.5726,88.3639,1,normal,
3ed02031-709c-45d5-97f3-201831a3330e,POS-E566E75E,MER-4CD30C,2026-08-19T02:11:17.197314,4166.63,0,296.6,v2.2.0,0.91,Nagpur,21.1458,79.0882,1,normal,
1d8b2bff-3392-4333-be7d-e13ee104e9ce,POS-BB1E7F2D,MER-6350FC,2026-08-19T02:13:02.519024,1502.31,1,70.8,v2.2.0,1.73,Nagpur,21.1458,79.0882,1,normal,
bbe414d3-1301-4747-93ff-97765869e310,POS-3BF5E359,MER-A82822,2026-08-19T02:22:11.642250,2340.86,0,289.1,v2.2.0,1.5,Mumbai,19.076,72.8777,1,normal,
cf5ba192-0812-4fa2-b24f-5432f9d65aaf,POS-1D6FD4E1,MER-F1C4E7,2026-08-19T02:24:05.152763,4220.67,0,494.5,v2.1.0,1.2,Chennai,13.0827,80.2707,1,normal,
19b22d85-643e-423b-be88-fa09fe9057a1,POS-75E7B52C,MER-837894,2026-08-19T02:56:51.591809,706.12,0,31.4,v2.2.0,1.07,Chennai,13.0827,80.2707,1,normal,
25680c5f-709a-44e7-8a92-9829fcfc452b,POS-87CA5368,MER-503568,2026-08-19T03:01:32.581744,2780.39,1,327.3,v2.3.0-beta,0.87,Pune,18.5204,73.8567,1,normal,
754287ec-76cb-4914-a9b8-4386b1343acc,POS-EF533CFF,MER-837BC2,2026-08-19T03:11:00.195721,3341.78,0,400.9,v2.2.0,2.24,Nagpur,21.1458,79.0882,1,normal,
2f61a3e7-2e74-4df8-99bf-72a311c59459,POS-2D6C822A,MER-CA6F11,2026-08-19T03:44:08.057419,3129.49,0,426.4,v2.1.0,2.22,Kolkata,22.5726,88.3639,1,normal,
3c771357-3a58-4d56-83f9-ee872d8c64b1,POS-34F01FAC,MER-FE16C9,2026-08-19T04:02:14.977327,4141.82,0,30.8,v2.1.1,2.48,Chennai,13.0827,80.2707,1,normal,
3dbb9211-76d5-43a4-9bd9-488506413403,POS-C72F113B,MER-DDFFD5,2026-08-19T04:11:36.621954,2085.83,0,497.7,v2.3.0-beta,0.69,Bengaluru,12.9716,77.5946,1,normal,
8286046b-a13a-45ab-b288-0ab784dabd06,POS-0AE6C0D2,MER-897854,2026-08-19T04:12:11.032486,1039.93,0,211.4,v2.1.1,2.97,Kolkata,22.5726,88.3639,1,normal,
a13aba01-a95f-4472-97bf-e43cc81ddb1b,POS-659CC7FB,MER-F997E8,2026-08-19T04:16:59.206130,2434.18,0,402.5,v2.1.1,1.6,Mumbai,19.076,72.8777,1,normal,
615454e2-2cad-4576-8dee-733cae7e174c,POS-FCC69214,MER-85878E,2026-08-19T04:49:10.418284,2564.22,1,357.7,v2.2.0,0.8,Hyderabad,17.385,78.4867,1,normal,
66bbe052-fc88-458c-9e9f-f1a48cf91025,POS-C2744B6C,MER-4093C0,2026-08-19T04:49:33.316782,3784.67,0,461.4,v2.1.1,2.77,Nagpur,21.1458,79.0882,1,normal,
172f2fb6-30dd-4214-9eff-e30df28ec790,POS-D5F8541B,MER-EFC947,2026-08-19T04:50:27.496335,464.9,1,129.6,v2.2.0,0.51,Bengaluru,12.9716,77.5946,1,normal,
9e0626a4-c4fd-4c6e-aa8e-0c78187563bc,POS-1AF2A398,MER-9A9BF3,2026-08-19T04:51:47.212438,3707.89,1,185.5,v2.1.1,0.94,Chennai,13.0827,80.2707,1,normal,
e10e5429-dac7-477b-ab72-567b6b33eda3,POS-D5F8541B,MER-EFC947,2026-08-19T04:52:12.501765,4517.64,1,393.6,v2.2.0,1.89,Bengaluru,12.9716,77.5946,1,normal,
5b8cff4e-2e21-4790-86b9-6a73136f280b,POS-E2ABAA01,MER-94FBB2,2026-08-19T04:59:12.224338,374.23,0,58.1,v2.1.0,0.92,Nagpur,21.1458,79.0882,1,normal,
41b9f2c0-2a44-444e-9fd6-460a70796936,POS-43D83AB1,MER-C30AE6,2026-08-19T05:00:43.219059,125.97,0,205.6,v2.2.0,2.14,Kolkata,22.5726,88.3639,1,normal,
24b61b4f-23e0-4bdc-b71f-a52670125df3,POS-70E04A75,MER-F51428,2026-08-19T05:05:46.096026,3738.6,0,388.1,v2.1.1,1.08,Pune,18.5204,73.8567,1,normal,
83bb920d-1641-4f48-aedd-23c0f04f796c,POS-FCC69214,MER-85878E,2026-08-19T05:07:04.111076,538.32,0,446.3,v2.2.0,2.28,Hyderabad,17.385,78.4867,1,normal,
bc0a1ddc-48fd-4668-b38d-746c40ebf8dd,POS-43D83AB1,MER-C30AE6,2026-08-19T05:07:06.496524,3607.88,0,245.7,v2.2.0,2.74,Kolkata,22.5726,88.3639,1,normal,
0855da69-89a9-4db4-87fc-641d246aea3b,POS-6C1EE20B,MER-F3F810,2026-08-19T05:12:27.382343,385.16,1,262.4,v2.1.1,2.88,Bengaluru,12.9716,77.5946,1,normal,
621f6804-a857-487d-a5b0-ec9410c6b251,POS-982191FD,MER-C18197,2026-08-19T05:16:23.411486,827.31,0,354.4,v2.2.0,2.4,Delhi,28.7041,77.1025,1,normal,
8b00b9a0-e5bf-4954-9b8a-87bf42c6cb78,POS-B7140521,MER-A41052,2026-08-19T05:17:58.426151,4583.25,0,303.8,v2.1.0,0.58,Nagpur,21.1458,79.0882,1,normal,
42ad5b52-86df-401b-b729-700e99746d10,POS-7F1981DF,MER-B33B9B,2026-08-19T05:41:46.221694,2836.83,1,378.7,v2.2.0,2.11,Nagpur,21.1458,79.0882,1,normal,
34ae01a9-9fef-457a-96c6-4905b45d222a,POS-34F01FAC,MER-FE16C9,2026-08-19T05:41:55.955717,176.4,0,404.2,v2.1.1,1.78,Chennai,13.0827,80.2707,1,normal,
7bdc9cf7-8211-4561-b89b-c84ccbad2d20,POS-EBF11023,MER-16D60A,2026-08-19T06:05:05.884682,2536.85,1,135.9,v2.2.0,0.57,Hyderabad,17.385,78.4867,1,normal,
5a2bab85-2293-4ed6-913e-a51d6f37018a,POS-CD16D1EF,MER-7BDF7F,2026-08-19T06:06:00.745940,1831.55,0,100.4,v2.1.0,1.21,Mumbai,19.076,72.8777,1,normal,
d8a6efe5-4f05-41e9-9d41-26cdbeee3bd2,POS-D3B57689,MER-58F164,2026-08-19T06:13:40.092184,3987.99,0,133.0,v2.2.0,1.33,Hyderabad,17.385,78.4867,1,normal,
7f247720-7c2f-4fa2-9990-c9d1840ff731,POS-BC2D02AD,MER-18BAD6,2026-08-19T06:21:00.965958,916.57,0,467.0,v2.2.0,0.59,Kolkata,22.5726,88.3639,1,normal,
1513c70d-8549-4bfb-b52e-2034aa4811d2,POS-38B8A946,MER-7808DD,2026-08-19T06:46:13.795737,3063.36,0,461.6,v2.3.0-beta,2.59,Nagpur,21.1458,79.0882,1,normal,
61f82591-6463-480f-8b8c-8c53b2db7a8c,POS-38B8A946,MER-7808DD,2026-08-19T07:04:32.748354,2833.81,1,279.1,v2.3.0-beta,0.84,Nagpur,21.1458,79.0882,1,normal,
628bb226-3a20-43f7-b146-b406d8f4aeb7,POS-10016958,MER-25A16E,2026-08-19T07:15:38.522178,2782.79,0,191.0,v2.1.1,1.83,Delhi,28.7041,77.1025,1,normal,
116ace2c-26ea-4c38-a837-815f594f62f9,POS-D5B36245,MER-8A9DAF,2026-08-19T07:19:22.210308,1145.77,0,318.1,v2.1.1,1.66,Kolkata,22.5726,88.3639,1,normal,
3a5fe2cd-0401-4189-918e-d2b5d4648d5e,POS-F5C825B8,MER-3430AF,2026-08-19T07:21:09.981377,2553.74,0,418.7,v2.1.1,0.82,Pune,18.5204,73.8567,1,normal,
4132cdf0-4b6d-46af-9d5a-41aa9e77768b,POS-9CD505AA,MER-1F157D,2026-08-19T07:37:39.304547,3175.2,1,394.9,v2.1.1,1.19,Pune,18.5204,73.8567,1,normal,
5ee69b6a-98d9-4a03-a403-e48340814843,POS-CBA73359,MER-269861,2026-08-19T07:47:37.440763,12.39,1,224.7,v2.1.1,0.67,Hyderabad,17.385,78.4867,1,fraud,card_testing
2bfffb1e-8f62-4c06-8e80-cbb573e94719,POS-CBA73359,MER-269861,2026-08-19T07:47:39.855611,15.53,2,108.2,v2.1.1,1.23,Hyderabad,17.385,78.4867,1,fraud,card_testing
3c3eb527-a3f9-4acb-881f-29cf8d5f7341,POS-CBA73359,MER-269861,2026-08-19T07:47:41.226142,17.6,2,371.9,v2.1.1,1.18,Hyderabad,17.385,78.4867,1,fraud,card_testing
09e3825d-c26f-41c8-90c5-7048d7cecec0,POS-CBA73359,MER-269861,2026-08-19T07:47:41.449978,16.0,1,60.4,v2.1.1,1.0,Hyderabad,17.385,78.4867,1,fraud,card_testing
3cb10487-634a-43f5-acaa-87c5cd3cf9fb,POS-CBA73359,MER-269861,2026-08-19T07:47:43.985896,4.71,2,109.7,v2.1.1,0.4,Hyderabad,17.385,78.4867,1,fraud,card_testing
337c7c58-ae8f-4897-a088-1e150207d919,POS-CBA73359,MER-269861,2026-08-19T07:47:49.868697,19.62,1,100.5,v2.1.1,0.65,Hyderabad,17.385,78.4867,1,fraud,card_testing
b56ced53-e04e-49fa-b657-805f9e7aa9d6,POS-CBA73359,MER-269861,2026-08-19T07:47:54.511261,14.0,1,91.6,v2.1.1,0.83,Hyderabad,17.385,78.4867,1,fraud,card_testing
76751fe8-096b-448b-bfdf-7649365b3a91,POS-CBA73359,MER-269861,2026-08-19T07:47:55.960293,4.86,1,116.5,v2.1.1,0.91,Hyderabad,17.385,78.4867,1,fraud,card_testing
d6995672-754b-49bb-96d4-39dd31a10547,POS-CBA73359,MER-269861,2026-08-19T07:47:59.861772,4.46,0,257.0,v2.1.1,0.91,Hyderabad,17.385,78.4867,1,fraud,card_testing
d2120868-cfde-421d-8298-c9375f043777,POS-CBA73359,MER-269861,2026-08-19T07:48:00.978584,14.08,0,412.9,v2.1.1,0.93,Hyderabad,17.385,78.4867,1,fraud,card_testing
6ecb9b86-1e70-4a16-89a5-72cd37d8ab74,POS-CBA73359,MER-269861,2026-08-19T07:48:01.838334,10.03,0,143.3,v2.1.1,0.97,Hyderabad,17.385,78.4867,1,fraud,card_testing
1d0baf37-9692-45cd-986e-18c32905bc7e,POS-CBA73359,MER-269861,2026-08-19T07:48:10.460623,16.43,2,35.1,v2.1.1,1.25,Hyderabad,17.385,78.4867,1,fraud,card_testing
0ad143de-0be2-4fdd-ad5c-8fb5a57ee5a4,POS-9C17BF21,MER-B0A7FE,2026-08-19T08:03:32.718530,4779.78,0,131.7,v2.1.0,0.63,Nagpur,21.1458,79.0882,1,normal,
09dd45f2-53ab-44a0-9da7-706232b100c1,POS-CC8EC905,MER-15DD11,2026-08-19T08:17:21.135579,1214.4,0,464.3,v2.1.0,2.12,Hyderabad,17.385,78.4867,1,normal,
5c19a5af-667f-4853-ad10-1c73fce73209,POS-B37501A9,MER-DC9CFB,2026-08-19T08:22:51.488050,4616.33,1,100.5,v2.2.0,1.32,Bengaluru,12.9716,77.5946,1,normal,
2d593610-f06b-45d9-96db-f88f71498988,POS-87D47970,MER-BF7D1A,2026-08-19T08:38:43.167536,953.38,0,93.6,v2.1.0,1.98,Pune,18.5204,73.8567,1,normal,
f129292b-e6a4-4128-8075-1bec2346d56d,POS-B37501A9,MER-DC9CFB,2026-08-19T08:39:48.403225,2645.71,0,96.8,v2.2.0,1.82,Bengaluru,12.9716,77.5946,1,normal,
5730bbbf-1423-48df-acf9-c3f53821bcd5,POS-E2ABAA01,MER-94FBB2,2026-08-19T08:42:09.324174,3078.78,1,379.4,v2.1.0,1.32,Nagpur,21.1458,79.0882,1,normal,
d5642637-a939-413c-98d9-a7fbbe025541,POS-EDC02D19,MER-6176CA,2026-08-19T08:58:03.497901,2971.33,0,157.3,v2.1.0,1.1,Chennai,13.0827,80.2707,1,normal,
2cfe680c-fdb0-481b-9bc5-3c6f1f2551a9,POS-B41DA6C4,MER-9C5AB9,2026-08-19T09:00:32.334042,4962.81,0,351.0,v2.1.1,0.83,Mumbai,19.076,72.8777,1,normal,
9b87dd05-95a7-4830-8866-67b947ba1e26,POS-AB472E48,MER-7D45F8,2026-08-19T09:00:45.126409,469.74,0,430.9,v2.1.0,2.74,Bengaluru,12.9716,77.5946,1,normal,
add833a3-d785-46f7-9295-d687b16ad2c4,POS-3637119B,MER-7355A0,2026-08-19T09:10:25.679373,2580.79,0,48.0,v2.1.1,1.65,Hyderabad,17.385,78.4867,1,normal,
803a24d5-59b1-423d-bc75-2df8fad67d46,POS-8E784FDD,MER-40A230,2026-08-19T09:12:18.583677,2770.48,0,174.4,v2.1.0,2.54,Pune,18.5204,73.8567,1,normal,
10773a3a-9e70-4180-95fd-5782fbfe5c73,POS-D5B36245,MER-8A9DAF,2026-08-19T09:16:36.696529,4284.13,1,256.2,v2.1.1,1.47,Kolkata,22.5726,88.3639,1,normal,
8a221665-0244-4ac1-899b-addd8f7aa151,POS-D7A7B0B8,MER-0542EB,2026-08-19T09:18:03.895260,1609.88,0,349.6,v2.1.1,0.71,Nagpur,21.1458,79.0882,1,normal,
8c81e430-f778-4d8b-bd74-0a07f7d7907b,POS-BC46E34D,MER-0DC332,2026-08-19T09:25:29.544438,3707.28,0,134.0,v2.2.0,0.88,Mumbai,19.076,72.8777,1,normal,
03b28916-dc5a-493c-aa0a-f6d8bc83952d,POS-CC26C0E8,MER-0D1C10,2026-08-19T09:28:52.401042,753.34,0,40.6,v2.1.0,2.32,Delhi,28.7041,77.1025,1,normal,
3fca169c-f010-41c0-aa1e-38bc538ef0ea,POS-87CA5368,MER-503568,2026-08-19T09:49:44.563548,4263.92,1,183.9,v2.3.0-beta,1.97,Pune,18.5204,73.8567,1,normal,
d17122a6-e667-422e-8fd2-f1aff974158a,POS-B93996C3,MER-901889,2026-08-19T09:54:38.457918,1920.0,0,482.8,v2.3.0-beta,2.69,Delhi,28.7041,77.1025,1,normal,
1d916722-a415-490d-bbdf-60a6609ba4b4,POS-6439ED84,MER-ADB4F6,2026-08-19T10:00:02.850462,4490.31,0,169.6,v2.2.0,2.48,Hyderabad,17.385,78.4867,1,normal,
bb1ca1a4-c17a-462a-a0a4-c78b1a5c7a7c,POS-BB11FCF8,MER-275B28,2026-08-19T10:05:11.490463,3827.26,0,427.4,v2.1.0,1.24,Mumbai,19.076,72.8777,1,normal,
d4efa8b2-dfa3-4414-9eb9-b6272a58c381,POS-94086F72,MER-6D8C2C,2026-08-19T10:10:20.690056,2223.81,1,344.7,v2.1.0,2.25,Mumbai,19.076,72.8777,1,normal,
53948331-7943-47c4-a60a-cc3da4debb17,POS-659CC7FB,MER-F997E8,2026-08-19T10:20:16.836345,1787.57,0,435.1,v2.1.1,1.92,Mumbai,19.076,72.8777,1,normal,
8bff0ff5-299c-4eb6-bb7a-f830be44778a,POS-CBA73359,MER-269861,2026-08-19T10:25:59.111050,4274.6,1,66.4,v2.1.1,1.23,Hyderabad,17.385,78.4867,1,normal,
c140dacc-3827-4c82-8ea8-01de3837aeb2,POS-7B3948DF,MER-2C19A0,2026-08-19T10:32:42.867004,4199.74,1,219.0,v2.1.0,0.87,Mumbai,19.076,72.8777,1,normal,
6624b716-0960-4727-a211-d6a4fda896ed,POS-659CC7FB,MER-F997E8,2026-08-19T10:33:10.576401,871.43,0,73.8,v2.1.1,2.28,Mumbai,19.076,72.8777,1,normal,
d9b50fc7-a05c-46db-b18a-432619506795,POS-91659503,MER-DC751C,2026-08-19T10:37:45.161208,810.77,0,284.5,v2.1.1,2.5,Hyderabad,17.385,78.4867,1,normal,
a890990f-d29b-4201-a486-3f32972faf14,POS-5E1A46C9,MER-4361C1,2026-08-19T10:41:28.312702,1294.34,0,34.9,v2.1.1,2.68,Delhi,28.7041,77.1025,1,normal,
52aa934f-a917-42ae-85ef-076c2e54b5bf,POS-32F79BA7,MER-9F2DF0,2026-08-19T11:11:36.281608,4603.37,0,302.6,v2.2.0,0.95,Hyderabad,17.385,78.4867,1,normal,
d3a371a2-921f-44cf-acdb-2c8e54f30d46,POS-D5B36245,MER-8A9DAF,2026-08-19T11:15:14.723348,4240.08,1,232.3,v2.1.1,2.75,Kolkata,22.5726,88.3639,1,normal,
07704506-1edb-458b-915f-ccafa910266a,POS-D122D405,MER-F03908,2026-08-19T11:15:28.510580,3045.76,0,235.2,v2.1.0,0.73,Mumbai,19.076,72.8777,1,normal,
5c86ea04-58b7-4660-929e-3d6bdf40de5c,POS-862B6369,MER-4CCB87,2026-08-19T11:16:08.147772,387.64,1,188.9,v2.1.1,1.68,Nagpur,21.1458,79.0882,1,normal,
43dac66d-c850-4d28-a371-095e67bcb114,POS-CC26C0E8,MER-0D1C10,2026-08-19T11:21:06.101949,1214.64,1,224.3,v2.1.0,1.69,Delhi,28.7041,77.1025,1,normal,
c1ec2ffe-db23-4004-bdf4-4e0071f301c7,POS-D5F8541B,MER-EFC947,2026-08-19T11:28:38.284866,3949.75,0,213.1,v2.2.0,1.86,Bengaluru,12.9716,77.5946,1,normal,
c365c22c-1885-4852-8a9a-0d458edffbfd,POS-C9DBE224,MER-11AEAE,2026-08-19T11:36:13.125195,3333.51,0,118.6,v2.3.0-beta,0.68,Bengaluru,12.9716,77.5946,1,normal,
1511b33f-edf1-4925-b11b-871f8d06030d,POS-FD4A2FB5,MER-DB7A61,2026-08-19T11:36:50.656902,3984.46,0,4.1,v2.1.1,0.66,Delhi,28.7041,77.1025,1,normal,
0f90632e-efb6-40bf-be88-a7b254ff86ba,POS-87D47970,MER-BF7D1A,2026-08-19T11:40:11.543961,73.46,0,330.1,v2.1.0,2.79,Pune,18.5204,73.8567,1,normal,
c1ca1878-0bf5-4051-8ebd-8e9ea167639d,POS-43D83AB1,MER-C30AE6,2026-08-19T11:40:36.156633,1259.71,1,167.6,v2.2.0,2.09,Kolkata,22.5726,88.3639,1,normal,
82d9711f-9375-4544-a419-a7c5522206c2,POS-F967E1DC,MER-6F1422,2026-08-19T11:54:52.043000,2492.74,0,335.0,v2.2.0,2.53,Nagpur,21.1458,79.0882,1,normal,
538ea02a-f708-48a5-918c-c2c68bf0bc47,POS-FCC69214,MER-85878E,2026-08-19T12:00:00.648406,3165.03,0,407.8,v2.2.0,2.53,Hyderabad,17.385,78.4867,1,normal,
78e5489d-568c-4668-a972-f9146ca711c2,POS-FA8E124D,MER-079B19,2026-08-19T12:12:41.248625,16.1,0,213.3,v2.1.1,1.21,Delhi,28.7041,77.1025,1,fraud,card_testing
caa83d8e-9b7c-47c1-ade5-f00589b74fcd,POS-FA8E124D,MER-079B19,2026-08-19T12:12:42.728253,19.9,2,53.3,v2.1.1,0.52,Delhi,28.7041,77.1025,1,fraud,card_testing
2c9f64d1-234c-4b8a-bfbc-48f0bc3deef4,POS-FA8E124D,MER-079B19,2026-08-19T12:12:44.554452,1.56,2,251.9,v2.1.1,1.2,Delhi,28.7041,77.1025,1,fraud,card_testing
cc92cdcf-7fcb-41a7-ad97-501f8f9ac079,POS-FA8E124D,MER-079B19,2026-08-19T12:12:51.888917,3.17,0,289.5,v2.1.1,1.03,Delhi,28.7041,77.1025,1,fraud,card_testing
92a26c37-1dec-4b46-9085-4a83adad0d16,POS-FA8E124D,MER-079B19,2026-08-19T12:12:54.895191,17.86,0,369.2,v2.1.1,1.04,Delhi,28.7041,77.1025,1,fraud,card_testing
694104e2-63f6-4567-a968-057c877574fb,POS-FA8E124D,MER-079B19,2026-08-19T12:12:57.078706,16.85,0,138.3,v2.1.1,1.4,Delhi,28.7041,77.1025,1,fraud,card_testing
b649fd8f-503a-404a-ac05-8b3790a0dc5a,POS-FA8E124D,MER-079B19,2026-08-19T12:13:02.695201,9.08,1,293.0,v2.1.1,0.57,Delhi,28.7041,77.1025,1,fraud,card_testing
c9809d41-1b88-445d-9517-e824a5e16930,POS-FA8E124D,MER-079B19,2026-08-19T12:13:03.753183,19.36,2,286.9,v2.1.1,1.32,Delhi,28.7041,77.1025,1,fraud,card_testing
957dbb3b-dc98-4731-94b8-751e93f47464,POS-FA8E124D,MER-079B19,2026-08-19T12:13:05.749910,9.46,2,24.5,v2.1.1,0.68,Delhi,28.7041,77.1025,1,fraud,card_testing
6a840c40-d8dc-441e-99b5-0abf6ac947cb,POS-FA8E124D,MER-079B19,2026-08-19T12:13:11.560228,2.7,2,157.2,v2.1.1,0.91,Delhi,28.7041,77.1025,1,fraud,card_testing
d8c57e97-e8c6-4d2a-aabc-2ed3d70d1040,POS-FA8E124D,MER-079B19,2026-08-19T12:13:13.774364,15.34,1,480.6,v2.1.1,0.31,Delhi,28.7041,77.1025,1,fraud,card_testing
c9cd8dea-905c-4fb3-b658-174d9427b655,POS-FA8E124D,MER-079B19,2026-08-19T12:13:19.841064,7.05,0,337.0,v2.1.1,0.32,Delhi,28.7041,77.1025,1,fraud,card_testing
642c76ea-1718-46fe-8ad8-62b9b831477a,POS-77B485D3,MER-340AFB,2026-08-19T12:18:59.284763,13.16,0,268.9,v2.1.0,1.4,Delhi,28.7041,77.1025,1,fraud,card_testing
acb65024-fbdf-45ac-a6cc-4c9e9492baca,POS-77B485D3,MER-340AFB,2026-08-19T12:19:00.747021,13.88,2,75.0,v2.1.0,0.91,Delhi,28.7041,77.1025,1,fraud,card_testing
a67e471e-16b0-4463-8e0f-b044537e61b5,POS-77B485D3,MER-340AFB,2026-08-19T12:19:06.871567,4.42,1,299.8,v2.1.0,1.26,Delhi,28.7041,77.1025,1,fraud,card_testing
0f40302f-61bc-4ea7-9df3-28cc4d8aa76b,POS-77B485D3,MER-340AFB,2026-08-19T12:19:07.549163,14.07,1,197.7,v2.1.0,0.94,Delhi,28.7041,77.1025,1,fraud,card_testing
62f42973-4739-4c4b-8ac5-b36c7c55c1f4,POS-77B485D3,MER-340AFB,2026-08-19T12:19:11.566780,12.92,1,287.1,v2.1.0,1.43,Delhi,28.7041,77.1025,1,fraud,card_testing
e35b8b39-f22f-4d78-8787-73d5ed7d7dbf,POS-77B485D3,MER-340AFB,2026-08-19T12:19:11.836102,18.38,2,370.0,v2.1.0,1.44,Delhi,28.7041,77.1025,1,fraud,card_testing
e76587b4-a613-4e26-8bba-c59b7a70e012,POS-77B485D3,MER-340AFB,2026-08-19T12:19:17.433996,19.35,0,118.6,v2.1.0,0.72,Delhi,28.7041,77.1025,1,fraud,card_testing
750c6be3-60a6-497a-8cd6-508516a16814,POS-77B485D3,MER-340AFB,2026-08-19T12:19:19.584488,2.89,0,43.9,v2.1.0,0.36,Delhi,28.7041,77.1025,1,fraud,card_testing
e02a6d29-d5a4-41a8-8919-ef5c887f92a6,POS-77B485D3,MER-340AFB,2026-08-19T12:19:21.917982,12.17,2,309.0,v2.1.0,1.13,Delhi,28.7041,77.1025,1,fraud,card_testing
7f587a5d-d15b-4e50-b2a4-8dd2c13e511c,POS-77B485D3,MER-340AFB,2026-08-19T12:19:23.805404,8.9,2,307.5,v2.1.0,1.1,Delhi,28.7041,77.1025,1,fraud,card_testing
80190300-f1b9-4245-9efe-5f37be74de2f,POS-77B485D3,MER-340AFB,2026-08-19T12:19:23.826701,14.18,2,466.3,v2.1.0,1.02,Delhi,28.7041,77.1025,1,fraud,card_testing
18fc037d-e6c7-4747-98ab-8628d1f45a57,POS-77B485D3,MER-340AFB,2026-08-19T12:19:32.337859,18.08,1,427.7,v2.1.0,1.34,Delhi,28.7041,77.1025,1,fraud,card_testing
16cace0d-a174-49ed-8049-a7d08194417d,POS-1D6FD4E1,MER-F1C4E7,2026-08-19T12:20:01.763636,4888.15,0,402.6,v2.1.0,2.53,Chennai,13.0827,80.2707,1,normal,
7787b411-a88c-441d-ab92-6fb5810dbee5,POS-B7140521,MER-A41052,2026-08-19T12:21:32.215472,3449.29,0,20.9,v2.1.0,2.15,Nagpur,21.1458,79.0882,1,normal,
f90795f8-1302-4f11-9fbc-d23bdf137f6f,POS-C72F113B,MER-DDFFD5,2026-08-19T12:22:53.722287,3294.21,0,478.4,v2.3.0-beta,2.82,Bengaluru,12.9716,77.5946,1,normal,
ea07ca30-6ce6-4b0d-ab78-adec20484e98,POS-B607E194,MER-457468,2026-08-19T12:24:49.169315,2205.12,0,132.3,v2.1.0,1.43,Mumbai,19.076,72.8777,1,normal,
95c2bf9a-f135-4b03-a3cb-7e4575d2541f,POS-5CD2AFE7,MER-C65F5C,2026-08-19T12:28:22.661858,525.44,1,90.6,v2.3.0-beta,0.63,Hyderabad,17.385,78.4867,1,normal,
d23d3fec-dffb-4684-9c1f-267327a952ce,POS-A320C8AA,MER-9451DE,2026-08-19T12:33:01.882240,1307.74,1,224.3,v2.2.0,1.49,Nagpur,21.1458,79.0882,1,normal,
02906c14-a2bc-427d-95c8-ad69923ebced,POS-F79A698C,MER-2ED01B,2026-08-19T12:35:22.358291,2473.27,0,398.1,v2.1.1,2.72,Pune,18.5204,73.8567,1,normal,
adf5f897-29b6-4664-bd0a-5942a16d3396,POS-87D47970,MER-BF7D1A,2026-08-19T12:38:50.828165,2321.18,0,89.3,v2.1.0,1.99,Pune,18.5204,73.8567,1,normal,
db015570-2bd6-4af6-95b1-0e9a58d69a24,POS-70A8C312,MER-778AE7,2026-08-19T12:57:56.707778,3538.21,1,180.7,v2.1.0,2.05,Chennai,13.0827,80.2707,1,normal,
55ed8a51-e71f-4bce-ad25-f17219af6c5b,POS-5EB40BC5,MER-FF8806,2026-08-19T13:00:38.076163,3090.74,1,260.3,v2.1.0,2.08,Kolkata,22.5726,88.3639,1,normal,
3dee5a5c-2a7a-4fe8-b390-12e2c2fe6b87,POS-198FC2BC,MER-7149CD,2026-08-19T13:38:01.627190,4168.78,1,400.7,v2.2.0,0.65,Bengaluru,12.9716,77.5946,1,normal,
004d9725-e8c7-4983-8035-bcb7a24f10d0,POS-62F7C65F,MER-BAFD17,2026-08-19T14:02:43.056583,2005.25,1,319.8,v2.1.0,2.12,Delhi,28.7041,77.1025,1,normal,
9bf63286-a4b5-455c-bd60-f8878fac87f7,POS-B66D5760,MER-221884,2026-08-19T14:31:05.233055,646.68,0,374.1,v2.1.0,2.62,Hyderabad,17.385,78.4867,1,normal,
7d64e073-84a9-494f-b59f-463ac7265914,POS-BB1E7F2D,MER-6350FC,2026-08-19T14:40:51.814217,2128.35,0,367.5,v2.2.0,1.73,Nagpur,21.1458,79.0882,1,normal,
6722aa32-52cf-4e1d-9a01-2fd6bc919fef,POS-00CFCF07,MER-73C8B8,2026-08-19T14:43:13.634688,2660.03,0,146.1,v2.3.0-beta,1.59,Kolkata,22.5726,88.3639,1,normal,
eaffd3bb-7218-450b-84a9-35e206c99454,POS-32F79BA7,MER-9F2DF0,2026-08-19T14:51:08.088868,2945.21,0,224.2,v2.2.0,0.55,Hyderabad,17.385,78.4867,1,normal,
cbcbe325-2746-47e4-8fc5-421e32028cb8,POS-FD4A2FB5,MER-DB7A61,2026-08-19T15:13:34.704020,2395.83,1,222.5,v2.1.1,2.11,Delhi,28.7041,77.1025,1,normal,
f49a13c2-620e-4f54-982b-8ffe6a977eda,POS-6C3D83AB,MER-BCAE45,2026-08-19T15:15:15.762497,3843.37,0,322.3,v2.1.0,1.44,Bengaluru,12.9716,77.5946,1,normal,
7f3a0bd9-0040-4d86-a052-845e0df0ffc7,POS-055D6FBC,MER-294500,2026-08-19T15:17:07.426944,1325.69,0,206.5,v2.2.0,1.38,Kolkata,22.5726,88.3639,1,normal,
b07da1e3-b3bf-4c43-a9d7-6c5949c8c0de,POS-D7A7B0B8,MER-0542EB,2026-08-19T15:46:59.809325,4063.06,0,394.6,v2.1.1,2.65,Nagpur,21.1458,79.0882,1,normal,
49cc2356-32e6-4251-99e8-451a44a9bbbc,POS-2D6C822A,MER-CA6F11,2026-08-19T15:48:32.453107,2633.69,0,248.7,v2.1.0,0.73,Kolkata,22.5726,88.3639,1,normal,
bfd45afb-1d6f-4850-b2f4-64a6b9373d69,POS-94086F72,MER-6D8C2C,2026-08-19T16:00:20.537617,502.05,1,296.6,v2.1.0,1.03,Mumbai,19.076,72.8777,1,normal,
782443e0-35e9-400b-a148-53522f64ab32,POS-F79A698C,MER-2ED01B,2026-08-19T16:22:22.695228,4346.67,0,441.8,v2.1.1,0.61,Pune,18.5204,73.8567,1,normal,
7f49201f-19b5-4b01-a105-f7b6cdf850a2,POS-D780167B,MER-226112,2026-08-19T16:28:04.085502,2827.51,0,39.7,v2.3.0-beta,0.88,Kolkata,22.5726,88.3639,1,normal,
955e4449-3a6f-42db-b2ef-aa7c696962fb,POS-5B84BAFA,MER-54F0E4,2026-08-19T16:34:38.754513,1733.92,0,131.1,v2.1.1,2.21,Chennai,13.0827,80.2707,1,normal,
f302c870-8838-4fa1-bfde-5d97b79d75b8,POS-A275E8CD,MER-DFFA45,2026-08-19T17:02:22.111276,1901.83,0,68.0,v2.1.1,0.71,Kolkata,22.5726,88.3639,1,normal,
a8168576-a84d-4a3d-9108-077a256984de,POS-AD42C2FB,MER-96DF46,2026-08-19T17:03:29.981856,2249.93,0,232.1,v2.1.1,2.24,Mumbai,19.076,72.8777,1,normal,
67c35463-dbb5-449a-a0f5-b045885b43b2,POS-FA8E124D,MER-079B19,2026-08-19T17:04:01.641864,2175.08,0,227.1,v2.1.1,1.28,Delhi,28.7041,77.1025,1,normal,
82cf8336-7fc2-4788-9d73-02c40952aa35,POS-B37501A9,MER-DC9CFB,2026-08-19T17:42:48.348687,2306.92,0,353.4,v2.2.0,1.63,Bengaluru,12.9716,77.5946,1,normal,
dc4376e3-4a14-4606-8f3e-341a649af961,POS-80C06FB8,MER-0D360C,2026-08-19T18:11:14.557463,3222.78,0,427.1,v2.1.0,1.31,Delhi,28.7041,77.1025,1,normal,
14b78dc8-0d1c-4ea4-89a5-bd787371c11a,POS-778516AB,MER-714018,2026-08-19T18:28:57.448235,3300.2,0,475.3,v2.1.0,2.1,Delhi,28.7041,77.1025,1,normal,
029d41be-bbe7-48d0-882a-26ea3f375d36,POS-778516AB,MER-714018,2026-08-19T18:44:36.003030,3340.88,0,348.3,v2.1.0,2.54,Delhi,28.7041,77.1025,1,normal,
05fd0276-fff8-4a59-8989-ec4e540e6cf0,POS-6439ED84,MER-ADB4F6,2026-08-19T18:45:33.699005,1868.83,0,499.4,v2.2.0,1.73,Hyderabad,17.385,78.4867,1,normal,
f249f930-a8d3-4574-9cbf-f3933122ac25,POS-B27C0D31,MER-6BDAEB,2026-08-19T19:02:02.840119,211.19,0,197.5,v2.1.1,2.22,Pune,18.5204,73.8567,1,normal,
0e52a39c-d383-4730-9e12-0efa64629630,POS-055D6FBC,MER-294500,2026-08-19T19:09:42.577904,12.58,0,131.3,v2.2.0,0.73,Kolkata,22.5726,88.3639,1,fraud,card_testing
e56596b2-8d78-40fd-af0a-a7aa3181ff15,POS-055D6FBC,MER-294500,2026-08-19T19:09:44.472938,5.93,1,198.9,v2.2.0,0.57,Kolkata,22.5726,88.3639,1,fraud,card_testing
9a0ed59d-0b6e-4bcf-b11c-67d195de9de1,POS-055D6FBC,MER-294500,2026-08-19T19:09:45.012778,18.76,2,186.1,v2.2.0,1.36,Kolkata,22.5726,88.3639,1,fraud,card_testing
829e9b7d-f136-4f64-9c07-af55af83f760,POS-055D6FBC,MER-294500,2026-08-19T19:09:48.206686,17.3,0,155.7,v2.2.0,0.65,Kolkata,22.5726,88.3639,1,fraud,card_testing
209dedfd-0a60-4a2a-ae9c-cc7cfb31122f,POS-055D6FBC,MER-294500,2026-08-19T19:09:48.247515,4.49,1,79.6,v2.2.0,1.1,Kolkata,22.5726,88.3639,1,fraud,card_testing
02760854-a9f6-437e-bf82-7be9f715e12c,POS-055D6FBC,MER-294500,2026-08-19T19:09:51.554751,4.95,0,10.3,v2.2.0,0.58,Kolkata,22.5726,88.3639,1,fraud,card_testing
91ee4c94-4e09-4790-b22b-083514d237a2,POS-055D6FBC,MER-294500,2026-08-19T19:09:55.381348,17.35,1,376.9,v2.2.0,1.45,Kolkata,22.5726,88.3639,1,fraud,card_testing
6ba5a794-8d04-4351-b53a-d3ef80b93df4,POS-055D6FBC,MER-294500,2026-08-19T19:09:56.691624,12.01,2,371.0,v2.2.0,1.11,Kolkata,22.5726,88.3639,1,fraud,card_testing
068b1f5a-6ee1-4301-b181-568f69e2cc7f,POS-055D6FBC,MER-294500,2026-08-19T19:09:57.167623,16.29,0,323.7,v2.2.0,1.47,Kolkata,22.5726,88.3639,1,fraud,card_testing
743b3d46-8b8a-4125-9d52-c964a5c45b63,POS-055D6FBC,MER-294500,2026-08-19T19:10:03.396591,15.85,2,415.8,v2.2.0,0.34,Kolkata,22.5726,88.3639,1,fraud,card_testing
8e7b38bb-a7bf-47ef-94cc-cc4736f83c7b,POS-055D6FBC,MER-294500,2026-08-19T19:10:08.036992,6.43,1,132.5,v2.2.0,1.49,Kolkata,22.5726,88.3639,1,fraud,card_testing
cfe57121-7c34-4ac6-b954-ec6cd71b8a35,POS-055D6FBC,MER-294500,2026-08-19T19:10:09.573178,19.78,2,157.6,v2.2.0,1.15,Kolkata,22.5726,88.3639,1,fraud,card_testing
c254c67a-7a38-428b-989f-28317937aeb4,POS-D780167B,MER-226112,2026-08-19T19:11:00.182247,2206.93,0,82.2,v2.3.0-beta,2.01,Kolkata,22.5726,88.3639,1,normal,
d8c7786f-9b98-4c9e-a36c-24c8b6a16f54,POS-A275E8CD,MER-DFFA45,2026-08-19T19:58:05.038577,3052.51,0,37.7,v2.1.1,1.63,Kolkata,22.5726,88.3639,1,normal,
3b7bdf4c-9ea2-4427-9ea6-9ef6776bfcb0,POS-208DB4F3,MER-C166F5,2026-08-19T20:10:55.489186,1424.89,0,135.9,v2.1.1,2.48,Delhi,28.7041,77.1025,1,normal,
823d0867-9d60-46ec-934d-07a7a0a26d6e,POS-4FA685DF,MER-202A96,2026-08-19T20:37:34.137414,3225.33,0,46.6,v2.3.0-beta,1.94,Hyderabad,17.385,78.4867,1,normal,
92e08965-b1ff-4ca3-be3f-160fa2a712be,POS-10016958,MER-25A16E,2026-08-19T20:43:04.181440,3634.96,0,118.8,v2.1.1,1.93,Delhi,28.7041,77.1025,1,normal,
b753ea85-3d59-49b5-b789-7f29d7354258,POS-207CA2EB,MER-5B06DF,2026-08-19T20:49:58.939568,4546.81,0,199.4,v2.1.1,2.29,Pune,18.5204,73.8567,1,normal,
108dd611-0a44-4c8b-abf9-f15f9a36b592,POS-28402991,MER-833A0C,2026-08-19T20:51:20.983218,37003.01,0,845.3,v2.1.1,0.91,Hyderabad,17.385,78.4867,1,fraud,bust_out
43c40b17-a20f-41a1-afa0-1d1016a4a00a,POS-AE4DEB2A,MER-78544D,2026-08-19T20:51:36.133468,4764.86,1,219.3,v2.2.0,0.69,Nagpur,21.1458,79.0882,1,normal,
94872f46-fb51-4d52-b46c-dca496b6ee95,POS-CDFD9F1A,MER-243265,2026-08-19T20:54:10.213417,3889.96,1,382.3,v2.1.0,2.06,Bengaluru,12.9716,77.5946,1,normal,
cddbd6ea-39ae-4536-b89a-b239e28a0aa5,POS-F66B7F18,MER-589763,2026-08-19T20:58:58.062514,4005.97,0,185.3,v2.2.0,2.25,Pune,18.5204,73.8567,1,normal,
3223acc0-9322-421d-b3e9-1e684e4c5cbb,POS-32F79BA7,MER-9F2DF0,2026-08-19T20:59:43.162977,2240.76,0,359.1,v2.2.0,1.79,Hyderabad,17.385,78.4867,1,normal,
1d540977-86ac-4f5c-927d-278183449979,POS-36A2CBE2,MER-7D9478,2026-08-19T21:02:49.267468,4380.4,0,260.6,v2.1.1,1.01,Mumbai,19.076,72.8777,1,normal,
8a769d77-41d7-455a-ba22-26e0a6b7dce2,POS-73F6AE86,MER-2BE75A,2026-08-19T21:32:10.087055,867.31,0,43.2,v2.3.0-beta,1.21,Chennai,13.0827,80.2707,1,normal,
c8f82241-cc5c-4e3f-a091-4b1b9d750085,POS-20AF02F8,MER-8C904C,2026-08-19T21:37:28.022673,3470.55,0,273.2,v2.1.0,2.59,Hyderabad,17.385,78.4867,1,normal,
a7e86441-3b12-4a51-bd04-9936868d4f5b,POS-20AF02F8,MER-8C904C,2026-08-19T21:41:25.056155,3357.67,0,206.8,v2.1.0,2.61,Hyderabad,17.385,78.4867,1,normal,
c356e961-b610-46d3-af48-7e96cdaac102,POS-778516AB,MER-714018,2026-08-19T21:56:37.002357,4110.13,1,220.0,v2.1.0,1.0,Delhi,28.7041,77.1025,1,normal,
8b3765d9-c7c7-4de4-8c9c-992f96070d58,POS-32F79BA7,MER-9F2DF0,2026-08-19T21:57:04.522290,4190.85,1,473.0,v2.2.0,2.13,Hyderabad,17.385,78.4867,1,normal,
6d54fd8f-2f93-4a79-8d80-783056056828,POS-1AF2A398,MER-9A9BF3,2026-08-19T21:58:10.825674,1293.84,0,69.3,v2.1.1,2.53,Chennai,13.0827,80.2707,1,normal,
f81a5494-0500-404e-8835-b95f9b4591a3,POS-B7140521,MER-A41052,2026-08-19T22:09:02.256878,2891.31,1,402.7,v2.1.0,1.45,Nagpur,21.1458,79.0882,1,normal,
5a4b78fe-a781-436f-a27a-ac92761d413c,POS-207CA2EB,MER-5B06DF,2026-08-19T22:12:30.735375,763.95,0,431.5,v2.1.1,2.93,Pune,18.5204,73.8567,1,normal,
348c2c6b-dd0a-4d35-a179-2f7258cc7c2d,POS-FA8E124D,MER-079B19,2026-08-19T22:19:18.733165,20691.7,0,767.7,v2.1.1,1.15,Delhi,28.7041,77.1025,1,fraud,bust_out
d2eda227-877e-485a-a39b-2cf8d4457e9b,POS-BB11FCF8,MER-275B28,2026-08-19T22:21:27.748888,152.42,0,465.6,v2.1.0,2.33,Mumbai,19.076,72.8777,1,normal,
1f4ad1cc-6d76-47bf-ae6e-ad314a679d16,POS-198FC2BC,MER-7149CD,2026-08-19T22:22:11.846875,2855.58,0,493.9,v2.2.0,2.72,Bengaluru,12.9716,77.5946,1,normal,
100ae606-669e-421b-9d80-8c5bf8540b2e,POS-0FF08306,MER-2B307F,2026-08-19T22:27:28.132136,4654.29,0,223.1,v2.1.1,2.32,Nagpur,21.1458,79.0882,1,normal,
c24b467f-7ba8-4dff-8cfb-db7a3d427f18,POS-70E04A75,MER-F51428,2026-08-19T22:37:46.319473,421.46,0,344.3,v2.1.1,2.48,Pune,18.5204,73.8567,1,normal,
3cbbe6e8-a3ce-405a-9a05-0262305582b9,POS-52FC2A7B,MER-31B3EE,2026-08-19T22:40:46.586355,6613.0,1,0.9,v2.2.0,5.45,Bengaluru,12.9716,77.5946,0,fraud,device_spoof
dd3161e3-e50b-4d23-bef5-e8f12082280d,POS-5EB40BC5,MER-FF8806,2026-08-19T22:49:41.494201,2839.85,0,418.5,v2.1.0,2.53,Kolkata,22.5726,88.3639,1,normal,
efc8938e-5871-4204-aec8-281f9d6a7eff,POS-0E673AA4,MER-A73341,2026-08-19T22:50:35.866162,1078.55,0,133.1,v2.2.0,0.7,Hyderabad,17.385,78.4867,1,normal,
0d86e701-9bdd-4464-973e-cd5d6038b3e8,POS-1B73B11B,MER-95FEFA,2026-08-19T22:55:24.134390,2351.92,0,383.7,v2.2.0,0.92,Hyderabad,17.385,78.4867,1,normal,
328bde80-810c-4f0f-83e4-8dc2037b3aaf,POS-208DB4F3,MER-C166F5,2026-08-19T22:56:19.485401,4642.67,0,3.1,v2.1.1,2.35,Delhi,28.7041,77.1025,1,normal,
e1754385-91f5-4238-93ff-da48af6616c9,POS-F1400661,MER-644B55,2026-08-19T22:58:52.828495,3085.85,0,65.5,v2.1.1,1.85,Chennai,13.0827,80.2707,1,normal,
16c9bba3-2a58-470b-a41f-5bc5f859222c,POS-4A5BFB60,MER-B81D68,2026-08-19T23:16:33.527921,3331.27,0,463.1,v2.1.1,0.64,Chennai,13.0827,80.2707,1,normal,
5719857e-80da-4004-9904-c3c905c2f11f,POS-AE4DEB2A,MER-78544D,2026-08-19T23:25:11.893584,1771.79,0,427.7,v2.2.0,2.45,Nagpur,21.1458,79.0882,1,normal,
67915f65-cdd5-460d-8226-d316d4341789,POS-0E2B0643,MER-16DFEB,2026-08-19T23:31:30.642117,4129.75,0,331.7,v2.3.0-beta,2.1,Bengaluru,12.9716,77.5946,1,normal,
5a7160b8-475d-4f29-afcb-6a7a81fd040f,POS-BC2D02AD,MER-18BAD6,2026-08-19T23:36:27.437597,3155.06,0,69.3,v2.2.0,1.44,Kolkata,22.5726,88.3639,1,normal,
ba15ceb7-b32c-4107-afc9-5ae1b4ed5c2a,POS-6B16F045,MER-ECDE68,2026-08-19T23:37:58.416854,4749.35,0,404.6,v2.3.0-beta,1.1,Delhi,28.7041,77.1025,1,normal,
13d91f75-9e9f-41fe-87ca-f5f592291b27,POS-8D15D2C5,MER-4A3FBD,2026-08-19T23:41:28.992742,1382.97,0,232.9,v2.1.0,1.52,Nagpur,21.1458,79.0882,1,normal,
21fe90f2-1f16-4d43-930f-07a0c6994fd3,POS-CD16D1EF,MER-7BDF7F,2026-08-19T23:43:24.173169,3228.26,0,26.1,v2.1.0,1.42,Mumbai,19.076,72.8777,1,normal,
cce57947-e62d-4d03-acd2-33eb28a3bc02,POS-D122D405,MER-F03908,2026-08-19T23:53:36.204277,3872.24,0,75.1,v2.1.0,2.72,Mumbai,19.076,72.8777,1,normal,
e340cbed-3ff2-4f08-ad6c-36de18f48fdf,POS-D5F8541B,MER-EFC947,2026-08-19T23:59:01.286049,4774.38,0,250.8,v2.2.0,1.31,Bengaluru,12.9716,77.5946,1,normal,
e23edd0e-d4e8-4b5f-826c-3bea6dd28480,POS-0AE6C0D2,MER-897854,2026-08-20T00:01:58.567553,4465.43,0,9.9,v2.1.1,0.51,Kolkata,22.5726,88.3639,1,normal,
293de126-81b0-4064-9cc9-05306877f6b1,POS-47CB19EB,MER-7848E9,2026-08-20T00:05:42.217423,1151.64,0,379.1,v2.2.0,0.67,Bengaluru,12.9716,77.5946,1,normal,
60eaa923-1f9c-43d2-b7ac-b3bf000fba4c,POS-DD8321BF,MER-250C33,2026-08-20T00:06:01.280506,2796.01,1,101.2,v2.1.0,1.8,Pune,18.5204,73.8567,1,normal,
7fb44b46-8f58-4fa1-98a8-e5135bfb7cac,POS-0FF08306,MER-2B307F,2026-08-20T00:28:31.172984,57.24,1,424.7,v2.1.1,2.32,Nagpur,21.1458,79.0882,1,normal,
92762286-f5b6-4ccf-980d-01d96fa4e021,POS-B9828EE6,MER-E676A0,2026-08-20T00:29:10.796346,1829.93,1,84.7,v2.2.0,1.6,Pune,18.5204,73.8567,1,normal,
61d9650f-06a8-45fa-8b28-f3b2b7d44a80,POS-0E673AA4,MER-A73341,2026-08-20T00:58:24.849766,2561.71,0,277.1,v2.2.0,1.84,Hyderabad,17.385,78.4867,1,normal,
96443a8a-483c-4a96-b59d-9f0f41bafa85,POS-B607E194,MER-457468,2026-08-20T00:58:54.392367,4736.21,1,344.2,v2.1.0,2.77,Mumbai,19.076,72.8777,1,normal,
718cfc8a-ad10-4096-87c8-e9a5bc10d2d8,POS-D3B57689,MER-58F164,2026-08-20T01:05:46.819857,4602.23,0,317.7,v2.2.0,2.39,Hyderabad,17.385,78.4867,1,normal,
a7afce90-355b-4297-a467-0a46cb866a05,POS-FB95985B,MER-7765F7,2026-08-20T01:14:19.095205,206.41,1,440.2,v2.1.0,0.8,Hyderabad,17.385,78.4867,1,normal,
5db53358-9d8d-45f8-a042-ebebfc5d8133,POS-3637119B,MER-7355A0,2026-08-20T01:15:21.004844,2626.94,0,153.3,v2.1.1,2.64,Hyderabad,17.385,78.4867,1,normal,
1f865977-c619-478b-9346-4b1fe319020d,POS-77136499,MER-3E00AA,2026-08-20T01:18:38.480901,790.95,0,142.5,v2.3.0-beta,2.42,Bengaluru,12.9716,77.5946,1,normal,
4108eca0-38dc-47b1-84e6-c2c8a94ff383,POS-A275E8CD,MER-DFFA45,2026-08-20T01:20:20.076771,756.76,1,18.4,v2.1.1,0.67,Kolkata,22.5726,88.3639,1,normal,
2222dc8c-d335-46c6-b4b2-d0a35a12b5be,POS-D9E1B170,MER-4FA9A0,2026-08-20T01:27:41.702482,155.38,0,135.9,v2.1.1,1.97,Delhi,28.7041,77.1025,1,normal,
cc530574-b4f4-4d7c-b1bb-a104dca1a1e6,POS-D5F8541B,MER-EFC947,2026-08-20T01:33:38.171008,1239.33,0,398.9,v2.2.0,2.71,Bengaluru,12.9716,77.5946,1,normal,
d7280336-9988-4b1b-ad15-841e496c7047,POS-24B8E3FE,MER-C60B06,2026-08-20T01:41:11.618398,257.58,0,215.8,v2.3.0-beta,1.2,Bengaluru,12.9716,77.5946,1,normal,
70ab2bd6-f384-460a-9c56-ee3ad9216655,POS-849A1C0F,MER-D8D0DA,2026-08-20T01:42:31.093192,1012.74,0,209.4,v2.1.0,2.56,Delhi,28.7041,77.1025,1,normal,
0b7cf8ef-555a-494f-9a88-a710e3cc86f4,POS-80C06FB8,MER-0D360C,2026-08-20T01:43:15.795187,376.61,0,482.6,v2.1.0,0.78,Delhi,28.7041,77.1025,1,normal,
18bfbffe-317f-4231-a9d3-2992bac37287,POS-77136499,MER-3E00AA,2026-08-20T01:56:12.173548,1544.63,0,131.5,v2.3.0-beta,1.4,Bengaluru,12.9716,77.5946,1,normal,
ec034e3f-426b-4eb8-a3c6-cffde28f66c9,POS-9CD505AA,MER-1F157D,2026-08-20T01:57:54.769722,4366.43,0,12.4,v2.1.1,0.87,Pune,18.5204,73.8567,1,normal,
7f2e3224-82ef-4b69-8ea7-39835fa607ab,POS-E566E75E,MER-4CD30C,2026-08-20T02:00:45.933984,1605.29,0,102.1,v2.2.0,2.79,Nagpur,21.1458,79.0882,1,normal,
58a5fe1a-1c28-4bb0-a810-d1dc066b21d7,POS-B607E194,MER-457468,2026-08-20T02:08:14.756250,3863.32,0,294.1,v2.1.0,0.53,Mumbai,19.076,72.8777,1,normal,
72c593c7-12b1-41d5-be0a-5461563ff28b,POS-EBF11023,MER-16D60A,2026-08-20T02:12:44.115940,4032.85,0,22.0,v2.2.0,2.89,Hyderabad,17.385,78.4867,1,normal,
4f49588a-aef5-4adc-ae39-c73d65617c79,POS-87CA5368,MER-503568,2026-08-20T02:34:22.292998,4730.18,0,356.0,v2.3.0-beta,2.6,Pune,18.5204,73.8567,1,normal,
bcc3768a-f626-4c01-953b-c66e2bc264a3,POS-B7140521,MER-A41052,2026-08-20T02:35:51.514710,4952.9,0,440.4,v2.1.0,2.04,Nagpur,21.1458,79.0882,1,normal,
94fde98d-d620-4be6-ac8c-554af30b4314,POS-5EB40BC5,MER-FF8806,2026-08-20T02:58:05.357377,2187.34,0,168.1,v2.1.0,1.17,Kolkata,22.5726,88.3639,1,normal,
1ba07a12-6a3a-416d-97d1-4e55174c2c23,POS-38B8A946,MER-7808DD,2026-08-20T03:01:53.231092,3320.03,0,348.8,v2.3.0-beta,2.26,Nagpur,21.1458,79.0882,1,normal,
9902d335-5a06-4a1b-a34a-eb6959d9c1e1,POS-D780167B,MER-226112,2026-08-20T03:09:45.911561,2843.92,1,184.9,v2.3.0-beta,2.73,Kolkata,22.5726,88.3639,1,normal,
6424cd50-f956-4a6d-b0b6-df2ff766b64a,POS-1D6FD4E1,MER-F1C4E7,2026-08-20T03:13:13.756083,4386.76,0,347.4,v2.1.0,2.92,Chennai,13.0827,80.2707,1,normal,
2fd9c7bf-3805-4d9f-929f-9196380bc507,POS-52FC2A7B,MER-31B3EE,2026-08-20T03:18:52.452854,3358.74,0,239.4,v2.1.1,2.37,Delhi,28.7041,77.1025,1,normal,
f94a1e5d-3e27-4915-8e99-cba08f05c649,POS-520C7452,MER-52D41B,2026-08-20T03:23:24.192783,4541.17,0,209.5,v2.2.0,2.43,Kolkata,22.5726,88.3639,1,normal,
d9c03726-12fb-417c-bbe6-3a413ac9d503,POS-94086F72,MER-6D8C2C,2026-08-20T03:26:02.339349,580.24,0,126.8,v2.1.0,1.11,Mumbai,19.076,72.8777,1,normal,
19a0dc58-0f8a-4706-9b26-8c5fd44b84e5,POS-4167FD28,MER-DA1B0B,2026-08-20T03:27:21.839620,1838.09,1,373.9,v2.1.0,1.04,Delhi,28.7041,77.1025,1,normal,
3ea2197a-4fcd-4c1c-885e-666ddd90a5a1,POS-0AE6C0D2,MER-897854,2026-08-20T03:32:52.769659,105.19,0,62.5,v2.1.1,0.51,Kolkata,22.5726,88.3639,1,normal,
44a004f6-3bd7-4c22-99ed-ae5512a7861c,POS-D2E37BD7,MER-94832D,2026-08-20T03:32:54.452731,3129.1,0,386.7,v2.3.0-beta,0.53,Kolkata,22.5726,88.3639,1,normal,
b4b5dfaf-af70-447d-9b77-f7f77a5b5d1c,POS-BA41B435,MER-3AA9F7,2026-08-20T03:33:36.876152,1625.6,0,317.9,v2.1.1,2.95,Delhi,28.7041,77.1025,1,normal,
5c8dddfe-7b47-4fd2-8f24-89776cc0092b,POS-C72F113B,MER-DDFFD5,2026-08-20T03:33:46.819622,3030.61,0,296.3,v2.3.0-beta,1.19,Bengaluru,12.9716,77.5946,1,normal,
60935da6-0164-43e0-9667-1aec26be1325,POS-9CD505AA,MER-1F157D,2026-08-20T03:39:13.255564,890.89,1,0.2,v2.3.0-beta,11.33,Bengaluru,12.9716,77.5946,0,fraud,device_spoof
fd89941f-7073-4f05-a949-028f97ce9b80,POS-D2E37BD7,MER-94832D,2026-08-20T03:57:47.240824,430.89,0,138.7,v2.3.0-beta,2.24,Kolkata,22.5726,88.3639,1,normal,
5ac73d43-9a08-457d-b92f-878a33400a15,POS-BB11FCF8,MER-275B28,2026-08-20T04:16:13.698176,3428.63,0,191.3,v2.1.0,2.49,Mumbai,19.076,72.8777,1,normal,
6296c56a-b0ce-49aa-a0d5-59e156067fc7,POS-0E673AA4,MER-A73341,2026-08-20T04:21:49.964131,2490.17,0,196.2,v2.2.0,2.24,Hyderabad,17.385,78.4867,1,normal,
b2ca2300-6111-40d5-91b8-178acf940642,POS-A77B64DE,MER-1A5D0B,2026-08-20T04:42:20.220382,4173.75,0,398.2,v2.1.0,2.5,Kolkata,22.5726,88.3639,1,normal,
5cf62219-9d93-43a2-88d2-88c8ca34b902,POS-1AF2A398,MER-9A9BF3,2026-08-20T04:43:31.045230,1827.91,0,454.7,v2.1.1,2.22,Chennai,13.0827,80.2707,1,normal,
11404c2b-7452-405f-80a4-98d565a954ae,POS-73F6AE86,MER-2BE75A,2026-08-20T04:59:08.847711,2479.3,1,21.8,v2.3.0-beta,0.65,Chennai,13.0827,80.2707,1,normal,
dbf3286f-ddb8-4fe8-9f33-6df8fde6e9a1,POS-E566E75E,MER-4CD30C,2026-08-20T05:00:29.743803,67.49,0,7.1,v2.2.0,1.74,Nagpur,21.1458,79.0882,1,normal,
b4abea9c-528a-4fbb-a071-b894220e2349,POS-B41DA6C4,MER-9C5AB9,2026-08-20T05:22:27.011520,1551.57,0,76.8,v2.1.1,0.97,Mumbai,19.076,72.8777,1,normal,
31957241-cf5e-4f72-8e5f-7b5bf3c43aa7,POS-D8B3BBA8,MER-81983E,2026-08-20T05:33:21.790964,1637.46,0,178.0,v2.3.0-beta,2.96,Hyderabad,17.385,78.4867,1,normal,
79748372-0c03-4511-bd1d-3f152db01901,POS-8E1D47A7,MER-9204E3,2026-08-20T06:04:14.204427,3791.03,0,391.0,v2.1.0,2.02,Delhi,28.7041,77.1025,1,normal,
559f50f8-ab9d-4939-bad0-20a26fd90654,POS-0AE6C0D2,MER-897854,2026-08-20T06:24:02.121963,11.64,0,68.5,v2.1.1,1.48,Kolkata,22.5726,88.3639,1,fraud,card_testing
bd6f94a3-0813-432c-8bec-30fc83285cd2,POS-0AE6C0D2,MER-897854,2026-08-20T06:24:03.146781,3.71,1,105.1,v2.1.1,0.46,Kolkata,22.5726,88.3639,1,fraud,card_testing
394adccc-d74e-4b40-9da8-aee48dab2e05,POS-0AE6C0D2,MER-897854,2026-08-20T06:24:08.658938,1.41,1,288.0,v2.1.1,0.35,Kolkata,22.5726,88.3639,1,fraud,card_testing
d62ac273-b015-45fe-bfd4-52e87aaba844,POS-0AE6C0D2,MER-897854,2026-08-20T06:24:09.201552,11.05,2,115.7,v2.1.1,0.68,Kolkata,22.5726,88.3639,1,fraud,card_testing
1ad3df45-0b62-4cf6-a47a-2705428e61ae,POS-0AE6C0D2,MER-897854,2026-08-20T06:24:09.265253,17.57,1,317.2,v2.1.1,1.11,Kolkata,22.5726,88.3639,1,fraud,card_testing
89c467aa-522e-4ad8-91c9-3a927e0072c4,POS-0AE6C0D2,MER-897854,2026-08-20T06:24:14.551420,5.94,2,430.3,v2.1.1,1.05,Kolkata,22.5726,88.3639,1,fraud,card_testing
393c2e8d-7a1f-43ba-84fd-b80ba043bdf6,POS-0AE6C0D2,MER-897854,2026-08-20T06:24:17.799588,19.26,0,428.0,v2.1.1,0.58,Kolkata,22.5726,88.3639,1,fraud,card_testing
4913f42b-d82b-428d-b750-0d0ab47a1adb,POS-0AE6C0D2,MER-897854,2026-08-20T06:24:20.578960,1.07,0,87.4,v2.1.1,0.94,Kolkata,22.5726,88.3639,1,fraud,card_testing
f311c0e3-6f49-4612-9b8c-89e26b87f24b,POS-0AE6C0D2,MER-897854,2026-08-20T06:24:26.850762,9.62,0,11.6,v2.1.1,1.46,Kolkata,22.5726,88.3639,1,fraud,card_testing
e85284c4-9353-4020-bcf3-ef574c772c08,POS-0AE6C0D2,MER-897854,2026-08-20T06:24:27.144084,18.83,2,227.7,v2.1.1,0.62,Kolkata,22.5726,88.3639,1,fraud,card_testing
b83d28e8-9a8a-4177-868d-fd6fd56fc5f4,POS-0AE6C0D2,MER-897854,2026-08-20T06:24:33.570645,7.24,2,446.5,v2.1.1,0.46,Kolkata,22.5726,88.3639,1,fraud,card_testing
3aca4c9b-4aae-4c0a-b94d-9ebb98951ef6,POS-0AE6C0D2,MER-897854,2026-08-20T06:24:39.721418,19.24,0,394.6,v2.1.1,1.21,Kolkata,22.5726,88.3639,1,fraud,card_testing
01151814-5d00-414c-8d68-eec86323abe2,POS-80C06FB8,MER-0D360C,2026-08-20T06:31:40.378799,2669.15,0,164.1,v2.1.0,1.27,Delhi,28.7041,77.1025,1,normal,
f9c50403-1422-4aef-8426-125bdd286e84,POS-F5C825B8,MER-3430AF,2026-08-20T06:38:26.412182,2697.09,1,324.7,v2.1.1,1.55,Pune,18.5204,73.8567,1,normal,
a2901ade-d717-4c6c-9edd-af5ba9d77da7,POS-70A8C312,MER-778AE7,2026-08-20T06:39:21.952637,2383.87,1,293.0,v2.1.0,1.0,Chennai,13.0827,80.2707,1,normal,
0ed0bed0-fc03-4b30-9036-92f062696feb,POS-483FD0E6,MER-A77E7B,2026-08-20T06:58:37.176352,3993.18,0,394.0,v2.2.0,2.6,Kolkata,22.5726,88.3639,1,normal,
38c09186-5dc1-4a69-8c94-0b27ea9e59ba,POS-CC26C0E8,MER-0D1C10,2026-08-20T07:01:28.800048,1077.8,0,232.2,v2.1.0,2.63,Delhi,28.7041,77.1025,1,normal,
080c36e6-83f1-4216-b5e2-4e25d2948783,POS-2D6C822A,MER-CA6F11,2026-08-20T07:22:11.003826,1693.37,0,437.2,v2.1.0,1.6,Kolkata,22.5726,88.3639,1,normal,
be7034d6-9820-44c1-8897-2dfd59e8d2ab,POS-E9D66DA1,MER-38119E,2026-08-20T07:25:38.607579,1386.91,1,233.0,v2.1.1,2.56,Pune,18.5204,73.8567,1,normal,
ec041b1e-112b-410c-b593-57204aa86444,POS-9CD505AA,MER-1F157D,2026-08-20T07:28:59.233117,2212.08,1,411.7,v2.1.1,1.9,Pune,18.5204,73.8567,1,normal,
5974e944-ff55-49e2-a60b-7606719e80ee,POS-4167FD28,MER-DA1B0B,2026-08-20T07:35:59.793047,316.32,0,102.3,v2.1.0,2.67,Delhi,28.7041,77.1025,1,normal,
46e61c40-7b82-4d7c-bf92-b4dc1d7cd2a0,POS-E2ABAA01,MER-94FBB2,2026-08-20T07:49:13.529266,4859.81,0,199.4,v2.1.0,2.85,Nagpur,21.1458,79.0882,1,normal,
068b3f41-b9d2-462d-bcc1-1a84f39962cc,POS-0AE6C0D2,MER-897854,2026-08-20T07:51:10.440300,1793.63,0,454.9,v2.1.1,0.87,Kolkata,22.5726,88.3639,1,normal,
a77bf95f-1f30-447c-abd7-0a9d00548392,POS-EBF11023,MER-16D60A,2026-08-20T07:58:26.247971,3290.65,0,220.6,v2.2.0,2.73,Hyderabad,17.385,78.4867,1,normal,
3ab7eded-4eb0-4e2e-9537-8ecd79cbe794,POS-3BF5E359,MER-A82822,2026-08-20T08:06:19.577718,2826.93,1,142.9,v2.2.0,2.26,Mumbai,19.076,72.8777,1,normal,
3a166bc8-16fa-44f6-a382-5396d20fc7fd,POS-10016958,MER-25A16E,2026-08-20T08:17:22.123334,4032.71,0,46.1,v2.1.1,1.49,Delhi,28.7041,77.1025,1,normal,
58f5be88-283f-43fa-b91d-2d6cbda9122f,POS-36A2CBE2,MER-7D9478,2026-08-20T08:24:22.395941,3320.63,0,348.2,v2.1.1,2.74,Mumbai,19.076,72.8777,1,normal,
be652b3f-e43a-484b-9cba-a5e10cca5e83,POS-10016958,MER-25A16E,2026-08-20T08:59:17.183178,1492.67,1,483.9,v2.1.1,2.45,Delhi,28.7041,77.1025,1,normal,
b8e8ca7b-457b-44be-bc97-064acbbf4101,POS-74235C6B,MER-4BCD8F,2026-08-20T09:03:54.156251,637.32,0,96.2,v2.1.1,2.84,Pune,18.5204,73.8567,1,normal,
7f421695-e1be-4479-938c-6930d34b484c,POS-10016958,MER-25A16E,2026-08-20T09:04:54.671004,1665.56,0,392.0,v2.1.1,1.63,Delhi,28.7041,77.1025,1,normal,
17ebb4fd-2e75-4ef2-97ae-c61586eb11dc,POS-198FC2BC,MER-7149CD,2026-08-20T09:08:47.447922,2376.55,1,167.3,v2.2.0,2.18,Bengaluru,12.9716,77.5946,1,normal,
cfeb2147-c6cc-4d16-bc62-c9464dd37a1a,POS-FCC69214,MER-85878E,2026-08-20T09:24:24.612391,3692.27,1,117.5,v2.2.0,1.71,Hyderabad,17.385,78.4867,1,normal,
75a73932-0a65-4c29-b1c9-939c91dcfa22,POS-EF533CFF,MER-837BC2,2026-08-20T09:45:21.821041,1580.9,0,400.9,v2.2.0,1.65,Nagpur,21.1458,79.0882,1,normal,
c41b9e20-2913-47ea-9adf-5be69afcaa81,POS-BC359428,MER-C5AB1A,2026-08-20T09:50:38.181667,4643.97,0,152.8,v2.1.0,0.85,Kolkata,22.5726,88.3639,1,normal,
16fae4ca-ad6b-44f2-be9f-38bef2ccd092,POS-AF1B4891,MER-875B51,2026-08-20T10:05:57.542911,3776.56,0,111.8,v2.1.0,1.22,Mumbai,19.076,72.8777,1,normal,
a55bb047-7c25-4a21-b521-994cb4a6bdea,POS-5B84BAFA,MER-54F0E4,2026-08-20T10:08:42.459701,1183.19,0,406.8,v2.1.1,1.12,Chennai,13.0827,80.2707,1,normal,
d91f5707-4354-420d-b3aa-2e3f78dab1b6,POS-1D6FD4E1,MER-F1C4E7,2026-08-20T10:20:18.385613,869.32,1,281.7,v2.1.0,1.48,Chennai,13.0827,80.2707,1,normal,
e715f8f0-43e2-40b1-ac11-e9bd03a63e9e,POS-0E2B0643,MER-16DFEB,2026-08-20T10:24:24.155271,2466.88,0,429.6,v2.3.0-beta,1.5,Bengaluru,12.9716,77.5946,1,normal,
3169c48a-8700-46b6-bf74-e9c627f99131,POS-EEE16951,MER-D3A1BB,2026-08-20T10:26:14.504924,2905.34,0,185.8,v2.3.0-beta,1.41,Bengaluru,12.9716,77.5946,1,normal,
9c82e776-7534-48e6-8889-4a00e4631f7b,POS-AA696464,MER-59201B,2026-08-20T10:28:24.271291,4569.12,0,106.2,v2.2.0,1.06,Nagpur,21.1458,79.0882,1,normal,
d0a614ac-b873-4135-8f21-ecf2773a7cca,POS-4FA685DF,MER-202A96,2026-08-20T10:33:23.684396,2374.24,0,453.8,v2.3.0-beta,1.88,Hyderabad,17.385,78.4867,1,normal,
f7548ea0-93b6-4b8d-a0df-0adac67558a4,POS-F967E1DC,MER-6F1422,2026-08-20T10:38:20.909768,4051.88,0,22.3,v2.2.0,0.7,Nagpur,21.1458,79.0882,1,normal,
4e5f299f-a26c-42f3-9b7b-a248fa279f5e,POS-E9D66DA1,MER-38119E,2026-08-20T10:52:38.462422,2125.56,0,361.1,v2.1.1,1.28,Pune,18.5204,73.8567,1,normal,
daedb11d-b9eb-409e-ac50-51d4c6784324,POS-5EB40BC5,MER-FF8806,2026-08-20T11:19:05.484767,1281.07,1,392.1,v2.1.0,1.31,Kolkata,22.5726,88.3639,1,normal,
13ad30b3-4b53-49d1-b6ca-21742240c97e,POS-EDC02D19,MER-6176CA,2026-08-20T11:37:31.165715,2243.4,0,135.4,v2.1.0,1.54,Chennai,13.0827,80.2707,1,normal,
072d2f9d-3b1e-4057-acf9-725b34ef2c99,POS-43D83AB1,MER-C30AE6,2026-08-20T11:50:02.960365,385.01,0,195.8,v2.2.0,1.68,Kolkata,22.5726,88.3639,1,normal,
2a334821-ac50-4dc7-91c4-e3a7438397a5,POS-BC46E34D,MER-0DC332,2026-08-20T11:59:35.392216,3846.89,0,409.4,v2.2.0,1.01,Mumbai,19.076,72.8777,1,normal,
11697380-e273-4e0d-b25c-8a6f52c22504,POS-8D15D2C5,MER-4A3FBD,2026-08-20T12:01:28.982465,2846.98,0,481.5,v2.1.0,1.6,Nagpur,21.1458,79.0882,1,normal,
5df0bc4b-492d-4768-84b4-e20c46303aae,POS-198FC2BC,MER-7149CD,2026-08-20T12:06:31.652415,2687.06,0,126.5,v2.2.0,1.17,Bengaluru,12.9716,77.5946,1,normal,
860f6089-13cb-472a-a98e-659271aba37d,POS-6B16F045,MER-ECDE68,2026-08-20T12:08:07.863231,129.78,0,270.7,v2.3.0-beta,0.61,Delhi,28.7041,77.1025,1,normal,
d8de19ad-5fa8-48b1-a21c-94b62a105f72,POS-E2ABAA01,MER-94FBB2,2026-08-20T12:29:07.529698,4814.47,0,464.0,v2.1.0,1.77,Nagpur,21.1458,79.0882,1,normal,
6ebc6ce3-c50b-4ade-af7c-032a2a632922,POS-6EAB7795,MER-39C88B,2026-08-20T12:32:23.528395,3336.15,0,454.7,v2.2.0,0.74,Chennai,13.0827,80.2707,1,normal,
bd98c07d-e1d9-4dcd-8db3-32c5244f81dd,POS-9CD505AA,MER-1F157D,2026-08-20T12:34:44.024905,4063.32,1,13.4,v2.1.1,2.34,Pune,18.5204,73.8567,1,normal,
6d6189ce-cedb-4c90-a4c9-601fc2d0ce80,POS-5B84BAFA,MER-54F0E4,2026-08-20T12:41:16.411206,1911.11,0,109.9,v2.1.1,0.69,Chennai,13.0827,80.2707,1,normal,
88370613-ca23-49a1-8a65-b7657eee9336,POS-105BE397,MER-3B97DB,2026-08-20T13:27:01.205898,3348.53,0,168.2,v2.1.0,2.02,Chennai,13.0827,80.2707,1,normal,
b5e4d8be-5aeb-44c1-8588-0f1c7f955525,POS-6C3D83AB,MER-BCAE45,2026-08-20T13:29:09.215993,2147.91,0,458.6,v2.1.0,0.99,Bengaluru,12.9716,77.5946,1,normal,
ea0e47b4-7eee-4159-8927-72307ecf3011,POS-8BA2BC27,MER-CDDE89,2026-08-20T13:42:33.103438,1106.43,0,434.1,v2.1.1,2.88,Bengaluru,12.9716,77.5946,1,normal,
de01940c-f89e-4982-850e-810cb692e5fe,POS-47CB19EB,MER-7848E9,2026-08-20T13:55:35.494010,2205.34,1,224.5,v2.2.0,1.97,Bengaluru,12.9716,77.5946,1,normal,
e695223b-0b7c-4cb4-95c9-dcc8071528be,POS-8BA2BC27,MER-CDDE89,2026-08-20T14:09:13.428756,4250.65,0,19.5,v2.1.1,1.5,Bengaluru,12.9716,77.5946,1,normal,
5469b517-d5c4-4621-90e9-4041d1257cd5,POS-EBF11023,MER-16D60A,2026-08-20T14:27:46.548574,3201.65,1,459.8,v2.2.0,0.88,Hyderabad,17.385,78.4867,1,normal,
1d972a6e-bced-499e-8094-99c56d9c4268,POS-B66D5760,MER-221884,2026-08-20T14:29:18.023355,248.29,1,367.0,v2.1.0,1.76,Hyderabad,17.385,78.4867,1,normal,
566ca0c5-b99b-4ce1-bed4-24783461ef13,POS-15DBCFD0,MER-2D83F7,2026-08-20T14:44:47.577153,2693.91,1,296.4,v2.2.0,2.16,Hyderabad,17.385,78.4867,1,normal,
aa1ecebd-3b6c-4ff7-aba8-468f7505649c,POS-B7140521,MER-A41052,2026-08-20T14:53:07.051187,3931.88,1,268.1,v2.1.0,0.76,Nagpur,21.1458,79.0882,1,normal,
bb53940e-66f5-4cc2-86af-7cdc27c1a9b4,POS-A77B64DE,MER-1A5D0B,2026-08-20T14:53:56.122169,1305.57,0,179.2,v2.1.0,0.67,Kolkata,22.5726,88.3639,1,normal,
4d3b217a-ea70-4d99-8c09-24bc0034e8e5,POS-CC8EC905,MER-15DD11,2026-08-20T14:56:54.750040,1699.07,0,424.2,v2.1.0,2.84,Hyderabad,17.385,78.4867,1,normal,
b3985f6a-e614-4f0d-a965-a31dc58fe9a4,POS-D5F8541B,MER-EFC947,2026-08-20T15:02:15.468787,4052.35,0,53.6,v2.2.0,2.7,Bengaluru,12.9716,77.5946,1,normal,
07b1ed7d-87a7-4921-8cd6-e00753a7d30a,POS-E566E75E,MER-4CD30C,2026-08-20T15:02:27.737494,3267.93,0,252.4,v2.2.0,2.24,Nagpur,21.1458,79.0882,1,normal,
f38d3c18-4370-4b84-8784-5e6ddd227c81,POS-D5B36245,MER-8A9DAF,2026-08-20T15:04:46.666314,3496.76,0,166.7,v2.1.1,2.09,Kolkata,22.5726,88.3639,1,normal,
9d87409b-2769-415b-b84e-d2f51090b12c,POS-CC8EC905,MER-15DD11,2026-08-20T15:09:11.526664,4229.53,0,208.6,v2.1.0,1.98,Hyderabad,17.385,78.4867,1,normal,
0d11a73a-e33e-4780-a125-28d2880b3ff2,POS-5190E155,MER-85B4C2,2026-08-20T15:32:42.284129,467.43,0,20.5,v2.1.0,2.27,Delhi,28.7041,77.1025,1,normal,
9eb53ec2-3a45-43ba-8338-e2d94c109017,POS-91659503,MER-DC751C,2026-08-20T15:49:08.782197,2999.03,0,496.7,v2.1.1,1.25,Hyderabad,17.385,78.4867,1,normal,
00e55929-49c5-46ae-ab22-aec7c04d62f1,POS-0BC87AB9,MER-FCAB0C,2026-08-20T15:52:53.663821,461.31,0,356.8,v2.1.0,1.71,Nagpur,21.1458,79.0882,1,normal,
d629f119-7b2c-462c-8cbd-073af2622d62,POS-CBA73359,MER-269861,2026-08-20T15:54:49.990807,4471.2,0,271.1,v2.1.1,1.35,Hyderabad,17.385,78.4867,1,normal,
d355daa9-b5ed-44f3-ba4e-078d03034f1c,POS-AE4DEB2A,MER-78544D,2026-08-20T16:02:01.124086,1011.2,0,167.0,v2.2.0,2.18,Nagpur,21.1458,79.0882,1,normal,
77b4584f-db4a-4ba7-b06e-5f7950596373,POS-43D83AB1,MER-C30AE6,2026-08-20T16:07:04.681569,4919.16,0,233.0,v2.2.0,0.7,Kolkata,22.5726,88.3639,1,normal,
2b5479cc-87a9-430c-80d5-3722bbe40702,POS-1B73B11B,MER-95FEFA,2026-08-20T16:07:54.979885,3403.49,1,483.4,v2.2.0,1.33,Hyderabad,17.385,78.4867,1,normal,
52e7d5db-a3ff-4a3b-ba8d-57ef786ae3be,POS-47CB19EB,MER-7848E9,2026-08-20T16:08:37.055388,3419.12,0,321.0,v2.2.0,1.94,Bengaluru,12.9716,77.5946,1,normal,
f8081916-3c29-42fc-bcab-e0dedfe6c345,POS-A320C8AA,MER-9451DE,2026-08-20T16:15:23.154456,66.17,0,406.2,v2.2.0,1.14,Nagpur,21.1458,79.0882,1,normal,
c9c2202a-f40b-4f10-8574-5bc774cd0ef4,POS-EDC02D19,MER-6176CA,2026-08-20T16:30:25.128844,3313.29,0,495.5,v2.1.0,1.87,Chennai,13.0827,80.2707,1,normal,
1d6ea3b0-9bc1-47fe-b005-57b6303200da,POS-EDC02D19,MER-6176CA,2026-08-20T16:30:33.566947,1113.37,0,11.8,v2.1.0,2.55,Chennai,13.0827,80.2707,1,normal,
a7519046-2387-4fc8-b1e8-7e2c9a3e7d94,POS-C9DBE224,MER-11AEAE,2026-08-20T16:30:46.595469,4936.07,0,186.5,v2.3.0-beta,2.59,Bengaluru,12.9716,77.5946,1,normal,
5be3f069-3d4e-445f-aee6-8168d3009e61,POS-D1DB24C2,MER-26B633,2026-08-20T16:59:07.165190,175.71,0,441.4,v2.3.0-beta,0.61,Hyderabad,17.385,78.4867,1,normal,
8815211c-77f8-48ca-a350-d3fa2db57a4d,POS-4FA685DF,MER-202A96,2026-08-20T17:06:19.047811,3183.39,0,226.4,v2.3.0-beta,0.74,Hyderabad,17.385,78.4867,1,normal,
65840715-1a04-47d7-8e02-036c18c6fae2,POS-6B16F045,MER-ECDE68,2026-08-20T17:20:55.638684,4893.49,1,325.5,v2.3.0-beta,0.85,Delhi,28.7041,77.1025,1,normal,
7ef92a45-fa7d-4a27-82b8-8ee5059baaa2,POS-80C06FB8,MER-0D360C,2026-08-20T17:22:01.468653,4789.86,0,9.3,v2.1.0,1.4,Delhi,28.7041,77.1025,1,normal,
c7b62720-abf1-40d7-8470-fec8efea53fa,POS-AD5BA00A,MER-5FE21C,2026-08-20T17:57:12.358230,3291.43,0,462.4,v2.3.0-beta,2.65,Pune,18.5204,73.8567,1,normal,
c3c28fd4-2bfc-4190-9f82-9db0f211918a,POS-483FD0E6,MER-A77E7B,2026-08-20T18:19:21.201492,2662.08,0,442.5,v2.2.0,2.41,Kolkata,22.5726,88.3639,1,normal,
282871cc-8387-4441-a982-4450593ca8da,POS-FB95985B,MER-7765F7,2026-08-20T18:54:49.448036,3920.48,0,240.4,v2.1.0,2.45,Hyderabad,17.385,78.4867,1,normal,
eb9088fd-590a-4800-869a-3baed38d13a5,POS-6EAB7795,MER-39C88B,2026-08-20T18:58:38.673149,1089.36,0,1.7,v2.2.0,1.37,Chennai,13.0827,80.2707,1,normal,
3a5f8254-a427-4a14-bda7-d7b51f9a6a3e,POS-3BF5E359,MER-A82822,2026-08-20T19:04:07.283163,4982.46,0,465.5,v2.2.0,1.76,Mumbai,19.076,72.8777,1,normal,
5009bdca-850c-499a-abd2-83aff252db3b,POS-BB11FCF8,MER-275B28,2026-08-20T19:18:42.678673,1167.99,0,327.2,v2.1.0,2.65,Mumbai,19.076,72.8777,1,normal,
bd830013-c214-480c-afa0-75bbcdfa6967,POS-EBF11023,MER-16D60A,2026-08-20T19:20:19.835477,2934.5,1,424.0,v2.2.0,2.63,Hyderabad,17.385,78.4867,1,normal,
e2eee91c-1e58-4be1-b9b8-eb1aa7da845a,POS-9CD505AA,MER-1F157D,2026-08-20T19:31:14.901844,493.81,0,235.4,v2.1.1,1.45,Pune,18.5204,73.8567,1,normal,
4bb9a43d-3651-4fdf-80cd-da825b3ff2ba,POS-6C1EE20B,MER-F3F810,2026-08-20T19:49:53.327413,3232.95,1,446.7,v2.1.1,0.73,Bengaluru,12.9716,77.5946,1,normal,
8418f752-234e-4263-8266-efc4df67fc4b,POS-34F01FAC,MER-FE16C9,2026-08-20T20:04:54.804185,60.33,0,17.3,v2.1.1,1.23,Chennai,13.0827,80.2707,1,normal,
a71ef6e7-9ffa-4a63-8135-1fc3c44e7181,POS-AB472E48,MER-7D45F8,2026-08-20T20:06:33.001409,2935.35,0,202.0,v2.1.0,1.99,Bengaluru,12.9716,77.5946,1,normal,
24a610fc-140e-4407-a61e-0f93ab698d84,POS-FC80D3D1,MER-FD74EE,2026-08-20T20:13:08.506752,853.35,0,81.0,v2.1.1,2.54,Mumbai,19.076,72.8777,1,normal,
70d8283b-d9c7-49cb-b8ed-9254be434a68,POS-D9E1B170,MER-4FA9A0,2026-08-20T20:16:26.723334,1296.15,1,301.1,v2.1.1,1.73,Delhi,28.7041,77.1025,1,normal,
ac46ebc8-4e41-4af9-842f-c5009a77d7c5,POS-778516AB,MER-714018,2026-08-20T20:42:01.773257,1492.31,0,458.3,v2.1.0,1.02,Delhi,28.7041,77.1025,1,normal,
d6317ad7-5866-41a7-96bc-b4ce17890d57,POS-FD4A2FB5,MER-DB7A61,2026-08-20T21:10:45.685304,4676.18,0,493.1,v2.1.1,1.68,Delhi,28.7041,77.1025,1,normal,
c6758d51-bbae-488d-89bc-eeda1cfe493d,POS-383A0EE8,MER-ECE86F,2026-08-20T21:13:25.287358,2072.32,0,426.5,v2.1.1,2.1,Mumbai,19.076,72.8777,1,normal,
d8f6b635-1212-484d-b611-d5c6a37a5f90,POS-B27C0D31,MER-6BDAEB,2026-08-20T21:26:53.988092,1269.66,1,444.7,v2.1.1,0.61,Pune,18.5204,73.8567,1,normal,
aca74aac-03cb-4181-845a-778ab65cb32d,POS-0E673AA4,MER-A73341,2026-08-20T21:46:27.646277,4039.4,0,45.7,v2.2.0,0.54,Hyderabad,17.385,78.4867,1,normal,
609a7c53-df03-45ba-9214-1a4f145a9598,POS-76F7895E,MER-F17607,2026-08-20T21:57:26.172020,3613.72,0,261.7,v2.1.1,2.04,Pune,18.5204,73.8567,1,normal,
85f7ea15-120d-4dbc-aea9-0492b31fd30e,POS-B66D5760,MER-221884,2026-08-20T21:59:47.051989,165.87,0,278.7,v2.1.0,1.73,Hyderabad,17.385,78.4867,1,normal,
f9818a77-e178-48ec-b084-25a1bd75aa07,POS-D3B57689,MER-58F164,2026-08-20T22:02:19.834496,1023.8,0,146.1,v2.2.0,0.58,Hyderabad,17.385,78.4867,1,normal,
d7910236-977a-45f6-b7dd-9c6a86c6d1c4,POS-73F6AE86,MER-2BE75A,2026-08-20T22:08:08.308111,2529.72,0,358.6,v2.3.0-beta,2.89,Chennai,13.0827,80.2707,1,normal,
b0e3b27a-6c95-4d38-98e9-269f1ee9b003,POS-AA696464,MER-59201B,2026-08-20T22:08:42.452494,3643.22,0,60.8,v2.2.0,2.53,Nagpur,21.1458,79.0882,1,normal,
13ae42e5-1bdb-48d7-8c95-2b064ea6cd3d,POS-483FD0E6,MER-A77E7B,2026-08-20T22:19:32.348157,3460.64,1,366.1,v2.2.0,1.54,Kolkata,22.5726,88.3639,1,normal,
8510467b-9fff-4681-9a24-3074a39e107c,POS-70A8C312,MER-778AE7,2026-08-20T22:41:09.434152,4062.04,0,334.3,v2.1.0,2.27,Chennai,13.0827,80.2707,1,normal,
a0cd65c9-2824-4407-93c8-aab7183d5ae9,POS-00CFCF07,MER-73C8B8,2026-08-20T22:43:26.812933,4604.0,1,464.4,v2.3.0-beta,1.87,Kolkata,22.5726,88.3639,1,normal,
c427c69e-ea59-4904-8b13-cf09194b72f0,POS-D2E37BD7,MER-94832D,2026-08-20T22:45:51.994868,3746.49,1,489.2,v2.3.0-beta,2.4,Kolkata,22.5726,88.3639,1,normal,
feec1d9f-e55e-42b0-aa92-b66a2d3a8ce6,POS-0FF08306,MER-2B307F,2026-08-20T22:53:56.590645,474.36,8,58.5,v2.1.1,13.74,Nagpur,21.1458,79.0882,1,fraud,retry_storm
579e8af4-8197-451a-8ea9-f13d7c3a417c,POS-BB11FCF8,MER-275B28,2026-08-20T23:04:57.462032,692.1,1,239.9,v2.1.0,0.81,Mumbai,19.076,72.8777,1,normal,
b2593125-9627-4216-b8b8-2b8815156643,POS-24B8E3FE,MER-C60B06,2026-08-20T23:08:28.421525,4470.2,0,91.9,v2.3.0-beta,2.75,Bengaluru,12.9716,77.5946,1,normal,
10a5ddfc-fef3-4097-be2f-94be7bd993e0,POS-BC46E34D,MER-0DC332,2026-08-20T23:14:04.009058,3774.3,0,5.3,v2.2.0,1.25,Mumbai,19.076,72.8777,1,normal,
c1cb2318-5f6c-4b20-b2e4-ab2e59f74a19,POS-9CD505AA,MER-1F157D,2026-08-20T23:19:04.488983,4372.01,1,54.9,v2.1.1,1.03,Pune,18.5204,73.8567,1,normal,
6b98c183-692b-4123-a1dc-5787983880a9,POS-CC8EC905,MER-15DD11,2026-08-20T23:19:17.912794,4244.13,1,343.4,v2.1.0,1.73,Hyderabad,17.385,78.4867,1,normal,
270d262e-8700-4a5e-8759-0855f79ab6d2,POS-A77B64DE,MER-1A5D0B,2026-08-20T23:35:14.750454,4415.59,0,370.3,v2.1.0,1.58,Kolkata,22.5726,88.3639,1,normal,
cbfc59ff-88a8-4142-86e7-6f128d60d1ad,POS-7F1981DF,MER-B33B9B,2026-08-20T23:43:58.501785,244.1,1,427.6,v2.2.0,2.31,Nagpur,21.1458,79.0882,1,normal,
9262a4db-47d4-4862-b208-3ddeea5a6e82,POS-CC8EC905,MER-15DD11,2026-08-20T23:45:40.345988,4960.06,0,0.3,v2.2.0,4.26,Mumbai,19.076,72.8777,0,fraud,device_spoof
9c7d6e47-8b5e-4fe2-8f86-a0e9a07efc49,POS-74235C6B,MER-4BCD8F,2026-08-20T23:51:32.942778,468.03,1,438.1,v2.1.1,0.54,Pune,18.5204,73.8567,1,normal,
ec95e52f-8582-42f0-873f-1ef36ec75161,POS-4A5BFB60,MER-B81D68,2026-08-20T23:58:40.842363,3528.55,0,286.1,v2.1.1,0.75,Chennai,13.0827,80.2707,1,normal,
