transaction_id,device_id,merchant_id,timestamp,transaction_amount,retry_count,device_uptime_hrs,firmware_version,last_ping_gap_sec,geo_city,geo_lat,geo_lon,ip_consistency_flag,label,fraud_type,burst_count_5min,velocity_15min,device_count_1h,device_count_6h,device_count_24h,merchant_velocity_15min,ring_community_id,ring_size,ring_score,merchant_avg_amount,merchant_std_amount,merchant_avg_velocity,merchant_amount_deviation,merchant_velocity_deviation,device_avg_amount,device_std_amount,device_avg_burst,device_amount_deviation,device_burst_deviation,anomaly_score,anomaly_raw_score,anomaly_risk,risk_score,risk_priority,merchant_risk_mean,merchant_risk_std,merchant_adaptive_threshold,merchant_adaptive_flag,risk_reasons,incident_id,investigation_priority
1d0baf37-9692-45cd-986e-18c32905bc7e,POS-CBA73359,MER-269861,2026-08-19 07:48:10.460623+00:00,16.43,2,35.1,v2.1.1,1.25,Hyderabad,17.385,78.4867,1,fraud,card_testing,12.0,12.0,12.0,12.0,12.0,12.0,RING-004,4,62.5,2005.3451612903225,1883.3696992250725,3.129032258064516,1.05604075615567,3.8350515463917527,2005.3451612903225,1883.3696992250725,3.129032258064516,1.05604075615567,3.8350515463917527,-1,-0.1859234776548475,100.0,87.72,CRITICAL,38.55,23.972710179146063,86.49542035829212,True,"Isolation Forest anomaly; high transaction burst (12 in 5 min); high device velocity (12 in 15 min); merchant activity above its normal baseline; device burst rate above its normal baseline; device in suspected abuse ring (RING-004, 4 devices)",INC-0017,P0 — Immediate
4f4ace69-dc68-4b31-93c2-efa25f84578a,POS-8BA2BC27,MER-CDDE89,2026-08-09 10:41:17.535412+00:00,10.61,2,57.9,v2.1.1,1.06,Bengaluru,12.9716,77.5946,1,fraud,card_testing,12.0,12.0,12.0,12.0,14.0,12.0,RING-012,2,54.17,1555.2063157894736,1538.7944675646847,2.763157894736842,1.0037703854199391,4.3428571428571425,1555.2063157894736,1538.7944675646847,2.763157894736842,1.0037703854199391,4.3428571428571425,-1,-0.18124811436899158,100.0,87.14,CRITICAL,33.04394736842105,24.335251878646233,81.71445112571351,True,"Isolation Forest anomaly; high transaction burst (12 in 5 min); high device velocity (12 in 15 min); merchant activity above its normal baseline; device burst rate above its normal baseline; device in suspected abuse ring (RING-012, 2 devices)",INC-0006,P0 — Immediate
3aca4c9b-4aae-4c0a-b94d-9ebb98951ef6,POS-0AE6C0D2,MER-897854,2026-08-20 06:24:39.721418+00:00,19.24,0,394.6,v2.1.1,1.21,Kolkata,22.5726,88.3639,1,fraud,card_testing,12.0,12.0,12.0,13.0,14.0,12.0,RING-027,3,50.0,1696.6145238095237,1639.2351669726986,2.5714285714285716,1.0232665560166452,4.666666666666666,1696.6145238095237,1639.2351669726986,2.5714285714285716,1.0232665560166452,4.666666666666666,-1,-0.18775996917616422,100.0,86.57,CRITICAL,31.454523809523806,23.595713459655148,78.6459507288341,True,"Isolation Forest anomaly; high transaction burst (12 in 5 min); high device velocity (12 in 15 min); merchant activity above its normal baseline; device burst rate above its normal baseline; device in suspected abuse ring (RING-027, 3 devices)",INC-0021,P0 — Immediate
cdecc04f-38f8-498a-90bd-b5aa4c2a9a49,POS-8BA2BC27,MER-CDDE89,2026-08-09 10:41:15.445199+00:00,19.24,0,407.5,v2.1.1,0.79,Bengaluru,12.9716,77.5946,1,fraud,card_testing,11.0,11.0,11.0,11.0,13.0,11.0,RING-012,2,54.17,1555.2063157894736,1538.7944675646847,2.763157894736842,0.998162099075072,3.980952380952381,1555.2063157894736,1538.7944675646847,2.763157894736842,0.998162099075072,3.980952380952381,-1,-0.1664939241980048,100.0,86.52,CRITICAL,33.04394736842105,24.335251878646233,81.71445112571351,True,"Isolation Forest anomaly; high transaction burst (11 in 5 min); high device velocity (11 in 15 min); merchant activity above its normal baseline; device burst rate above its normal baseline; device in suspected abuse ring (RING-012, 2 devices)",INC-0006,P0 — Immediate
b83d28e8-9a8a-4177-868d-fd6fd56fc5f4,POS-0AE6C0D2,MER-897854,2026-08-20 06:24:33.570645+00:00,7.24,2,446.5,v2.1.1,0.46,Kolkata,22.5726,88.3639,1,fraud,card_testing,11.0,11.0,11.0,12.0,13.0,11.0,RING-027,3,50.0,1696.6145238095237,1639.2351669726986,2.5714285714285716,1.0305870431814987,4.277777777777778,1696.6145238095237,1639.2351669726986,2.5714285714285716,1.0305870431814987,4.277777777777778,-1,-0.17797451126445707,100.0,86.09,CRITICAL,31.454523809523806,23.595713459655148,78.6459507288341,True,"Isolation Forest anomaly; high transaction burst (11 in 5 min); high device velocity (11 in 15 min); merchant activity above its normal baseline; device burst rate above its normal baseline; device in suspected abuse ring (RING-027, 3 devices)",INC-0021,P0 — Immediate
f49b174c-7c9a-40f1-a3d1-99f7ce1fa33a,POS-C2744B6C,MER-4093C0,2026-08-03 03:24:08.228331+00:00,19.88,0,63.7,v2.1.1,0.68,Nagpur,21.1458,79.0882,1,fraud,card_testing,12.0,12.0,12.0,12.0,12.0,12.0,RING-023,4,43.75,1419.55,1594.3698370065363,3.0,0.8778828898493906,4.0,1419.55,1594.3698370065363,3.0,0.8778828898493906,4.0,-1,-0.17798629408843492,100.0,85.2,CRITICAL,31.704545454545453,24.882663780595955,81.46987301573736,True,"Isolation Forest anomaly; high transaction burst (12 in 5 min); high device velocity (12 in 15 min); merchant activity above its normal baseline; device burst rate above its normal baseline; device in suspected abuse ring (RING-023, 4 devices)",INC-0003,P0 — Immediate
1c242dbe-675a-4d07-838d-c4812b5eb02e,POS-CC26C0E8,MER-0D1C10,2026-08-08 17:57:38.683393+00:00,11.61,1,409.4,v2.1.0,0.75,Delhi,28.7041,77.1025,1,fraud,card_testing,12.0,12.0,12.0,12.0,13.0,12.0,RING-024,9,41.67,1473.9082857142857,1535.6094075326762,2.8857142857142857,0.9522592649805511,4.158415841584159,1473.9082857142857,1535.6094075326762,2.8857142857142857,0.9522592649805511,4.158415841584159,-1,-0.17618032710996756,100.0,85.11,CRITICAL,31.180285714285713,24.691913475719875,80.56411266572546,True,"Isolation Forest anomaly; high transaction burst (12 in 5 min); high device velocity (12 in 15 min); merchant activity above its normal baseline; device burst rate above its normal baseline; device in suspected abuse ring (RING-024, 9 devices)",INC-0005,P0 — Immediate
135366e9-132c-4422-9fd9-7f78f1035c87,POS-81C99677,MER-2280B3,2026-08-09 19:00:16.332159+00:00,10.3,2,42.9,v2.1.0,0.38,Nagpur,21.1458,79.0882,1,fraud,card_testing,12.0,12.0,12.0,12.0,12.0,12.0,RING-020,6,37.5,2000.400487804878,1774.8479734937175,2.6097560975609757,1.1212794095752576,4.598130841121495,2000.400487804878,1774.8479734937175,2.6097560975609757,1.1212794095752576,4.598130841121495,-1,-0.18811912944438336,100.0,84.99,CRITICAL,30.200000000000003,23.373679000106083,76.94735800021218,True,Isolation Forest anomaly; high transaction burst (12 in 5 min); high device velocity (12 in 15 min); merchant activity above its normal baseline; device burst rate above its normal baseline,INC-0007,P0 — Immediate
20ca402d-2058-470b-8dcf-6990cb4b271b,POS-10016958,MER-25A16E,2026-08-12 18:39:18.933318+00:00,12.09,2,269.9,v2.1.1,1.09,Delhi,28.7041,77.1025,1,fraud,card_testing,12.0,12.0,12.0,14.0,14.0,12.0,RING-014,11,45.45,1364.4054838709678,1433.3486462124017,3.161290322580645,0.9434658395530198,3.795918367346939,1364.4054838709678,1433.3486462124017,3.129032258064516,0.9434658395530198,3.8350515463917527,-1,-0.18477365009377777,100.0,84.73,CRITICAL,34.15806451612904,24.96172475602796,84.08151402818496,True,"Isolation Forest anomaly; high transaction burst (12 in 5 min); high device velocity (12 in 15 min); merchant activity above its normal baseline; device burst rate above its normal baseline; device in suspected abuse ring (RING-014, 11 devices)",INC-0012,P0 — Immediate
6ecb9b86-1e70-4a16-89a5-72cd37d8ab74,POS-CBA73359,MER-269861,2026-08-19 07:48:01.838334+00:00,10.03,0,143.3,v2.1.1,0.97,Hyderabad,17.385,78.4867,1,fraud,card_testing,11.0,11.0,11.0,11.0,11.0,11.0,RING-004,4,62.5,2005.3451612903225,1883.3696992250725,3.129032258064516,1.05943892062791,3.515463917525773,2005.3451612903225,1883.3696992250725,3.129032258064516,1.05943892062791,3.515463917525773,-1,-0.15248429929198293,97.38153103405692,84.71,CRITICAL,38.55,23.972710179146063,86.49542035829212,False,"Isolation Forest anomaly; high transaction burst (11 in 5 min); high device velocity (11 in 15 min); merchant activity above its normal baseline; device burst rate above its normal baseline; device in suspected abuse ring (RING-004, 4 devices)",INC-0017,P0 — Immediate
cfe57121-7c34-4ac6-b954-ec6cd71b8a35,POS-055D6FBC,MER-294500,2026-08-19 19:10:09.573178+00:00,19.78,2,157.6,v2.2.0,1.15,Kolkata,22.5726,88.3639,1,fraud,card_testing,12.0,12.0,12.0,13.0,13.0,12.0,RING-002,6,37.5,1649.753846153846,1628.2081136322763,2.6923076923076925,1.0010844636547294,4.457142857142856,1649.753846153846,1628.2081136322763,2.6923076923076925,1.0010844636547294,4.457142857142856,-1,-0.1839596189729763,100.0,84.63,CRITICAL,30.974102564102566,24.287905449978563,79.5499134640597,True,Isolation Forest anomaly; high transaction burst (12 in 5 min); high device velocity (12 in 15 min); merchant activity above its normal baseline; device burst rate above its normal baseline,INC-0020,P0 — Immediate
681ca310-09df-45ab-bcfd-3cf1cb97f9e0,POS-81C99677,MER-2280B3,2026-08-09 19:00:09.142635+00:00,14.54,1,51.6,v2.1.0,0.44,Nagpur,21.1458,79.0882,1,fraud,card_testing,11.0,11.0,11.0,11.0,11.0,11.0,RING-020,6,37.5,2000.400487804878,1774.8479734937175,2.6097560975609757,1.1188904725714568,4.214953271028037,2000.400487804878,1774.8479734937175,2.6097560975609757,1.1188904725714568,4.214953271028037,-1,-0.16290206792578366,100.0,84.48,CRITICAL,30.200000000000003,23.373679000106083,76.94735800021218,True,Isolation Forest anomaly; high transaction burst (11 in 5 min); high device velocity (11 in 15 min); merchant activity above its normal baseline; device burst rate above its normal baseline,INC-0007,P0 — Immediate
5a3d046d-3caa-4bb1-b21f-558cb58f974f,POS-00CFCF07,MER-73C8B8,2026-08-01 08:25:39.220945+00:00,2.79,0,391.3,v2.3.0-beta,0.75,Kolkata,22.5726,88.3639,1,fraud,card_testing,12.0,12.0,12.0,12.0,12.0,12.0,RING-025,4,43.75,1845.3763333333334,1825.8477593851055,3.2,1.0091675627730676,3.75,1845.3763333333334,1825.8477593851055,3.2,1.0091675627730676,3.75,-1,-0.18088080862871536,100.0,84.34,CRITICAL,34.71966666666666,25.13993148474099,84.99952963614865,False,"Isolation Forest anomaly; high transaction burst (12 in 5 min); high device velocity (12 in 15 min); merchant activity above its normal baseline; device burst rate above its normal baseline; device in suspected abuse ring (RING-025, 4 devices)",INC-0001,P0 — Immediate
e0f8534f-a3b9-46f7-896e-97cc3e35326b,POS-28402991,MER-833A0C,2026-08-11 22:53:36.857335+00:00,13.47,1,42.0,v2.1.1,1.17,Hyderabad,17.385,78.4867,1,fraud,card_testing,12.0,12.0,12.0,12.0,12.0,12.0,RING-004,4,62.5,2395.948928571429,6941.196969839829,3.357142857142857,0.3432374760323803,3.574468085106383,2395.948928571429,6941.196969839829,3.357142857142857,0.3432374760323803,3.574468085106383,-1,-0.17312286442172142,100.0,84.28,CRITICAL,36.223214285714285,25.309750580969766,86.84271544765382,False,"Isolation Forest anomaly; high transaction burst (12 in 5 min); high device velocity (12 in 15 min); merchant activity above its normal baseline; device burst rate above its normal baseline; device in suspected abuse ring (RING-004, 4 devices)",INC-0011,P0 — Immediate
18fc037d-e6c7-4747-98ab-8628d1f45a57,POS-77B485D3,MER-340AFB,2026-08-19 12:19:32.337859+00:00,18.08,1,427.7,v2.1.0,1.34,Delhi,28.7041,77.1025,1,fraud,card_testing,12.0,12.0,12.0,12.0,14.0,12.0,RING-024,9,41.67,1683.6415625,1847.451964654002,3.125,0.9015452603726738,3.84,1683.6415625,1847.451964654002,3.09375,0.9015452603726738,3.878787878787879,-1,-0.18543877731645864,100.0,84.25,CRITICAL,33.5609375,24.392819588555945,82.3465766771119,True,"Isolation Forest anomaly; high transaction burst (12 in 5 min); high device velocity (12 in 15 min); merchant activity above its normal baseline; device burst rate above its normal baseline; device in suspected abuse ring (RING-024, 9 devices)",INC-0019,P0 — Immediate
e85284c4-9353-4020-bcf3-ef574c772c08,POS-0AE6C0D2,MER-897854,2026-08-20 06:24:27.144084+00:00,18.83,2,227.7,v2.1.1,0.62,Kolkata,22.5726,88.3639,1,fraud,card_testing,10.0,10.0,10.0,11.0,12.0,10.0,RING-027,3,50.0,1696.6145238095237,1639.2351669726986,2.5714285714285716,1.0235166726614444,3.8888888888888884,1696.6145238095237,1639.2351669726986,2.5714285714285716,1.0235166726614444,3.8888888888888884,-1,-0.15176685550178703,97.18159433803083,84.03,CRITICAL,31.454523809523806,23.595713459655148,78.6459507288341,True,"Isolation Forest anomaly; high transaction burst (10 in 5 min); high device velocity (10 in 15 min); merchant activity above its normal baseline; device burst rate above its normal baseline; device in suspected abuse ring (RING-027, 3 devices)",INC-0021,P0 — Immediate
c9cd8dea-905c-4fb3-b658-174d9427b655,POS-FA8E124D,MER-079B19,2026-08-19 12:13:19.841064+00:00,7.05,0,337.0,v2.1.1,0.32,Delhi,28.7041,77.1025,1,fraud,card_testing,12.0,12.0,12.0,12.0,12.0,12.0,RING-014,11,45.45,1983.6056250000001,3685.2812280983103,3.0625,0.5363377996582226,3.9183673469387754,1983.6056250000001,3685.2812280983103,3.0625,0.5363377996582226,3.9183673469387754,-1,-0.1814959013462416,100.0,84.02,CRITICAL,32.511875,25.41684372139988,83.34556244279976,True,"Isolation Forest anomaly; high transaction burst (12 in 5 min); high device velocity (12 in 15 min); merchant activity above its normal baseline; device burst rate above its normal baseline; device in suspected abuse ring (RING-014, 11 devices)",INC-0018,P0 — Immediate
8e7b38bb-a7bf-47ef-94cc-cc4736f83c7b,POS-055D6FBC,MER-294500,2026-08-19 19:10:08.036992+00:00,6.43,1,132.5,v2.2.0,1.49,Kolkata,22.5726,88.3639,1,fraud,card_testing,11.0,11.0,11.0,12.0,12.0,11.0,RING-002,6,37.5,1649.753846153846,1628.2081136322763,2.6923076923076925,1.0092836612193565,4.085714285714285,1649.753846153846,1628.2081136322763,2.6923076923076925,1.0092836612193565,4.085714285714285,-1,-0.16055320135126638,99.63016659315898,84.02,CRITICAL,30.974102564102566,24.287905449978563,79.5499134640597,True,Isolation Forest anomaly; high transaction burst (11 in 5 min); high device velocity (11 in 15 min); merchant activity above its normal baseline; device burst rate above its normal baseline,INC-0020,P0 — Immediate
dd86b30d-e48c-4e99-8dfd-b72690e1c0d7,POS-24B8E3FE,MER-C60B06,2026-08-12 23:07:58.407789+00:00,2.36,1,95.5,v2.3.0-beta,1.12,Bengaluru,12.9716,77.5946,1,fraud,card_testing,12.0,12.0,12.0,13.0,13.0,12.0,RING-011,7,46.43,1217.6675862068967,1391.0000955752641,3.2758620689655173,0.8736933879967077,3.663157894736842,1217.6675862068967,1391.0000955752641,3.2758620689655173,0.8736933879967077,3.663157894736842,-1,-0.17709500607327955,100.0,83.9,CRITICAL,34.18103448275862,25.405093885286018,84.99122225333065,False,"Isolation Forest anomaly; high transaction burst (12 in 5 min); high device velocity (12 in 15 min); merchant activity above its normal baseline; device burst rate above its normal baseline; device in suspected abuse ring (RING-011, 7 devices)",INC-0013,P0 — Immediate
ecca7d4b-50c1-42a8-afc2-44c33a358eba,POS-CC26C0E8,MER-0D1C10,2026-08-08 17:57:31.097649+00:00,9.08,0,92.9,v2.1.0,1.33,Delhi,28.7041,77.1025,1,fraud,card_testing,11.0,11.0,11.0,11.0,12.0,11.0,RING-024,9,41.67,1473.9082857142857,1535.6094075326762,2.8857142857142857,0.9539068193570673,3.8118811881188117,1473.9082857142857,1535.6094075326762,2.8857142857142857,0.9539068193570673,3.8118811881188117,-1,-0.16089349511324702,99.72499940289049,83.58,CRITICAL,31.180285714285713,24.691913475719875,80.56411266572546,True,"Isolation Forest anomaly; high transaction burst (11 in 5 min); high device velocity (11 in 15 min); merchant activity above its normal baseline; device burst rate above its normal baseline; device in suspected abuse ring (RING-024, 9 devices)",INC-0005,P0 — Immediate
849d4968-7781-44f3-a06a-52ba08d1b5a9,POS-FB95985B,MER-7765F7,2026-08-17 04:51:47.192148+00:00,7.57,0,144.1,v2.1.0,1.34,Hyderabad,17.385,78.4867,1,fraud,card_testing,12.0,12.0,12.0,12.0,12.0,12.0,RING-019,4,43.75,1458.8658620689655,1716.3588127726284,3.2758620689655173,0.845566702759852,3.663157894736842,1458.8658620689655,1716.3588127726284,3.2758620689655173,0.845566702759852,3.663157894736842,-1,-0.1760553412789836,100.0,83.41,CRITICAL,34.471724137931034,25.05971554806147,84.59115523405397,False,"Isolation Forest anomaly; high transaction burst (12 in 5 min); high device velocity (12 in 15 min); merchant activity above its normal baseline; device burst rate above its normal baseline; device in suspected abuse ring (RING-019, 4 devices)",INC-0016,P0 — Immediate
eb7f45cc-bebb-4531-a25b-7baa524f1950,POS-DEE4DD42,MER-D53081,2026-08-16 00:02:46.409712+00:00,3.11,2,10.9,v2.1.0,0.56,Mumbai,19.076,72.8777,1,fraud,card_testing,12.0,12.0,12.0,12.0,12.0,12.0,RING-016,9,33.33,1355.9837499999999,1597.4043431601071,3.0625,0.8469200398714591,3.9183673469387754,1355.9837499999999,1597.4043431601071,3.0625,0.8469200398714591,3.9183673469387754,-1,-0.19227308738539806,100.0,83.13,CRITICAL,33.758125,24.871361745603018,83.50084849120603,False,Isolation Forest anomaly; high transaction burst (12 in 5 min); high device velocity (12 in 15 min); merchant activity above its normal baseline; device burst rate above its normal baseline,INC-0015,P0 — Immediate
616258b3-20d1-4981-96fc-c16b2f0e820e,POS-A22B806C,MER-66332B,2026-08-10 05:19:52.539041+00:00,3.63,1,102.9,v2.1.1,1.04,Delhi,28.7041,77.1025,1,fraud,card_testing,12.0,12.0,12.0,12.0,13.0,12.0,RING-014,11,45.45,1636.4144444444446,1713.4661851982808,3.4444444444444446,0.952913140947395,3.4838709677419355,1636.4144444444446,1713.4661851982808,3.4444444444444446,0.952913140947395,3.4838709677419355,-1,-0.17127934923286725,100.0,83.1,CRITICAL,35.495925925925924,25.35330159948211,86.20252912489013,False,"Isolation Forest anomaly; high transaction burst (12 in 5 min); high device velocity (12 in 15 min); merchant activity above its normal baseline; device burst rate above its normal baseline; device in suspected abuse ring (RING-014, 11 devices)",INC-0008,P0 — Immediate
c5e494b5-0cfa-42ec-9cc7-605c396a86c2,POS-C2744B6C,MER-4093C0,2026-08-03 03:24:01.336578+00:00,15.88,0,428.1,v2.1.1,0.63,Nagpur,21.1458,79.0882,1,fraud,card_testing,11.0,11.0,11.0,11.0,11.0,11.0,RING-023,4,43.75,1419.55,1594.3698370065363,3.0,0.8803917180441776,3.6666666666666665,1419.55,1594.3698370065363,3.0,0.8803917180441776,3.6666666666666665,-1,-0.16161399663830045,99.9257882261677,83.01,CRITICAL,31.704545454545453,24.882663780595955,81.46987301573736,True,"Isolation Forest anomaly; high transaction burst (11 in 5 min); high device velocity (11 in 15 min); merchant activity above its normal baseline; device burst rate above its normal baseline; device in suspected abuse ring (RING-023, 4 devices)",INC-0003,P0 — Immediate
316c9e61-245f-46dc-867c-0fe9d122d333,POS-C72F113B,MER-DDFFD5,2026-08-02 00:08:14.134531+00:00,3.11,0,274.0,v2.3.0-beta,1.49,Bengaluru,12.9716,77.5946,1,fraud,card_testing,12.0,12.0,12.0,13.0,14.0,12.0,RING-011,7,46.43,1195.0918518518517,1432.7435241737523,3.4444444444444446,0.831957591669629,3.4838709677419355,1195.0918518518517,1432.7435241737523,3.4444444444444446,0.831957591669629,3.4838709677419355,-1,-0.18645123793376717,100.0,82.88,CRITICAL,36.135185185185186,25.161801386284907,86.45878795775499,False,"Isolation Forest anomaly; high transaction burst (12 in 5 min); high device velocity (12 in 15 min); merchant activity above its normal baseline; device burst rate above its normal baseline; device in suspected abuse ring (RING-011, 7 devices)",INC-0002,P0 — Immediate
c40a4343-21a3-44b9-b0b2-1479482b7896,POS-8BA2BC27,MER-CDDE89,2026-08-09 10:41:14.474746+00:00,17.76,2,305.1,v2.1.1,0.76,Bengaluru,12.9716,77.5946,1,fraud,card_testing,10.0,10.0,10.0,10.0,12.0,10.0,RING-012,2,54.17,1555.2063157894736,1538.7944675646847,2.763157894736842,0.9991238909395452,3.619047619047619,1555.2063157894736,1538.7944675646847,2.763157894736842,0.9991238909395452,3.619047619047619,-1,-0.14798702854869572,96.12823500468822,82.86,CRITICAL,33.04394736842105,24.335251878646233,81.71445112571351,True,"Isolation Forest anomaly; high transaction burst (10 in 5 min); high device velocity (10 in 15 min); merchant activity above its normal baseline; device burst rate above its normal baseline; device in suspected abuse ring (RING-012, 2 devices)",INC-0006,P0 — Immediate
c4ece67d-7dcc-4c6b-afd3-e544d175864c,POS-10016958,MER-25A16E,2026-08-12 18:39:18.926156+00:00,3.11,2,26.6,v2.1.1,0.47,Delhi,28.7041,77.1025,1,fraud,card_testing,11.0,11.0,11.0,13.0,13.0,11.0,RING-014,11,45.45,1364.4054838709678,1433.3486462124017,3.161290322580645,0.9497308889000363,3.479591836734694,1364.4054838709678,1433.3486462124017,3.129032258064516,0.9497308889000363,3.515463917525773,-1,-0.184606454774368,100.0,82.65,CRITICAL,34.15806451612904,24.96172475602796,84.08151402818496,False,"Isolation Forest anomaly; high transaction burst (11 in 5 min); high device velocity (11 in 15 min); merchant activity above its normal baseline; device burst rate above its normal baseline; device in suspected abuse ring (RING-014, 11 devices)",INC-0012,P0 — Immediate
5eb7e507-32f9-4e6f-adca-7bdd7d0ecfb8,POS-00CFCF07,MER-73C8B8,2026-08-01 08:25:29.952628+00:00,1.77,1,287.4,v2.3.0-beta,1.32,Kolkata,22.5726,88.3639,1,fraud,card_testing,11.0,11.0,11.0,11.0,11.0,11.0,RING-025,4,43.75,1845.3763333333334,1825.8477593851055,3.2,1.0097262073778859,3.4375,1845.3763333333334,1825.8477593851055,3.2,1.0097262073778859,3.4375,-1,-0.16131275503732234,99.84183844330214,82.22,CRITICAL,34.71966666666666,25.13993148474099,84.99952963614865,False,"Isolation Forest anomaly; high transaction burst (11 in 5 min); high device velocity (11 in 15 min); merchant activity above its normal baseline; device burst rate above its normal baseline; device in suspected abuse ring (RING-025, 4 devices)",INC-0001,P0 — Immediate
0b10a923-fd16-40f5-a555-fdb8cfbd1880,POS-28402991,MER-833A0C,2026-08-11 22:53:36.682712+00:00,1.56,2,201.3,v2.1.1,0.67,Hyderabad,17.385,78.4867,1,fraud,card_testing,11.0,11.0,11.0,11.0,11.0,11.0,RING-004,4,62.5,2395.948928571429,6941.196969839829,3.357142857142857,0.34495331842264093,3.276595744680851,2395.948928571429,6941.196969839829,3.357142857142857,0.34495331842264093,3.276595744680851,-1,-0.16092711576727492,99.73436878147658,82.2,CRITICAL,36.223214285714285,25.309750580969766,86.84271544765382,False,"Isolation Forest anomaly; high transaction burst (11 in 5 min); high device velocity (11 in 15 min); merchant activity above its normal baseline; device burst rate above its normal baseline; device in suspected abuse ring (RING-004, 4 devices)",INC-0011,P0 — Immediate
80190300-f1b9-4245-9efe-5f37be74de2f,POS-77B485D3,MER-340AFB,2026-08-19 12:19:23.826701+00:00,14.18,2,466.3,v2.1.0,1.02,Delhi,28.7041,77.1025,1,fraud,card_testing,11.0,11.0,11.0,11.0,13.0,11.0,RING-024,9,41.67,1683.6415625,1847.451964654002,3.125,0.9036562760172566,3.52,1683.6415625,1847.451964654002,3.09375,0.9036562760172566,3.5555555555555554,-1,-0.16793132159973012,100.0,82.15,CRITICAL,33.5609375,24.392819588555945,82.3465766771119,False,"Isolation Forest anomaly; high transaction burst (11 in 5 min); high device velocity (11 in 15 min); merchant activity above its normal baseline; device burst rate above its normal baseline; device in suspected abuse ring (RING-024, 9 devices)",INC-0019,P0 — Immediate
d8c57e97-e8c6-4d2a-aabc-2ed3d70d1040,POS-FA8E124D,MER-079B19,2026-08-19 12:13:13.774364+00:00,15.34,1,480.6,v2.1.1,0.31,Delhi,28.7041,77.1025,1,fraud,card_testing,11.0,11.0,11.0,11.0,11.0,11.0,RING-014,11,45.45,1983.6056250000001,3685.2812280983103,3.0625,0.5340883105454806,3.5918367346938775,1983.6056250000001,3685.2812280983103,3.0625,0.5340883105454806,3.5918367346938775,-1,-0.16699596976407427,100.0,81.88,CRITICAL,32.511875,25.41684372139988,83.34556244279976,False,"Isolation Forest anomaly; high transaction burst (11 in 5 min); high device velocity (11 in 15 min); merchant activity above its normal baseline; device burst rate above its normal baseline; device in suspected abuse ring (RING-014, 11 devices)",INC-0018,P0 — Immediate
f8f11080-5e40-47f5-ba46-2d033f8baaa7,POS-81C99677,MER-2280B3,2026-08-09 19:00:07.662736+00:00,9.97,2,72.5,v2.1.0,1.46,Nagpur,21.1458,79.0882,1,fraud,card_testing,10.0,10.0,10.0,10.0,10.0,10.0,RING-020,6,37.5,2000.400487804878,1774.8479734937175,2.6097560975609757,1.1214653409930062,3.831775700934579,2000.400487804878,1774.8479734937175,2.6097560975609757,1.1214653409930062,3.831775700934579,-1,-0.14881734973853145,96.35962828957665,81.87,CRITICAL,30.200000000000003,23.373679000106083,76.94735800021218,True,Isolation Forest anomaly; high transaction burst (10 in 5 min); high device velocity (10 in 15 min); merchant activity above its normal baseline; device burst rate above its normal baseline,INC-0007,P0 — Immediate
743b3d46-8b8a-4125-9d52-c964a5c45b63,POS-055D6FBC,MER-294500,2026-08-19 19:10:03.396591+00:00,15.85,2,415.8,v2.2.0,0.34,Kolkata,22.5726,88.3639,1,fraud,card_testing,10.0,10.0,10.0,11.0,11.0,10.0,RING-002,6,37.5,1649.753846153846,1628.2081136322763,2.6923076923076925,1.0034981600164512,3.714285714285714,1649.753846153846,1628.2081136322763,2.6923076923076925,1.0034981600164512,3.714285714285714,-1,-0.15805016709222452,98.9326228878098,81.83,CRITICAL,30.974102564102566,24.287905449978563,79.5499134640597,True,Isolation Forest anomaly; high transaction burst (10 in 5 min); high device velocity (10 in 15 min); merchant activity above its normal baseline; device burst rate above its normal baseline,INC-0020,P0 — Immediate
a2ac2179-3bc5-483e-9a1b-af4eaff57319,POS-38B8A946,MER-7808DD,2026-08-05 03:10:01.576566+00:00,1.81,0,419.3,v2.3.0-beta,1.39,Nagpur,21.1458,79.0882,1,fraud,card_testing,12.0,12.0,12.0,12.0,12.0,12.0,RING-001,3,50.0,1386.8624444444445,1725.4519949779635,3.933333333333333,0.8027186200924319,3.050847457627119,1386.8624444444445,1725.4519949779635,3.933333333333333,0.8027186200924319,3.050847457627119,-1,-0.18873472320628049,100.0,81.16,CRITICAL,40.24911111111111,23.877341372315747,88.0037938557426,False,"Isolation Forest anomaly; high transaction burst (12 in 5 min); high device velocity (12 in 15 min); merchant activity above its normal baseline; device burst rate above its normal baseline; device in suspected abuse ring (RING-001, 3 devices)",INC-0004,P0 — Immediate
3e05c0ed-9df5-49e0-815a-1baa1b1201e3,POS-FB95985B,MER-7765F7,2026-08-17 04:51:35.537614+00:00,17.78,0,232.9,v2.1.0,0.51,Hyderabad,17.385,78.4867,1,fraud,card_testing,11.0,11.0,11.0,11.0,11.0,11.0,RING-019,4,43.75,1458.8658620689655,1716.3588127726284,3.2758620689655173,0.8396180631607074,3.357894736842105,1458.8658620689655,1716.3588127726284,3.2758620689655173,0.8396180631607074,3.357894736842105,-1,-0.1595825324351703,99.3596613094398,81.15,CRITICAL,34.471724137931034,25.05971554806147,84.59115523405397,False,"Isolation Forest anomaly; high transaction burst (11 in 5 min); high device velocity (11 in 15 min); merchant activity above its normal baseline; device burst rate above its normal baseline; device in suspected abuse ring (RING-019, 4 devices)",INC-0016,P0 — Immediate
2412ec3d-6862-42ff-9beb-e0b3bbee0d8a,POS-38B8A946,MER-7808DD,2026-08-08 14:06:04.318864+00:00,14.81,2,469.5,v2.3.0-beta,0.48,Nagpur,21.1458,79.0882,1,fraud,card_testing,12.0,12.0,12.0,12.0,14.0,12.0,RING-001,3,50.0,1386.8624444444445,1725.4519949779635,3.933333333333333,0.7951843623803441,3.050847457627119,1386.8624444444445,1725.4519949779635,3.933333333333333,0.7951843623803441,3.050847457627119,-1,-0.1950672953975986,100.0,81.14,CRITICAL,40.24911111111111,23.877341372315747,88.0037938557426,False,"Isolation Forest anomaly; high transaction burst (12 in 5 min); high device velocity (12 in 15 min); merchant activity above its normal baseline; device burst rate above its normal baseline; device in suspected abuse ring (RING-001, 3 devices)",INC-0004,P0 — Immediate
31ebb086-d193-4290-ada6-6d8ebdd7f402,POS-24B8E3FE,MER-C60B06,2026-08-12 23:07:55.835268+00:00,12.85,0,199.2,v2.3.0-beta,1.06,Bengaluru,12.9716,77.5946,1,fraud,card_testing,11.0,11.0,11.0,12.0,12.0,11.0,RING-011,7,46.43,1217.6675862068967,1391.0000955752641,3.2758620689655173,0.8661520513473657,3.357894736842105,1217.6675862068967,1391.0000955752641,3.2758620689655173,0.8661520513473657,3.357894736842105,-1,-0.153317164856843,97.61363338346409,81.02,CRITICAL,34.18103448275862,25.405093885286018,84.99122225333065,False,"Isolation Forest anomaly; high transaction burst (11 in 5 min); high device velocity (11 in 15 min); merchant activity above its normal baseline; device burst rate above its normal baseline; device in suspected abuse ring (RING-011, 7 devices)",INC-0013,P0 — Immediate
d2120868-cfde-421d-8298-c9375f043777,POS-CBA73359,MER-269861,2026-08-19 07:48:00.978584+00:00,14.08,0,412.9,v2.1.1,0.93,Hyderabad,17.385,78.4867,1,fraud,card_testing,10.0,10.0,10.0,10.0,10.0,10.0,RING-004,4,62.5,2005.3451612903225,1883.3696992250725,3.129032258064516,1.0572885196728208,3.195876288659794,2005.3451612903225,1883.3696992250725,3.129032258064516,1.0572885196728208,3.195876288659794,-1,-0.13622486514792076,92.85036415179799,81.02,CRITICAL,38.55,23.972710179146063,86.49542035829212,False,"Isolation Forest anomaly; high transaction burst (10 in 5 min); high device velocity (10 in 15 min); merchant activity above its normal baseline; device burst rate above its normal baseline; device in suspected abuse ring (RING-004, 4 devices)",INC-0017,P0 — Immediate
bde41842-33d2-4087-ac67-ef80c791f0e8,POS-8E784FDD,MER-40A230,2026-08-10 11:30:27.062660+00:00,6.7,2,13.0,v2.1.0,1.46,Pune,18.5204,73.8567,1,fraud,card_testing,12.0,12.0,12.0,12.0,12.0,12.0,RING-013,5,40.0,1398.7704,1654.9535016189025,3.64,0.841153783860546,3.2967032967032965,1398.7704,1654.9535016189025,3.64,0.841153783860546,3.2967032967032965,-1,-0.1888792490796769,100.0,81.01,CRITICAL,36.147200000000005,25.107808964543285,86.36281792908657,False,"Isolation Forest anomaly; high transaction burst (12 in 5 min); high device velocity (12 in 15 min); merchant activity above its normal baseline; device burst rate above its normal baseline; device in suspected abuse ring (RING-013, 5 devices)",INC-0009,P0 — Immediate
1ea300e9-7d7a-4b45-893d-449a3dd5a88b,POS-C72F113B,MER-DDFFD5,2026-08-02 00:07:50.915660+00:00,4.26,0,55.5,v2.3.0-beta,0.95,Bengaluru,12.9716,77.5946,1,fraud,card_testing,11.0,11.0,11.0,12.0,13.0,11.0,RING-011,7,46.43,1195.0918518518517,1432.7435241737523,3.4444444444444446,0.8311549357995469,3.193548387096774,1195.0918518518517,1432.7435241737523,3.4444444444444446,0.8311549357995469,3.193548387096774,-1,-0.16471839378790887,100.0,80.93,CRITICAL,36.135185185185186,25.161801386284907,86.45878795775499,False,"Isolation Forest anomaly; high transaction burst (11 in 5 min); high device velocity (11 in 15 min); merchant activity above its normal baseline; device burst rate above its normal baseline; device in suspected abuse ring (RING-011, 7 devices)",INC-0002,P0 — Immediate
7eb531e8-4761-479f-9553-3cf8f3efbcb6,POS-A22B806C,MER-66332B,2026-08-10 05:19:48.230879+00:00,17.93,0,172.4,v2.1.1,0.57,Delhi,28.7041,77.1025,1,fraud,card_testing,11.0,11.0,11.0,11.0,12.0,11.0,RING-014,11,45.45,1636.4144444444446,1713.4661851982808,3.4444444444444446,0.9445674845676368,3.193548387096774,1636.4144444444446,1713.4661851982808,3.4444444444444446,0.9445674845676368,3.193548387096774,-1,-0.15995719357196658,99.4640715933451,80.93,CRITICAL,35.495925925925924,25.35330159948211,86.20252912489013,False,"Isolation Forest anomaly; high transaction burst (11 in 5 min); high device velocity (11 in 15 min); merchant activity above its normal baseline; device burst rate above its normal baseline; device in suspected abuse ring (RING-014, 11 devices)",INC-0008,P0 — Immediate
08bdfbf1-0242-466c-bc0f-a1ced5b2a36c,POS-DEE4DD42,MER-D53081,2026-08-16 00:02:44.658439+00:00,9.48,1,294.5,v2.1.0,1.01,Mumbai,19.076,72.8777,1,fraud,card_testing,11.0,11.0,11.0,11.0,11.0,11.0,RING-016,9,33.33,1355.9837499999999,1597.4043431601071,3.0625,0.8429323206522923,3.5918367346938775,1355.9837499999999,1597.4043431601071,3.0625,0.8429323206522923,3.5918367346938775,-1,-0.1515469239710926,97.12030398441719,79.98,HIGH,33.758125,24.871361745603018,83.50084849120603,False,Isolation Forest anomaly; high transaction burst (11 in 5 min); high device velocity (11 in 15 min); merchant activity above its normal baseline; device burst rate above its normal baseline,INC-0015,P1 — Investigate
f311c0e3-6f49-4612-9b8c-89e26b87f24b,POS-0AE6C0D2,MER-897854,2026-08-20 06:24:26.850762+00:00,9.62,0,11.6,v2.1.1,1.46,Kolkata,22.5726,88.3639,1,fraud,card_testing,9.0,9.0,9.0,10.0,11.0,9.0,RING-027,3,50.0,1696.6145238095237,1639.2351669726986,2.5714285714285716,1.0291351465604694,3.4999999999999996,1696.6145238095237,1639.2351669726986,2.5714285714285716,1.0291351465604694,3.4999999999999996,-1,-0.14853227593775098,96.28018413711408,79.79,HIGH,31.454523809523806,23.595713459655148,78.6459507288341,True,"Isolation Forest anomaly; high transaction burst (9 in 5 min); merchant activity above its normal baseline; device burst rate above its normal baseline; device in suspected abuse ring (RING-027, 3 devices)",INC-0021,P1 — Investigate
2eabd929-ff23-4504-8588-9c30a5b06700,POS-BB1E7F2D,MER-6350FC,2026-08-11 10:08:10.229756+00:00,6.87,0,95.4,v2.2.0,0.61,Nagpur,21.1458,79.0882,1,fraud,card_testing,12.0,12.0,12.0,12.0,13.0,12.0,RING-021,8,34.38,1259.96875,1496.4970791101885,3.7916666666666665,0.8373546246712943,3.164835164835165,1259.96875,1496.4970791101885,3.75,0.8373546246712943,3.2,-1,-0.1763069183856233,100.0,79.58,HIGH,36.520833333333336,25.01408766843312,86.54900867019958,False,Isolation Forest anomaly; high transaction burst (12 in 5 min); high device velocity (12 in 15 min); merchant activity above its normal baseline; device burst rate above its normal baseline,INC-0010,P1 — Investigate
6109406a-562e-4bf5-bb0d-28b322d142e7,POS-10016958,MER-25A16E,2026-08-12 18:39:16.682833+00:00,6.65,2,307.9,v2.1.1,0.85,Delhi,28.7041,77.1025,1,fraud,card_testing,10.0,10.0,10.0,12.0,12.0,10.0,RING-014,11,45.45,1364.4054838709678,1433.3486462124017,3.161290322580645,0.9472611478434172,3.163265306122449,1364.4054838709678,1433.3486462124017,3.129032258064516,0.9472611478434172,3.195876288659794,-1,-0.1501532124085866,96.7319054940703,79.41,HIGH,34.15806451612904,24.96172475602796,84.08151402818496,False,"Isolation Forest anomaly; high transaction burst (10 in 5 min); high device velocity (10 in 15 min); merchant activity above its normal baseline; device burst rate above its normal baseline; device in suspected abuse ring (RING-014, 11 devices)",INC-0012,P1 — Investigate
8cace167-4c02-4a42-990d-f78d8bb51478,POS-38B8A946,MER-7808DD,2026-08-08 14:06:04.317623+00:00,16.84,1,489.8,v2.3.0-beta,0.63,Nagpur,21.1458,79.0882,1,fraud,card_testing,11.0,11.0,11.0,11.0,13.0,11.0,RING-001,3,50.0,1386.8624444444445,1725.4519949779635,3.933333333333333,0.7940078590606873,2.7966101694915255,1386.8624444444445,1725.4519949779635,3.933333333333333,0.7940078590606873,2.7966101694915255,-1,-0.16603897092787956,100.0,79.37,HIGH,40.24911111111111,23.877341372315747,88.0037938557426,False,"Isolation Forest anomaly; high transaction burst (11 in 5 min); high device velocity (11 in 15 min); merchant activity above its normal baseline; device burst rate above its normal baseline; device in suspected abuse ring (RING-001, 3 devices)",INC-0004,P1 — Investigate
568665c2-dd3b-4451-b315-c244a707bcf3,POS-8E784FDD,MER-40A230,2026-08-10 11:30:26.147473+00:00,18.67,2,461.2,v2.1.0,0.41,Pune,18.5204,73.8567,1,fraud,card_testing,11.0,11.0,11.0,11.0,11.0,11.0,RING-013,5,40.0,1398.7704,1654.9535016189025,3.64,0.8339209522502978,3.021978021978022,1398.7704,1654.9535016189025,3.64,0.8339209522502978,3.021978021978022,-1,-0.17409501065841348,100.0,79.11,HIGH,36.147200000000005,25.107808964543285,86.36281792908657,False,"Isolation Forest anomaly; high transaction burst (11 in 5 min); high device velocity (11 in 15 min); merchant activity above its normal baseline; device burst rate above its normal baseline; device in suspected abuse ring (RING-013, 5 devices)",INC-0009,P1 — Investigate
98e34534-2757-46b8-8f51-5c76f0388fd4,POS-CC26C0E8,MER-0D1C10,2026-08-08 17:57:29.372255+00:00,7.54,2,218.7,v2.1.0,0.87,Delhi,28.7041,77.1025,1,fraud,card_testing,10.0,10.0,10.0,10.0,11.0,10.0,RING-024,9,41.67,1473.9082857142857,1535.6094075326762,2.8857142857142857,0.9549096785427729,3.4653465346534653,1473.9082857142857,1535.6094075326762,2.8857142857142857,0.9549096785427729,3.4653465346534653,-1,-0.13777897047821663,93.28346105675705,79.09,HIGH,31.180285714285713,24.691913475719875,80.56411266572546,False,"Isolation Forest anomaly; high transaction burst (10 in 5 min); high device velocity (10 in 15 min); merchant activity above its normal baseline; device burst rate above its normal baseline; device in suspected abuse ring (RING-024, 9 devices)",INC-0005,P1 — Investigate
21009cfc-4412-44e0-8751-17c64324770f,POS-47CB19EB,MER-7848E9,2026-08-16 12:19:26.298754+00:00,2.29,0,431.3,v2.2.0,0.58,Bengaluru,12.9716,77.5946,1,fraud,card_testing,12.0,12.0,12.0,12.0,12.0,12.0,RING-006,4,43.75,1519.4046666666666,3597.5861927488645,3.933333333333333,0.42170349378271904,3.050847457627119,1519.4046666666666,3597.5861927488645,3.933333333333333,0.42170349378271904,3.050847457627119,-1,-0.18520153866217992,100.0,79.08,HIGH,38.95,24.25616407131485,87.4623281426297,False,"Isolation Forest anomaly; high transaction burst (12 in 5 min); high device velocity (12 in 15 min); merchant activity above its normal baseline; device burst rate above its normal baseline; device in suspected abuse ring (RING-006, 4 devices)",INC-0014,P1 — Investigate
e11552f2-ddd7-4ac9-8667-ba5ecac1247b,POS-47CB19EB,MER-7848E9,2026-08-14 10:09:53.531350+00:00,1.53,1,158.7,v2.2.0,1.25,Bengaluru,12.9716,77.5946,1,fraud,card_testing,12.0,12.0,12.0,12.0,12.0,12.0,RING-006,4,43.75,1519.4046666666666,3597.5861927488645,3.933333333333333,0.4219147465392289,3.050847457627119,1519.4046666666666,3597.5861927488645,3.933333333333333,0.4219147465392289,3.050847457627119,-1,-0.17551383290560285,100.0,79.08,HIGH,38.95,24.25616407131485,87.4623281426297,False,"Isolation Forest anomaly; high transaction burst (12 in 5 min); high device velocity (12 in 15 min); merchant activity above its normal baseline; device burst rate above its normal baseline; device in suspected abuse ring (RING-006, 4 devices)",INC-0014,P1 — Investigate
161ab846-610b-409a-ad2c-3f3e4b5459f9,POS-C72F113B,MER-DDFFD5,2026-08-02 00:07:49.700226+00:00,3.71,0,13.5,v2.3.0-beta,1.29,Bengaluru,12.9716,77.5946,1,fraud,card_testing,10.0,10.0,10.0,11.0,12.0,10.0,RING-011,7,46.43,1195.0918518518517,1432.7435241737523,3.4444444444444446,0.831538814693934,2.9032258064516125,1195.0918518518517,1432.7435241737523,3.4444444444444446,0.831538814693934,2.9032258064516125,-1,-0.16207313141440238,100.0,78.98,HIGH,36.135185185185186,25.161801386284907,86.45878795775499,False,"Isolation Forest anomaly; high transaction burst (10 in 5 min); high device velocity (10 in 15 min); merchant activity above its normal baseline; device burst rate above its normal baseline; device in suspected abuse ring (RING-011, 7 devices)",INC-0002,P1 — Investigate
995f488c-07cd-420c-b559-20012856d533,POS-24B8E3FE,MER-C60B06,2026-08-12 23:07:53.217396+00:00,1.35,2,420.5,v2.3.0-beta,0.9,Bengaluru,12.9716,77.5946,1,fraud,card_testing,10.0,10.0,10.0,11.0,11.0,10.0,RING-011,7,46.43,1217.6675862068967,1391.0000955752641,3.2758620689655173,0.8744194842803907,3.052631578947368,1217.6675862068967,1391.0000955752641,3.2758620689655173,0.8744194842803907,3.052631578947368,-1,-0.15274793166190126,97.45499990468805,78.96,HIGH,34.18103448275862,25.405093885286018,84.99122225333065,False,"Isolation Forest anomaly; high transaction burst (10 in 5 min); high device velocity (10 in 15 min); merchant activity above its normal baseline; device burst rate above its normal baseline; device in suspected abuse ring (RING-011, 7 devices)",INC-0013,P1 — Investigate
7f587a5d-d15b-4e50-b2a4-8dd2c13e511c,POS-77B485D3,MER-340AFB,2026-08-19 12:19:23.805404+00:00,8.9,2,307.5,v2.1.0,1.1,Delhi,28.7041,77.1025,1,fraud,card_testing,10.0,10.0,10.0,10.0,12.0,10.0,RING-024,9,41.67,1683.6415625,1847.451964654002,3.125,0.9065142664283842,3.2,1683.6415625,1847.451964654002,3.09375,0.9065142664283842,3.2323232323232323,-1,-0.14551851461392296,95.44031139735152,78.45,HIGH,33.5609375,24.392819588555945,82.3465766771119,False,"Isolation Forest anomaly; high transaction burst (10 in 5 min); high device velocity (10 in 15 min); merchant activity above its normal baseline; device burst rate above its normal baseline; device in suspected abuse ring (RING-024, 9 devices)",INC-0019,P1 — Investigate
b8d1902e-0144-4d5e-b610-0fbf661e81ca,POS-FB95985B,MER-7765F7,2026-08-17 04:51:34.798877+00:00,3.72,0,15.8,v2.1.0,1.17,Hyderabad,17.385,78.4867,1,fraud,card_testing,10.0,10.0,10.0,10.0,10.0,10.0,RING-019,4,43.75,1458.8658620689655,1716.3588127726284,3.2758620689655173,0.847809823470597,3.052631578947368,1458.8658620689655,1716.3588127726284,3.2758620689655173,0.847809823470597,3.052631578947368,-1,-0.151675542911904,97.15614741413758,78.37,HIGH,34.471724137931034,25.05971554806147,84.59115523405397,False,"Isolation Forest anomaly; high transaction burst (10 in 5 min); high device velocity (10 in 15 min); merchant activity above its normal baseline; device burst rate above its normal baseline; device in suspected abuse ring (RING-019, 4 devices)",INC-0016,P1 — Investigate
584fbe87-e9c4-4e9a-96d6-eb0bda0c13f1,POS-C2744B6C,MER-4093C0,2026-08-03 03:24:00.173897+00:00,2.53,0,289.5,v2.1.1,1.07,Nagpur,21.1458,79.0882,1,fraud,card_testing,10.0,10.0,10.0,10.0,10.0,10.0,RING-023,4,43.75,1419.55,1594.3698370065363,3.0,0.8887649321442794,3.3333333333333335,1419.55,1594.3698370065363,3.0,0.8887649321442794,3.3333333333333335,-1,-0.1359622888442784,92.77718958492264,78.37,HIGH,31.704545454545453,24.882663780595955,81.46987301573736,False,"Isolation Forest anomaly; high transaction burst (10 in 5 min); high device velocity (10 in 15 min); merchant activity above its normal baseline; device burst rate above its normal baseline; device in suspected abuse ring (RING-023, 4 devices)",INC-0003,P1 — Investigate
12795730-489f-4edc-ac75-0a619cfa899b,POS-38B8A946,MER-7808DD,2026-08-05 03:10:00.871274+00:00,3.2,1,145.8,v2.3.0-beta,0.77,Nagpur,21.1458,79.0882,1,fraud,card_testing,11.0,11.0,11.0,11.0,11.0,11.0,RING-001,3,50.0,1386.8624444444445,1725.4519949779635,3.933333333333333,0.801913034075524,2.7966101694915255,1386.8624444444445,1725.4519949779635,3.933333333333333,0.801913034075524,2.7966101694915255,-1,-0.15008853094707197,96.71388011300756,78.24,HIGH,40.24911111111111,23.877341372315747,88.0037938557426,False,"Isolation Forest anomaly; high transaction burst (11 in 5 min); high device velocity (11 in 15 min); merchant activity above its normal baseline; device burst rate above its normal baseline; device in suspected abuse ring (RING-001, 3 devices)",INC-0004,P1 — Investigate
9918be3b-d6ab-486e-9d1a-5dd93ad819f1,POS-28402991,MER-833A0C,2026-08-11 22:53:35.620209+00:00,6.27,1,268.9,v2.1.1,1.49,Hyderabad,17.385,78.4867,1,fraud,card_testing,10.0,10.0,10.0,10.0,10.0,10.0,RING-004,4,62.5,2395.948928571429,6941.196969839829,3.357142857142857,0.34427476110457816,2.978723404255319,2395.948928571429,6941.196969839829,3.357142857142857,0.34427476110457816,2.978723404255319,-1,-0.13790245234227227,93.31787288978956,77.96,HIGH,36.223214285714285,25.309750580969766,86.84271544765382,False,"Isolation Forest anomaly; high transaction burst (10 in 5 min); high device velocity (10 in 15 min); merchant activity above its normal baseline; device burst rate above its normal baseline; device in suspected abuse ring (RING-004, 4 devices)",INC-0011,P1 — Investigate
f3eee944-4b0c-4fd1-9cac-ea1dc7cb8aee,POS-DEE4DD42,MER-D53081,2026-08-16 00:02:42.374394+00:00,11.8,2,433.1,v2.1.0,0.41,Mumbai,19.076,72.8777,1,fraud,card_testing,10.0,10.0,10.0,10.0,10.0,10.0,RING-016,9,33.33,1355.9837499999999,1597.4043431601071,3.0625,0.8414799645159553,3.2653061224489797,1355.9837499999999,1597.4043431601071,3.0625,0.8414799645159553,3.2653061224489797,-1,-0.14935220293478602,96.50868077616789,77.63,HIGH,33.758125,24.871361745603018,83.50084849120603,False,Isolation Forest anomaly; high transaction burst (10 in 5 min); high device velocity (10 in 15 min); merchant activity above its normal baseline; device burst rate above its normal baseline,INC-0015,P1 — Investigate
2d77317e-2618-41bb-bc4c-3e77771ceb80,POS-00CFCF07,MER-73C8B8,2026-08-01 08:25:24.476226+00:00,13.59,0,355.9,v2.3.0-beta,0.95,Kolkata,22.5726,88.3639,1,fraud,card_testing,10.0,10.0,10.0,10.0,10.0,10.0,RING-025,4,43.75,1845.3763333333334,1825.8477593851055,3.2,1.0032525022514627,3.125,1845.3763333333334,1825.8477593851055,3.2,1.0032525022514627,3.125,-1,-0.13461596062968928,92.40199585034702,77.54,HIGH,34.71966666666666,25.13993148474099,84.99952963614865,False,"Isolation Forest anomaly; high transaction burst (10 in 5 min); high device velocity (10 in 15 min); merchant activity above its normal baseline; device burst rate above its normal baseline; device in suspected abuse ring (RING-025, 4 devices)",INC-0001,P1 — Investigate
6a840c40-d8dc-441e-99b5-0abf6ac947cb,POS-FA8E124D,MER-079B19,2026-08-19 12:13:11.560228+00:00,2.7,2,157.2,v2.1.1,0.91,Delhi,28.7041,77.1025,1,fraud,card_testing,10.0,10.0,10.0,10.0,10.0,10.0,RING-014,11,45.45,1983.6056250000001,3685.2812280983103,3.0625,0.5375181709055601,3.2653061224489797,1983.6056250000001,3685.2812280983103,3.0625,0.5375181709055601,3.2653061224489797,-1,-0.13880036493475845,93.56810249594854,77.51,HIGH,32.511875,25.41684372139988,83.34556244279976,False,"Isolation Forest anomaly; high transaction burst (10 in 5 min); high device velocity (10 in 15 min); merchant activity above its normal baseline; device burst rate above its normal baseline; device in suspected abuse ring (RING-014, 11 devices)",INC-0018,P1 — Investigate
55232054-c8d7-4131-8f04-20723d9fd1c7,POS-47CB19EB,MER-7848E9,2026-08-14 10:09:50.712392+00:00,16.36,0,498.6,v2.2.0,0.65,Bengaluru,12.9716,77.5946,1,fraud,card_testing,11.0,11.0,11.0,11.0,11.0,11.0,RING-006,4,43.75,1519.4046666666666,3597.5861927488645,3.933333333333333,0.4177925381457537,2.7966101694915255,1519.4046666666666,3597.5861927488645,3.933333333333333,0.4177925381457537,2.7966101694915255,-1,-0.16485267786838143,100.0,77.3,HIGH,38.95,24.25616407131485,87.4623281426297,False,"Isolation Forest anomaly; high transaction burst (11 in 5 min); high device velocity (11 in 15 min); merchant activity above its normal baseline; device burst rate above its normal baseline; device in suspected abuse ring (RING-006, 4 devices)",INC-0014,P1 — Investigate
8ab91828-00c8-4ef0-9ce5-2319167cc42a,POS-A22B806C,MER-66332B,2026-08-10 05:19:43.221275+00:00,14.33,1,185.0,v2.1.1,1.44,Delhi,28.7041,77.1025,1,fraud,card_testing,10.0,10.0,10.0,10.0,11.0,10.0,RING-014,11,45.45,1636.4144444444446,1713.4661851982808,3.4444444444444446,0.9466684889709326,2.9032258064516125,1636.4144444444446,1713.4661851982808,3.4444444444444446,0.9466684889709326,2.9032258064516125,-1,-0.1397682011999516,93.83781837864387,77.02,HIGH,35.495925925925924,25.35330159948211,86.20252912489013,False,"Isolation Forest anomaly; high transaction burst (10 in 5 min); high device velocity (10 in 15 min); merchant activity above its normal baseline; device burst rate above its normal baseline; device in suspected abuse ring (RING-014, 11 devices)",INC-0008,P1 — Investigate
28f44991-e9f9-4fc5-a0d7-33b38726af60,POS-8BA2BC27,MER-CDDE89,2026-08-09 10:41:14.022821+00:00,16.42,1,89.3,v2.1.1,0.85,Bengaluru,12.9716,77.5946,1,fraud,card_testing,9.0,9.0,9.0,9.0,11.0,9.0,RING-012,2,54.17,1555.2063157894736,1538.7944675646847,2.763157894736842,0.9999947024925141,3.257142857142857,1555.2063157894736,1538.7944675646847,2.763157894736842,0.9999947024925141,3.257142857142857,-1,-0.1263959491291199,90.11124922576232,76.95,HIGH,33.04394736842105,24.335251878646233,81.71445112571351,False,"Isolation Forest anomaly; high transaction burst (9 in 5 min); merchant activity above its normal baseline; device burst rate above its normal baseline; device in suspected abuse ring (RING-012, 2 devices)",INC-0006,P1 — Investigate
a8717093-df50-4450-abda-42e8618da321,POS-47CB19EB,MER-7848E9,2026-08-16 12:19:24.740768+00:00,12.24,2,136.8,v2.2.0,0.98,Bengaluru,12.9716,77.5946,1,fraud,card_testing,11.0,11.0,11.0,11.0,11.0,11.0,RING-006,4,43.75,1519.4046666666666,3597.5861927488645,3.933333333333333,0.4189377504573597,2.7966101694915255,1519.4046666666666,3597.5861927488645,3.933333333333333,0.4189377504573597,2.7966101694915255,-1,-0.15657328261687442,98.52104583264688,76.78,HIGH,38.95,24.25616407131485,87.4623281426297,False,"Isolation Forest anomaly; high transaction burst (11 in 5 min); high device velocity (11 in 15 min); merchant activity above its normal baseline; device burst rate above its normal baseline; device in suspected abuse ring (RING-006, 4 devices)",INC-0014,P1 — Investigate
04d644a9-b037-430c-b698-fb5a1d1dffa0,POS-BB1E7F2D,MER-6350FC,2026-08-11 10:07:56.828468+00:00,14.19,1,251.1,v2.2.0,1.21,Nagpur,21.1458,79.0882,1,fraud,card_testing,11.0,11.0,11.0,11.0,12.0,11.0,RING-021,8,34.38,1259.96875,1496.4970791101885,3.7916666666666665,0.8324632018264515,2.901098901098901,1259.96875,1496.4970791101885,3.75,0.8324632018264515,2.933333333333333,-1,-0.15119857818642446,97.0232272430572,76.7,HIGH,36.520833333333336,25.01408766843312,86.54900867019958,False,Isolation Forest anomaly; high transaction burst (11 in 5 min); high device velocity (11 in 15 min); merchant activity above its normal baseline; device burst rate above its normal baseline,INC-0010,P1 — Investigate
74663f76-a47e-40c8-9175-3c5bfe089d58,POS-38B8A946,MER-7808DD,2026-08-08 14:06:02.650910+00:00,11.05,0,197.1,v2.3.0-beta,1.45,Nagpur,21.1458,79.0882,1,fraud,card_testing,10.0,10.0,10.0,10.0,12.0,10.0,RING-001,3,50.0,1386.8624444444445,1725.4519949779635,3.933333333333333,0.797363501533994,2.5423728813559325,1386.8624444444445,1725.4519949779635,3.933333333333333,0.797363501533994,2.5423728813559325,-1,-0.1463681848461018,95.67709685881212,76.09,HIGH,40.24911111111111,23.877341372315747,88.0037938557426,False,"Isolation Forest anomaly; high transaction burst (10 in 5 min); high device velocity (10 in 15 min); merchant activity above its normal baseline; device burst rate above its normal baseline; device in suspected abuse ring (RING-001, 3 devices)",INC-0004,P1 — Investigate
c996ad97-d39f-47a3-b325-d9a5785e8de2,POS-81C99677,MER-2280B3,2026-08-09 19:00:06.521923+00:00,4.44,2,153.3,v2.1.0,1.12,Nagpur,21.1458,79.0882,1,fraud,card_testing,9.0,9.0,9.0,9.0,9.0,9.0,RING-020,6,37.5,2000.400487804878,1774.8479734937175,2.6097560975609757,1.1245811008116426,3.4485981308411215,2000.400487804878,1774.8479734937175,2.6097560975609757,1.1245811008116426,3.4485981308411215,-1,-0.12488658743797476,89.69062144452032,75.63,HIGH,30.200000000000003,23.373679000106083,76.94735800021218,False,Isolation Forest anomaly; high transaction burst (9 in 5 min); merchant activity above its normal baseline; device burst rate above its normal baseline,INC-0007,P1 — Investigate
068b1f5a-6ee1-4301-b181-568f69e2cc7f,POS-055D6FBC,MER-294500,2026-08-19 19:09:57.167623+00:00,16.29,0,323.7,v2.2.0,1.47,Kolkata,22.5726,88.3639,1,fraud,card_testing,9.0,9.0,9.0,10.0,10.0,9.0,RING-002,6,37.5,1649.753846153846,1628.2081136322763,2.6923076923076925,1.0032279242914748,3.3428571428571425,1649.753846153846,1628.2081136322763,2.6923076923076925,1.0032279242914748,3.3428571428571425,-1,-0.13363475484219922,92.12855415923013,75.59,HIGH,30.974102564102566,24.287905449978563,79.5499134640597,False,Isolation Forest anomaly; high transaction burst (9 in 5 min); merchant activity above its normal baseline; device burst rate above its normal baseline,INC-0020,P1 — Investigate
43fa4224-6e60-427b-aed1-8f47c48d200d,POS-8E784FDD,MER-40A230,2026-08-10 11:30:20.050589+00:00,18.36,2,365.5,v2.1.0,1.0,Pune,18.5204,73.8567,1,fraud,card_testing,10.0,10.0,10.0,10.0,10.0,10.0,RING-013,5,40.0,1398.7704,1654.9535016189025,3.64,0.834108268691332,2.7472527472527473,1398.7704,1654.9535016189025,3.64,0.834108268691332,2.7472527472527473,-1,-0.14409499222021105,95.04360524697807,75.5,HIGH,36.147200000000005,25.107808964543285,86.36281792908657,False,"Isolation Forest anomaly; high transaction burst (10 in 5 min); high device velocity (10 in 15 min); merchant activity above its normal baseline; device burst rate above its normal baseline; device in suspected abuse ring (RING-013, 5 devices)",INC-0009,P1 — Investigate
d6995672-754b-49bb-96d4-39dd31a10547,POS-CBA73359,MER-269861,2026-08-19 07:47:59.861772+00:00,4.46,0,257.0,v2.1.1,0.91,Hyderabad,17.385,78.4867,1,fraud,card_testing,9.0,9.0,9.0,9.0,9.0,9.0,RING-004,4,62.5,2005.3451612903225,1883.3696992250725,3.129032258064516,1.0623963856451564,2.8762886597938144,2005.3451612903225,1883.3696992250725,3.129032258064516,1.0623963856451564,2.8762886597938144,-1,-0.1154289995719,87.05498796889523,75.41,HIGH,38.55,23.972710179146063,86.49542035829212,False,"Isolation Forest anomaly; high transaction burst (9 in 5 min); merchant activity above its normal baseline; device burst rate above its normal baseline; device in suspected abuse ring (RING-004, 4 devices)",INC-0017,P1 — Investigate
894032b4-35a9-46a2-a727-960dd086469f,POS-BB1E7F2D,MER-6350FC,2026-08-11 10:07:56.823262+00:00,14.74,0,476.6,v2.2.0,0.4,Nagpur,21.1458,79.0882,1,fraud,card_testing,10.0,10.0,10.0,10.0,11.0,10.0,RING-021,8,34.38,1259.96875,1496.4970791101885,3.7916666666666665,0.8320956768859237,2.6373626373626373,1259.96875,1496.4970791101885,3.75,0.8320956768859237,2.6666666666666665,-1,-0.15024253542496135,96.75679796511416,74.78,HIGH,36.520833333333336,25.01408766843312,86.54900867019958,False,Isolation Forest anomaly; high transaction burst (10 in 5 min); high device velocity (10 in 15 min); merchant activity above its normal baseline; device burst rate above its normal baseline,INC-0010,P1 — Investigate
a83094da-465b-43c1-9ab5-0019e8eabd2b,POS-38B8A946,MER-7808DD,2026-08-05 03:09:59.939068+00:00,15.55,1,205.5,v2.3.0-beta,0.71,Nagpur,21.1458,79.0882,1,fraud,card_testing,10.0,10.0,10.0,10.0,10.0,10.0,RING-001,3,50.0,1386.8624444444445,1725.4519949779635,3.933333333333333,0.7947554892490406,2.5423728813559325,1386.8624444444445,1725.4519949779635,3.933333333333333,0.7947554892490406,2.5423728813559325,-1,-0.12970088980795624,91.03226760924909,74.46,HIGH,40.24911111111111,23.877341372315747,88.0037938557426,False,"Isolation Forest anomaly; high transaction burst (10 in 5 min); high device velocity (10 in 15 min); merchant activity above its normal baseline; device burst rate above its normal baseline; device in suspected abuse ring (RING-001, 3 devices)",INC-0004,P1 — Investigate
82ad9de1-ffc7-4abc-9ec4-476d58bb94e0,POS-10016958,MER-25A16E,2026-08-12 18:39:11.248796+00:00,14.49,1,377.4,v2.1.1,0.45,Delhi,28.7041,77.1025,1,fraud,card_testing,9.0,9.0,9.0,11.0,11.0,9.0,RING-014,11,45.45,1364.4054838709678,1433.3486462124017,3.161290322580645,0.9417914388366678,2.8469387755102042,1364.4054838709678,1433.3486462124017,3.129032258064516,0.9417914388366678,2.8762886597938144,-1,-0.13476556078278457,92.4436863085315,74.31,HIGH,34.15806451612904,24.96172475602796,84.08151402818496,False,"Isolation Forest anomaly; high transaction burst (9 in 5 min); merchant activity above its normal baseline; device burst rate above its normal baseline; device in suspected abuse ring (RING-014, 11 devices)",INC-0012,P1 — Investigate
941b8f5f-5d3f-495f-9888-622d7957fd5e,POS-24B8E3FE,MER-C60B06,2026-08-12 23:07:50.513839+00:00,18.53,0,136.2,v2.3.0-beta,0.32,Bengaluru,12.9716,77.5946,1,fraud,card_testing,9.0,9.0,9.0,10.0,10.0,9.0,RING-011,7,46.43,1217.6675862068967,1391.0000955752641,3.2758620689655173,0.8620686583856628,2.7473684210526317,1217.6675862068967,1391.0000955752641,3.2758620689655173,0.8620686583856628,2.7473684210526317,-1,-0.13810858981504837,93.37531912571386,73.97,HIGH,34.18103448275862,25.405093885286018,84.99122225333065,False,"Isolation Forest anomaly; high transaction burst (9 in 5 min); merchant activity above its normal baseline; device burst rate above its normal baseline; device in suspected abuse ring (RING-011, 7 devices)",INC-0013,P1 — Investigate
6f29ebbc-b300-44e2-87a1-934a5a04543e,POS-00CFCF07,MER-73C8B8,2026-08-01 08:25:18.765970+00:00,17.26,0,409.6,v2.3.0-beta,0.4,Kolkata,22.5726,88.3639,1,fraud,card_testing,9.0,9.0,9.0,9.0,9.0,9.0,RING-025,4,43.75,1845.3763333333334,1825.8477593851055,3.2,1.001242477055695,2.8125,1845.3763333333334,1825.8477593851055,3.2,1.001242477055695,2.8125,-1,-0.13422308644986713,92.29250996930516,73.93,HIGH,34.71966666666666,25.13993148474099,84.99952963614865,False,"Isolation Forest anomaly; high transaction burst (9 in 5 min); merchant activity above its normal baseline; device burst rate above its normal baseline; device in suspected abuse ring (RING-025, 4 devices)",INC-0001,P1 — Investigate
a6f29310-c27d-4672-be06-1cc633663cb9,POS-28402991,MER-833A0C,2026-08-11 22:53:35.250911+00:00,17.46,0,174.3,v2.1.1,0.42,Hyderabad,17.385,78.4867,1,fraud,card_testing,9.0,9.0,9.0,9.0,9.0,9.0,RING-004,4,62.5,2395.948928571429,6941.196969839829,3.357142857142857,0.3426626472215373,2.6808510638297873,2395.948928571429,6941.196969839829,3.357142857142857,0.3426626472215373,2.6808510638297873,-1,-0.12990938840187227,91.09037184063742,73.69,HIGH,36.223214285714285,25.309750580969766,86.84271544765382,False,"Isolation Forest anomaly; high transaction burst (9 in 5 min); merchant activity above its normal baseline; device burst rate above its normal baseline; device in suspected abuse ring (RING-004, 4 devices)",INC-0011,P1 — Investigate
957dbb3b-dc98-4731-94b8-751e93f47464,POS-FA8E124D,MER-079B19,2026-08-19 12:13:05.749910+00:00,9.46,2,24.5,v2.1.1,0.68,Delhi,28.7041,77.1025,1,fraud,card_testing,9.0,9.0,9.0,9.0,9.0,9.0,RING-014,11,45.45,1983.6056250000001,3685.2812280983103,3.0625,0.5356838468522264,2.938775510204082,1983.6056250000001,3685.2812280983103,3.0625,0.5356838468522264,2.938775510204082,-1,-0.13641355443544978,92.90294794057644,73.63,HIGH,32.511875,25.41684372139988,83.34556244279976,False,"Isolation Forest anomaly; high transaction burst (9 in 5 min); merchant activity above its normal baseline; device burst rate above its normal baseline; device in suspected abuse ring (RING-014, 11 devices)",INC-0018,P1 — Investigate
7f27ce18-a1d1-4036-a5cf-44973e29afc2,POS-A22B806C,MER-66332B,2026-08-10 05:19:38.531615+00:00,4.39,2,9.3,v2.1.1,1.16,Delhi,28.7041,77.1025,1,fraud,card_testing,9.0,9.0,9.0,9.0,10.0,9.0,RING-014,11,45.45,1636.4144444444446,1713.4661851982808,3.4444444444444446,0.9524695955733659,2.6129032258064515,1636.4144444444446,1713.4661851982808,3.4444444444444446,0.9524695955733659,2.6129032258064515,-1,-0.1389293846740145,93.60405761987812,73.5,HIGH,35.495925925925924,25.35330159948211,86.20252912489013,False,"Isolation Forest anomaly; high transaction burst (9 in 5 min); merchant activity above its normal baseline; device burst rate above its normal baseline; device in suspected abuse ring (RING-014, 11 devices)",INC-0008,P1 — Investigate
830c1803-0c4f-4d79-904a-7fe0a3a37566,POS-47CB19EB,MER-7848E9,2026-08-16 12:19:16.163844+00:00,8.05,0,420.3,v2.2.0,1.07,Bengaluru,12.9716,77.5946,1,fraud,card_testing,10.0,10.0,10.0,10.0,10.0,10.0,RING-006,4,43.75,1519.4046666666666,3597.5861927488645,3.933333333333333,0.42010242025969696,2.5423728813559325,1519.4046666666666,3597.5861927488645,3.933333333333333,0.42010242025969696,2.5423728813559325,-1,-0.13941194243129862,93.73853645285655,73.34,HIGH,38.95,24.25616407131485,87.4623281426297,False,"Isolation Forest anomaly; high transaction burst (10 in 5 min); high device velocity (10 in 15 min); merchant activity above its normal baseline; device burst rate above its normal baseline; device in suspected abuse ring (RING-006, 4 devices)",INC-0014,P1 — Investigate
4913f42b-d82b-428d-b750-0d0ab47a1adb,POS-0AE6C0D2,MER-897854,2026-08-20 06:24:20.578960+00:00,1.07,0,87.4,v2.1.1,0.94,Kolkata,22.5726,88.3639,1,fraud,card_testing,8.0,8.0,8.0,9.0,10.0,8.0,RING-027,3,50.0,1696.6145238095237,1639.2351669726986,2.5714285714285716,1.0343509936654276,3.1111111111111107,1696.6145238095237,1639.2351669726986,2.5714285714285716,1.0343509936654276,3.1111111111111107,-1,-0.12197681741176847,88.87972892139088,73.27,HIGH,31.454523809523806,23.595713459655148,78.6459507288341,False,"Isolation Forest anomaly; high transaction burst (8 in 5 min); merchant activity above its normal baseline; device burst rate above its normal baseline; device in suspected abuse ring (RING-027, 3 devices)",INC-0021,P1 — Investigate
c4ce81fc-5e46-432e-9c25-7a107914094f,POS-47CB19EB,MER-7848E9,2026-08-14 10:09:49.204892+00:00,16.24,1,57.2,v2.2.0,0.85,Bengaluru,12.9716,77.5946,1,fraud,card_testing,10.0,10.0,10.0,10.0,10.0,10.0,RING-006,4,43.75,1519.4046666666666,3597.5861927488645,3.933333333333333,0.4178258938441499,2.5423728813559325,1519.4046666666666,3597.5861927488645,3.933333333333333,0.4178258938441499,2.5423728813559325,-1,-0.13758242468981896,93.2286878242236,73.16,HIGH,38.95,24.25616407131485,87.4623281426297,False,"Isolation Forest anomaly; high transaction burst (10 in 5 min); high device velocity (10 in 15 min); merchant activity above its normal baseline; device burst rate above its normal baseline; device in suspected abuse ring (RING-006, 4 devices)",INC-0014,P1 — Investigate
e02a6d29-d5a4-41a8-8919-ef5c887f92a6,POS-77B485D3,MER-340AFB,2026-08-19 12:19:21.917982+00:00,12.17,2,309.0,v2.1.0,1.13,Delhi,28.7041,77.1025,1,fraud,card_testing,9.0,9.0,9.0,9.0,11.0,9.0,RING-024,9,41.67,1683.6415625,1847.451964654002,3.125,0.9047442610033108,2.88,1683.6415625,1847.451964654002,3.09375,0.9047442610033108,2.909090909090909,-1,-0.12832862121952615,90.6498448307953,73.16,HIGH,33.5609375,24.392819588555945,82.3465766771119,False,"Isolation Forest anomaly; high transaction burst (9 in 5 min); merchant activity above its normal baseline; device burst rate above its normal baseline; device in suspected abuse ring (RING-024, 9 devices)",INC-0019,P1 — Investigate
e0d3c26d-d903-4812-acfa-e3089c77bd4e,POS-CC26C0E8,MER-0D1C10,2026-08-08 17:57:28.461012+00:00,18.82,1,242.5,v2.1.0,1.1,Delhi,28.7041,77.1025,1,fraud,card_testing,9.0,9.0,9.0,9.0,10.0,9.0,RING-024,9,41.67,1473.9082857142857,1535.6094075326762,2.8857142857142857,0.9475640606111115,3.118811881188119,1473.9082857142857,1535.6094075326762,2.8857142857142857,0.9475640606111115,3.118811881188119,-1,-0.11546232360494102,87.0642746853677,73.16,HIGH,31.180285714285713,24.691913475719875,80.56411266572546,False,"Isolation Forest anomaly; high transaction burst (9 in 5 min); merchant activity above its normal baseline; device burst rate above its normal baseline; device in suspected abuse ring (RING-024, 9 devices)",INC-0005,P1 — Investigate
88a6adc1-876d-4b9b-ad69-106e8ba3a3e9,POS-8BA2BC27,MER-CDDE89,2026-08-09 10:41:02.280648+00:00,4.25,2,383.9,v2.1.1,0.37,Bengaluru,12.9716,77.5946,1,fraud,card_testing,8.0,8.0,8.0,8.0,10.0,8.0,RING-012,2,54.17,1555.2063157894736,1538.7944675646847,2.763157894736842,1.007903490999702,2.895238095238095,1555.2063157894736,1538.7944675646847,2.763157894736842,1.007903490999702,2.895238095238095,-1,-0.12540230471723113,89.83434114815027,73.07,HIGH,33.04394736842105,24.335251878646233,81.71445112571351,False,"Isolation Forest anomaly; high transaction burst (8 in 5 min); merchant activity above its normal baseline; device burst rate above its normal baseline; device in suspected abuse ring (RING-012, 2 devices)",INC-0006,P1 — Investigate
2799b1c8-3a44-4f13-b062-55ed367b68e7,POS-C2744B6C,MER-4093C0,2026-08-03 03:23:59.661359+00:00,10.7,1,395.3,v2.1.1,0.65,Nagpur,21.1458,79.0882,1,fraud,card_testing,9.0,9.0,9.0,9.0,9.0,9.0,RING-023,4,43.75,1419.55,1594.3698370065363,3.0,0.8836406505564268,3.0,1419.55,1594.3698370065363,3.0,0.8836406505564268,3.0,-1,-0.11710368629393875,87.52168840544344,72.85,HIGH,31.704545454545453,24.882663780595955,81.46987301573736,False,"Isolation Forest anomaly; high transaction burst (9 in 5 min); merchant activity above its normal baseline; device burst rate above its normal baseline; device in suspected abuse ring (RING-023, 4 devices)",INC-0003,P1 — Investigate
8e568549-c1b1-4646-b016-e36017ac69c2,POS-C72F113B,MER-DDFFD5,2026-08-02 00:07:49.660743+00:00,18.52,1,372.0,v2.3.0-beta,1.25,Bengaluru,12.9716,77.5946,1,fraud,card_testing,9.0,9.0,9.0,10.0,11.0,9.0,RING-011,7,46.43,1195.0918518518517,1432.7435241737523,3.4444444444444446,0.8212020030105305,2.6129032258064515,1195.0918518518517,1432.7435241737523,3.4444444444444446,0.8212020030105305,2.6129032258064515,-1,-0.1320284135200428,91.68090016733416,72.58,HIGH,36.135185185185186,25.161801386284907,86.45878795775499,False,"Isolation Forest anomaly; high transaction burst (9 in 5 min); merchant activity above its normal baseline; device burst rate above its normal baseline; device in suspected abuse ring (RING-011, 7 devices)",INC-0002,P1 — Investigate
8150e9f0-329d-48eb-9fd0-65c69c2dff76,POS-DEE4DD42,MER-D53081,2026-08-16 00:02:40.754504+00:00,11.93,2,49.2,v2.1.0,0.49,Mumbai,19.076,72.8777,1,fraud,card_testing,9.0,9.0,9.0,9.0,9.0,9.0,RING-016,9,33.33,1355.9837499999999,1597.4043431601071,3.0625,0.8413985824910744,2.938775510204082,1355.9837499999999,1597.4043431601071,3.0625,0.8413985824910744,2.938775510204082,-1,-0.13330541502529714,92.03677398667716,72.43,HIGH,33.758125,24.871361745603018,83.50084849120603,False,Isolation Forest anomaly; high transaction burst (9 in 5 min); merchant activity above its normal baseline; device burst rate above its normal baseline,INC-0015,P1 — Investigate
016b1bf4-54b0-4630-bab4-92888a1acc9b,POS-FB95985B,MER-7765F7,2026-08-17 04:51:34.330873+00:00,14.05,0,314.5,v2.1.0,1.24,Hyderabad,17.385,78.4867,1,fraud,card_testing,9.0,9.0,9.0,9.0,9.0,9.0,RING-019,4,43.75,1458.8658620689655,1716.3588127726284,3.2758620689655173,0.8417912684207279,2.7473684210526317,1458.8658620689655,1716.3588127726284,3.2758620689655173,0.8417912684207279,2.7473684210526317,-1,-0.12311538414054646,89.19702384131064,72.04,HIGH,34.471724137931034,25.05971554806147,84.59115523405397,False,"Isolation Forest anomaly; high transaction burst (9 in 5 min); merchant activity above its normal baseline; device burst rate above its normal baseline; device in suspected abuse ring (RING-019, 4 devices)",INC-0016,P1 — Investigate
73f2eca7-a68c-4c9a-8462-cc598e74782c,POS-38B8A946,MER-7808DD,2026-08-08 14:06:02.437514+00:00,14.57,0,84.9,v2.3.0-beta,1.5,Nagpur,21.1458,79.0882,1,fraud,card_testing,9.0,9.0,9.0,9.0,11.0,9.0,RING-001,3,50.0,1386.8624444444445,1725.4519949779635,3.933333333333333,0.7953234563688749,2.288135593220339,1386.8624444444445,1725.4519949779635,3.933333333333333,0.7953234563688749,2.288135593220339,-1,-0.13688528704173208,93.03441002861281,71.89,HIGH,40.24911111111111,23.877341372315747,88.0037938557426,False,"Isolation Forest anomaly; high transaction burst (9 in 5 min); merchant activity above its normal baseline; device burst rate above its normal baseline; device in suspected abuse ring (RING-001, 3 devices)",INC-0004,P1 — Investigate
76751fe8-096b-448b-bfdf-7649365b3a91,POS-CBA73359,MER-269861,2026-08-19 07:47:55.960293+00:00,4.86,1,116.5,v2.1.1,0.91,Hyderabad,17.385,78.4867,1,fraud,card_testing,8.0,8.0,8.0,8.0,8.0,8.0,RING-004,4,62.5,2005.3451612903225,1883.3696992250725,3.129032258064516,1.0621840003656415,2.5567010309278353,2005.3451612903225,1883.3696992250725,3.129032258064516,1.0621840003656415,2.5567010309278353,-1,-0.10777992102257228,84.92334850989424,71.07,HIGH,38.55,23.972710179146063,86.49542035829212,False,"Isolation Forest anomaly; high transaction burst (8 in 5 min); merchant activity above its normal baseline; device burst rate above its normal baseline; device in suspected abuse ring (RING-004, 4 devices)",INC-0017,P1 — Investigate
62668192-3296-4ee5-8c31-78e8854fdcda,POS-8E784FDD,MER-40A230,2026-08-10 11:30:17.956794+00:00,1.7,0,54.0,v2.1.0,1.1,Pune,18.5204,73.8567,1,fraud,card_testing,9.0,9.0,9.0,9.0,9.0,9.0,RING-013,5,40.0,1398.7704,1654.9535016189025,3.64,0.8441750167804492,2.4725274725274726,1398.7704,1654.9535016189025,3.64,0.8441750167804492,2.4725274725274726,-1,-0.13281800914626274,91.90094408277454,71.06,HIGH,36.147200000000005,25.107808964543285,86.36281792908657,False,"Isolation Forest anomaly; high transaction burst (9 in 5 min); merchant activity above its normal baseline; device burst rate above its normal baseline; device in suspected abuse ring (RING-013, 5 devices)",INC-0009,P1 — Investigate
6ba5a794-8d04-4351-b53a-d3ef80b93df4,POS-055D6FBC,MER-294500,2026-08-19 19:09:56.691624+00:00,12.01,2,371.0,v2.2.0,1.11,Kolkata,22.5726,88.3639,1,fraud,card_testing,8.0,8.0,8.0,9.0,9.0,8.0,RING-002,6,37.5,1649.753846153846,1628.2081136322763,2.6923076923076925,1.0058565808889732,2.971428571428571,1649.753846153846,1628.2081136322763,2.6923076923076925,1.0058565808889732,2.971428571428571,-1,-0.12208507423412429,88.90989785124975,70.62,HIGH,30.974102564102566,24.287905449978563,79.5499134640597,False,Isolation Forest anomaly; high transaction burst (8 in 5 min); merchant activity above its normal baseline; device burst rate above its normal baseline,INC-0020,P1 — Investigate
df0f3dab-e10a-4730-a7d1-257e8284a10f,POS-38B8A946,MER-7808DD,2026-08-05 03:09:59.015835+00:00,4.45,0,427.8,v2.3.0-beta,0.95,Nagpur,21.1458,79.0882,1,fraud,card_testing,9.0,9.0,9.0,9.0,9.0,9.0,RING-001,3,50.0,1386.8624444444445,1725.4519949779635,3.933333333333333,0.8011885862185925,2.288135593220339,1386.8624444444445,1725.4519949779635,3.933333333333333,0.8011885862185925,2.288135593220339,-1,-0.12347840843043978,89.29819117747041,70.6,HIGH,40.24911111111111,23.877341372315747,88.0037938557426,False,"Isolation Forest anomaly; high transaction burst (9 in 5 min); merchant activity above its normal baseline; device burst rate above its normal baseline; device in suspected abuse ring (RING-001, 3 devices)",INC-0004,P1 — Investigate
65cfcfd5-e8be-464a-86e5-f18040d99ef0,POS-CC26C0E8,MER-0D1C10,2026-08-08 17:57:26.856061+00:00,1.73,0,393.9,v2.1.0,0.45,Delhi,28.7041,77.1025,1,fraud,card_testing,8.0,8.0,8.0,8.0,9.0,8.0,RING-024,9,41.67,1473.9082857142857,1535.6094075326762,2.8857142857142857,0.9586931927433893,2.7722772277227725,1473.9082857142857,1535.6094075326762,2.8857142857142857,0.9586931927433893,2.7722772277227725,-1,-0.12163162721469656,88.78353157680962,70.06,HIGH,31.180285714285713,24.691913475719875,80.56411266572546,False,"Isolation Forest anomaly; high transaction burst (8 in 5 min); merchant activity above its normal baseline; device burst rate above its normal baseline; device in suspected abuse ring (RING-024, 9 devices)",INC-0005,P1 — Investigate
750c6be3-60a6-497a-8cd6-508516a16814,POS-77B485D3,MER-340AFB,2026-08-19 12:19:19.584488+00:00,2.89,0,43.9,v2.1.0,0.36,Delhi,28.7041,77.1025,1,fraud,card_testing,8.0,8.0,8.0,8.0,10.0,8.0,RING-024,9,41.67,1683.6415625,1847.451964654002,3.125,0.9097673956652927,2.56,1683.6415625,1847.451964654002,3.09375,0.9097673956652927,2.585858585858586,-1,-0.13279376511884056,91.89418777544091,70.01,HIGH,33.5609375,24.392819588555945,82.3465766771119,False,"Isolation Forest anomaly; high transaction burst (8 in 5 min); merchant activity above its normal baseline; device burst rate above its normal baseline; device in suspected abuse ring (RING-024, 9 devices)",INC-0019,P1 — Investigate
7defbf54-1f72-4492-bcec-3d688ef654f0,POS-00CFCF07,MER-73C8B8,2026-08-01 08:25:18.042178+00:00,6.64,0,22.3,v2.3.0-beta,0.75,Kolkata,22.5726,88.3639,1,fraud,card_testing,8.0,8.0,8.0,8.0,8.0,8.0,RING-025,4,43.75,1845.3763333333334,1825.8477593851055,3.2,1.0070589532352732,2.5,1845.3763333333334,1825.8477593851055,3.2,1.0070589532352732,2.5,-1,-0.1286630494557578,90.74304304022121,69.84,HIGH,34.71966666666666,25.13993148474099,84.99952963614865,False,"Isolation Forest anomaly; high transaction burst (8 in 5 min); merchant activity above its normal baseline; device burst rate above its normal baseline; device in suspected abuse ring (RING-025, 4 devices)",INC-0001,P1 — Investigate
7e2ddd5d-c6dd-4c6a-acff-d15ac1bdc7e5,POS-10016958,MER-25A16E,2026-08-12 18:39:10.273866+00:00,4.24,1,412.1,v2.1.1,1.37,Delhi,28.7041,77.1025,1,fraud,card_testing,8.0,8.0,8.0,10.0,10.0,8.0,RING-014,11,45.45,1364.4054838709678,1433.3486462124017,3.161290322580645,0.9489425252294206,2.5306122448979593,1364.4054838709678,1433.3486462124017,3.129032258064516,0.9489425252294206,2.5567010309278353,-1,-0.12205265430448775,88.90086308963427,69.5,HIGH,34.15806451612904,24.96172475602796,84.08151402818496,False,"Isolation Forest anomaly; high transaction burst (8 in 5 min); merchant activity above its normal baseline; device burst rate above its normal baseline; device in suspected abuse ring (RING-014, 11 devices)",INC-0012,P1 — Investigate
87a2debe-7b51-40c2-8689-0896b8495a2b,POS-28402991,MER-833A0C,2026-08-11 22:53:34.088940+00:00,6.46,2,403.3,v2.1.1,1.17,Hyderabad,17.385,78.4867,1,fraud,card_testing,8.0,8.0,8.0,8.0,8.0,8.0,RING-004,4,62.5,2395.948928571429,6941.196969839829,3.357142857142857,0.3442473883040618,2.382978723404255,2395.948928571429,6941.196969839829,3.357142857142857,0.3442473883040618,2.382978723404255,-1,-0.12225766544363503,88.95799543974977,69.46,HIGH,36.223214285714285,25.309750580969766,86.84271544765382,False,"Isolation Forest anomaly; high transaction burst (8 in 5 min); merchant activity above its normal baseline; device burst rate above its normal baseline; device in suspected abuse ring (RING-004, 4 devices)",INC-0011,P1 — Investigate
183ca8e0-0b27-4b5c-8d60-4a41dc4bc38f,POS-24B8E3FE,MER-C60B06,2026-08-12 23:07:48.833913+00:00,19.0,2,370.8,v2.3.0-beta,0.8,Bengaluru,12.9716,77.5946,1,fraud,card_testing,8.0,8.0,8.0,9.0,9.0,8.0,RING-011,7,46.43,1217.6675862068967,1391.0000955752641,3.2758620689655173,0.861730771996226,2.442105263157895,1217.6675862068967,1391.0000955752641,3.2758620689655173,0.861730771996226,2.442105263157895,-1,-0.12686241267543052,90.24124293612743,69.34,HIGH,34.18103448275862,25.405093885286018,84.99122225333065,False,"Isolation Forest anomaly; high transaction burst (8 in 5 min); merchant activity above its normal baseline; device burst rate above its normal baseline; device in suspected abuse ring (RING-011, 7 devices)",INC-0013,P1 — Investigate
f166cb70-f2cd-4d1f-a15a-401e442c68dd,POS-FB95985B,MER-7765F7,2026-08-17 04:51:27.464322+00:00,9.1,0,27.8,v2.1.0,0.45,Hyderabad,17.385,78.4867,1,fraud,card_testing,8.0,8.0,8.0,8.0,8.0,8.0,RING-019,4,43.75,1458.8658620689655,1716.3588127726284,3.2758620689655173,0.8446752807631144,2.442105263157895,1458.8658620689655,1716.3588127726284,3.2758620689655173,0.8446752807631144,2.442105263157895,-1,-0.1313127507712405,91.48145981058451,69.33,HIGH,34.471724137931034,25.05971554806147,84.59115523405397,False,"Isolation Forest anomaly; high transaction burst (8 in 5 min); merchant activity above its normal baseline; device burst rate above its normal baseline; device in suspected abuse ring (RING-019, 4 devices)",INC-0016,P1 — Investigate
9e3b2814-d547-4952-9ec9-f7c13d623758,POS-C2744B6C,MER-4093C0,2026-08-03 03:23:59.410865+00:00,1.69,0,403.3,v2.1.1,0.66,Nagpur,21.1458,79.0882,1,fraud,card_testing,8.0,8.0,8.0,8.0,8.0,8.0,RING-023,4,43.75,1419.55,1594.3698370065363,3.0,0.8892917860651846,2.6666666666666665,1419.55,1594.3698370065363,3.0,0.8892917860651846,2.6666666666666665,-1,-0.11688493004126965,87.46072557742626,69.17,HIGH,31.704545454545453,24.882663780595955,81.46987301573736,False,"Isolation Forest anomaly; high transaction burst (8 in 5 min); merchant activity above its normal baseline; device burst rate above its normal baseline; device in suspected abuse ring (RING-023, 4 devices)",INC-0003,P1 — Investigate
1ccbfe98-515b-4ea1-b516-bebc4f6b472c,POS-81C99677,MER-2280B3,2026-08-09 19:00:06.142098+00:00,9.09,1,268.5,v2.1.0,0.95,Nagpur,21.1458,79.0882,1,fraud,card_testing,8.0,8.0,8.0,8.0,8.0,8.0,RING-020,6,37.5,2000.400487804878,1774.8479734937175,2.6097560975609757,1.1219611581070026,3.0654205607476634,2000.400487804878,1774.8479734937175,2.6097560975609757,1.1219611581070026,3.0654205607476634,-1,-0.09883280059781652,82.4299717170099,69.17,HIGH,30.200000000000003,23.373679000106083,76.94735800021218,False,Isolation Forest anomaly; high transaction burst (8 in 5 min); merchant activity above its normal baseline; device burst rate above its normal baseline,INC-0007,P1 — Investigate
fd4aa0dc-cb1c-479f-8557-d09752ffa058,POS-BB1E7F2D,MER-6350FC,2026-08-11 10:07:54.876873+00:00,10.79,2,110.3,v2.2.0,0.82,Nagpur,21.1458,79.0882,1,fraud,card_testing,9.0,9.0,9.0,9.0,10.0,9.0,RING-021,8,34.38,1259.96875,1496.4970791101885,3.7916666666666665,0.8347351741860779,2.3736263736263736,1259.96875,1496.4970791101885,3.75,0.8347351741860779,2.4,-1,-0.12664803733329855,90.18150097696484,69.16,HIGH,36.520833333333336,25.01408766843312,86.54900867019958,False,Isolation Forest anomaly; high transaction burst (9 in 5 min); merchant activity above its normal baseline; device burst rate above its normal baseline,INC-0010,P1 — Investigate
393c2e8d-7a1f-43ba-84fd-b80ba043bdf6,POS-0AE6C0D2,MER-897854,2026-08-20 06:24:17.799588+00:00,19.26,0,428.0,v2.1.1,0.58,Kolkata,22.5726,88.3639,1,fraud,card_testing,7.0,7.0,7.0,8.0,9.0,7.0,RING-027,3,50.0,1696.6145238095237,1639.2351669726986,2.5714285714285716,1.0232543552047038,2.722222222222222,1696.6145238095237,1639.2351669726986,2.5714285714285716,1.0232543552047038,2.722222222222222,-1,-0.12057812224512032,88.48994160398868,69.15,HIGH,31.454523809523806,23.595713459655148,78.6459507288341,False,"Isolation Forest anomaly; high transaction burst (7 in 5 min); merchant activity above its normal baseline; device burst rate above its normal baseline; device in suspected abuse ring (RING-027, 3 devices)",INC-0021,P1 — Investigate
c9809d41-1b88-445d-9517-e824a5e16930,POS-FA8E124D,MER-079B19,2026-08-19 12:13:03.753183+00:00,19.36,2,286.9,v2.1.1,1.32,Delhi,28.7041,77.1025,1,fraud,card_testing,8.0,8.0,8.0,8.0,8.0,8.0,RING-014,11,45.45,1983.6056250000001,3685.2812280983103,3.0625,0.5329974847031135,2.6122448979591835,1983.6056250000001,3685.2812280983103,3.0625,0.5329974847031135,2.6122448979591835,-1,-0.12622002732894955,90.06222347076148,69.0,HIGH,32.511875,25.41684372139988,83.34556244279976,False,"Isolation Forest anomaly; high transaction burst (8 in 5 min); merchant activity above its normal baseline; device burst rate above its normal baseline; device in suspected abuse ring (RING-014, 11 devices)",INC-0018,P1 — Investigate
c7f01710-e058-4735-aa2a-0264c1102619,POS-47CB19EB,MER-7848E9,2026-08-16 12:19:12.588096+00:00,13.1,1,484.7,v2.2.0,0.52,Bengaluru,12.9716,77.5946,1,fraud,card_testing,9.0,9.0,9.0,9.0,9.0,9.0,RING-006,4,43.75,1519.4046666666666,3597.5861927488645,3.933333333333333,0.4186987012855196,2.288135593220339,1519.4046666666666,3597.5861927488645,3.933333333333333,0.4186987012855196,2.288135593220339,-1,-0.12610294554527213,90.02959520731672,68.77,HIGH,38.95,24.25616407131485,87.4623281426297,False,"Isolation Forest anomaly; high transaction burst (9 in 5 min); merchant activity above its normal baseline; device burst rate above its normal baseline; device in suspected abuse ring (RING-006, 4 devices)",INC-0014,P1 — Investigate
a93a6d4e-4c78-4b1f-b206-03cd0fab123b,POS-C72F113B,MER-DDFFD5,2026-08-02 00:07:47.310536+00:00,1.78,2,236.8,v2.3.0-beta,0.39,Bengaluru,12.9716,77.5946,1,fraud,card_testing,8.0,8.0,8.0,9.0,10.0,8.0,RING-011,7,46.43,1195.0918518518517,1432.7435241737523,3.4444444444444446,0.8328858806324194,2.32258064516129,1195.0918518518517,1432.7435241737523,3.4444444444444446,0.8328858806324194,2.32258064516129,-1,-0.1266063075066941,90.1698717402622,68.64,HIGH,36.135185185185186,25.161801386284907,86.45878795775499,False,"Isolation Forest anomaly; high transaction burst (8 in 5 min); merchant activity above its normal baseline; device burst rate above its normal baseline; device in suspected abuse ring (RING-011, 7 devices)",INC-0002,P1 — Investigate
6a1929a3-8b2a-43e1-90ed-8ca599b1422c,POS-47CB19EB,MER-7848E9,2026-08-14 10:09:46.514916+00:00,6.4,1,38.6,v2.2.0,0.91,Bengaluru,12.9716,77.5946,1,fraud,card_testing,9.0,9.0,9.0,9.0,9.0,9.0,RING-006,4,43.75,1519.4046666666666,3597.5861927488645,3.933333333333333,0.42056106111264596,2.288135593220339,1519.4046666666666,3597.5861927488645,3.933333333333333,0.42056106111264596,2.288135593220339,-1,-0.12415348243944369,89.48632029473058,68.59,HIGH,38.95,24.25616407131485,87.4623281426297,False,"Isolation Forest anomaly; high transaction burst (9 in 5 min); merchant activity above its normal baseline; device burst rate above its normal baseline; device in suspected abuse ring (RING-006, 4 devices)",INC-0014,P1 — Investigate
e65db234-b46e-4340-854c-c66e6e31eefb,POS-DEE4DD42,MER-D53081,2026-08-16 00:02:31.317946+00:00,16.36,0,38.5,v2.1.0,0.52,Mumbai,19.076,72.8777,1,fraud,card_testing,8.0,8.0,8.0,8.0,8.0,8.0,RING-016,9,33.33,1355.9837499999999,1597.4043431601071,3.0625,0.838625333489362,2.6122448979591835,1355.9837499999999,1597.4043431601071,3.0625,0.838625333489362,2.6122448979591835,-1,-0.12919831653036928,90.89221086612179,68.39,HIGH,33.758125,24.871361745603018,83.50084849120603,False,Isolation Forest anomaly; high transaction burst (8 in 5 min); merchant activity above its normal baseline; device burst rate above its normal baseline,INC-0015,P1 — Investigate
3d71d1b7-9277-4268-887c-e97f0a1a103d,POS-8BA2BC27,MER-CDDE89,2026-08-09 10:41:01.284999+00:00,5.64,0,89.5,v2.1.1,0.97,Bengaluru,12.9716,77.5946,1,fraud,card_testing,7.0,7.0,7.0,7.0,9.0,7.0,RING-012,2,54.17,1555.2063157894736,1538.7944675646847,2.763157894736842,1.0070001864783387,2.533333333333333,1555.2063157894736,1538.7944675646847,2.763157894736842,1.0070001864783387,2.533333333333333,-1,-0.1099074414719361,85.51624430910054,67.74,HIGH,33.04394736842105,24.335251878646233,81.71445112571351,False,"Isolation Forest anomaly; high transaction burst (7 in 5 min); merchant activity above its normal baseline; device burst rate above its normal baseline; device in suspected abuse ring (RING-012, 2 devices)",INC-0006,P1 — Investigate
b56ced53-e04e-49fa-b657-805f9e7aa9d6,POS-CBA73359,MER-269861,2026-08-19 07:47:54.511261+00:00,14.0,1,91.6,v2.1.1,0.83,Hyderabad,17.385,78.4867,1,fraud,card_testing,7.0,7.0,7.0,7.0,7.0,7.0,RING-004,4,62.5,2005.3451612903225,1883.3696992250725,3.129032258064516,1.0573309967287237,2.2371134020618557,2005.3451612903225,1883.3696992250725,3.129032258064516,1.0573309967287237,2.2371134020618557,-1,-0.10594929464614466,84.41319092770755,67.28,HIGH,38.55,23.972710179146063,86.49542035829212,False,"Isolation Forest anomaly; high transaction burst (7 in 5 min); merchant activity above its normal baseline; device burst rate above its normal baseline; device in suspected abuse ring (RING-004, 4 devices)",INC-0017,P1 — Investigate
c9ec07ed-eb96-4c05-9bd9-837ebf5e2793,POS-38B8A946,MER-7808DD,2026-08-08 14:06:01.002999+00:00,1.39,2,260.0,v2.3.0-beta,0.6,Nagpur,21.1458,79.0882,1,fraud,card_testing,8.0,8.0,8.0,8.0,10.0,8.0,RING-001,3,50.0,1386.8624444444445,1725.4519949779635,3.933333333333333,0.8029620345723607,2.0338983050847457,1386.8624444444445,1725.4519949779635,3.933333333333333,0.8029620345723607,2.0338983050847457,-1,-0.12155383697198563,88.76185305045922,67.15,HIGH,40.24911111111111,23.877341372315747,88.0037938557426,False,"Isolation Forest anomaly; high transaction burst (8 in 5 min); merchant activity above its normal baseline; device burst rate above its normal baseline; device in suspected abuse ring (RING-001, 3 devices)",INC-0004,P1 — Investigate
9717b658-5481-40b6-89f8-06556b303dac,POS-A22B806C,MER-66332B,2026-08-10 05:19:37.435903+00:00,8.3,0,306.2,v2.1.1,0.72,Delhi,28.7041,77.1025,1,fraud,card_testing,8.0,8.0,8.0,8.0,9.0,8.0,RING-014,11,45.45,1636.4144444444446,1713.4661851982808,3.4444444444444446,0.9501876713464531,2.32258064516129,1636.4144444444446,1713.4661851982808,3.4444444444444446,0.9501876713464531,2.32258064516129,-1,-0.10869447338568139,85.17821527481944,67.09,HIGH,35.495925925925924,25.35330159948211,86.20252912489013,False,"Isolation Forest anomaly; high transaction burst (8 in 5 min); merchant activity above its normal baseline; device burst rate above its normal baseline; device in suspected abuse ring (RING-014, 11 devices)",INC-0008,P1 — Investigate
09eee6b9-a80f-4fe7-8982-3010f042b94b,POS-8E784FDD,MER-40A230,2026-08-10 11:30:17.214677+00:00,19.01,2,180.2,v2.1.0,0.95,Pune,18.5204,73.8567,1,fraud,card_testing,8.0,8.0,8.0,8.0,8.0,8.0,RING-013,5,40.0,1398.7704,1654.9535016189025,3.64,0.8337155084117445,2.1978021978021975,1398.7704,1654.9535016189025,3.64,0.8337155084117445,2.1978021978021975,-1,-0.12235925520576263,88.98630639827702,66.64,HIGH,36.147200000000005,25.107808964543285,86.36281792908657,False,"Isolation Forest anomaly; high transaction burst (8 in 5 min); merchant activity above its normal baseline; device burst rate above its normal baseline; device in suspected abuse ring (RING-013, 5 devices)",INC-0009,P1 — Investigate
2cb4acfe-d1d2-4007-8dca-09975c3623f0,POS-C2744B6C,MER-4093C0,2026-08-03 03:23:51.203515+00:00,17.1,2,404.8,v2.1.1,1.42,Nagpur,21.1458,79.0882,1,fraud,card_testing,7.0,7.0,7.0,7.0,7.0,7.0,RING-023,4,43.75,1419.55,1594.3698370065363,3.0,0.8796265254447677,2.3333333333333335,1419.55,1594.3698370065363,3.0,0.8796265254447677,2.3333333333333335,-1,-0.12325751094174064,89.23663163140633,66.1,HIGH,31.704545454545453,24.882663780595955,81.46987301573736,False,"Isolation Forest anomaly; high transaction burst (7 in 5 min); merchant activity above its normal baseline; device burst rate above its normal baseline; device in suspected abuse ring (RING-023, 4 devices)",INC-0003,P1 — Investigate
743db862-b10c-4aed-ac42-4d6bc06e52c6,POS-00CFCF07,MER-73C8B8,2026-08-01 08:25:17.838324+00:00,4.7,2,54.4,v2.3.0-beta,1.09,Kolkata,22.5726,88.3639,1,fraud,card_testing,7.0,7.0,7.0,7.0,7.0,7.0,RING-025,4,43.75,1845.3763333333334,1825.8477593851055,3.2,1.008121473366006,2.1875,1845.3763333333334,1825.8477593851055,3.2,1.008121473366006,2.1875,-1,-0.1225939404900227,89.05170831684138,65.69,HIGH,34.71966666666666,25.13993148474099,84.99952963614865,False,"Isolation Forest anomaly; high transaction burst (7 in 5 min); merchant activity above its normal baseline; device burst rate above its normal baseline; device in suspected abuse ring (RING-025, 4 devices)",INC-0001,P1 — Investigate
e939d78b-a8af-41c0-8026-f15b5e5a1e0c,POS-BB1E7F2D,MER-6350FC,2026-08-11 10:07:45.095293+00:00,2.56,2,213.2,v2.2.0,1.5,Nagpur,21.1458,79.0882,1,fraud,card_testing,8.0,8.0,8.0,8.0,9.0,8.0,RING-021,8,34.38,1259.96875,1496.4970791101885,3.7916666666666665,0.8402346837507031,2.10989010989011,1259.96875,1496.4970791101885,3.75,0.8402346837507031,2.1333333333333333,-1,-0.12484831360502058,89.67995532152966,65.67,HIGH,36.520833333333336,25.01408766843312,86.54900867019958,False,Isolation Forest anomaly; high transaction burst (8 in 5 min); merchant activity above its normal baseline; device burst rate above its normal baseline,INC-0010,P1 — Investigate
91ee4c94-4e09-4790-b22b-083514d237a2,POS-055D6FBC,MER-294500,2026-08-19 19:09:55.381348+00:00,17.35,1,376.9,v2.2.0,1.45,Kolkata,22.5726,88.3639,1,fraud,card_testing,7.0,7.0,7.0,8.0,8.0,7.0,RING-002,6,37.5,1649.753846153846,1628.2081136322763,2.6923076923076925,1.0025769018631223,2.5999999999999996,1649.753846153846,1628.2081136322763,2.6923076923076925,1.0025769018631223,2.5999999999999996,-1,-0.11101225325365438,85.82413242575308,65.67,HIGH,30.974102564102566,24.287905449978563,79.5499134640597,False,Isolation Forest anomaly; high transaction burst (7 in 5 min); merchant activity above its normal baseline; device burst rate above its normal baseline,INC-0020,P1 — Investigate
a9456743-3fef-4c93-8121-73b48fe3d77b,POS-CC26C0E8,MER-0D1C10,2026-08-08 17:57:26.756036+00:00,1.15,0,108.5,v2.1.0,1.06,Delhi,28.7041,77.1025,1,fraud,card_testing,7.0,7.0,7.0,7.0,8.0,7.0,RING-024,9,41.67,1473.9082857142857,1535.6094075326762,2.8857142857142857,0.9590708929561874,2.4257425742574257,1473.9082857142857,1535.6094075326762,2.8857142857142857,0.9590708929561874,2.4257425742574257,-1,-0.11252551269247058,86.24584642838545,65.44,HIGH,31.180285714285713,24.691913475719875,80.56411266572546,False,"Isolation Forest anomaly; high transaction burst (7 in 5 min); merchant activity above its normal baseline; device burst rate above its normal baseline; device in suspected abuse ring (RING-024, 9 devices)",INC-0005,P1 — Investigate
234d4532-fd61-41d5-941b-f0b6ad1e7ed7,POS-47CB19EB,MER-7848E9,2026-08-14 10:09:45.395538+00:00,16.88,0,82.8,v2.2.0,0.47,Bengaluru,12.9716,77.5946,1,fraud,card_testing,8.0,8.0,8.0,8.0,8.0,8.0,RING-006,4,43.75,1519.4046666666666,3597.5861927488645,3.933333333333333,0.4176479967860363,2.0338983050847457,1519.4046666666666,3597.5861927488645,3.933333333333333,0.4176479967860363,2.0338983050847457,-1,-0.12544405748723075,89.84597677870103,65.43,HIGH,38.95,24.25616407131485,87.4623281426297,False,"Isolation Forest anomaly; high transaction burst (8 in 5 min); merchant activity above its normal baseline; device burst rate above its normal baseline; device in suspected abuse ring (RING-006, 4 devices)",INC-0014,P1 — Investigate
ad2541dd-b704-4b9e-8527-84fb3261881e,POS-81C99677,MER-2280B3,2026-08-09 19:00:02.667514+00:00,7.58,1,356.5,v2.1.0,0.69,Nagpur,21.1458,79.0882,1,fraud,card_testing,7.0,7.0,7.0,7.0,7.0,7.0,RING-020,6,37.5,2000.400487804878,1774.8479734937175,2.6097560975609757,1.1228119352003374,2.6822429906542054,2000.400487804878,1774.8479734937175,2.6097560975609757,1.1228119352003374,2.6822429906542054,-1,-0.10045364990286676,82.88166878267059,65.41,HIGH,30.200000000000003,23.373679000106083,76.94735800021218,False,Isolation Forest anomaly; high transaction burst (7 in 5 min); merchant activity above its normal baseline; device burst rate above its normal baseline,INC-0007,P1 — Investigate
a3d95eeb-2777-4eea-889f-6b3e31e7ae38,POS-38B8A946,MER-7808DD,2026-08-05 03:09:58.051746+00:00,5.55,1,284.5,v2.3.0-beta,0.73,Nagpur,21.1458,79.0882,1,fraud,card_testing,8.0,8.0,8.0,8.0,8.0,8.0,RING-001,3,50.0,1386.8624444444445,1725.4519949779635,3.933333333333333,0.8005510721044927,2.0338983050847457,1386.8624444444445,1725.4519949779635,3.933333333333333,0.8005510721044927,2.0338983050847457,-1,-0.09995402591182134,82.7424339444992,65.03,HIGH,40.24911111111111,23.877341372315747,88.0037938557426,False,"Isolation Forest anomaly; high transaction burst (8 in 5 min); merchant activity above its normal baseline; device burst rate above its normal baseline; device in suspected abuse ring (RING-001, 3 devices)",INC-0004,P1 — Investigate
e76587b4-a613-4e26-8bba-c59b7a70e012,POS-77B485D3,MER-340AFB,2026-08-19 12:19:17.433996+00:00,19.35,0,118.6,v2.1.0,0.72,Delhi,28.7041,77.1025,1,fraud,card_testing,7.0,7.0,7.0,7.0,9.0,7.0,RING-024,9,41.67,1683.6415625,1847.451964654002,3.125,0.9008578270730276,2.24,1683.6415625,1847.451964654002,3.09375,0.9008578270730276,2.2626262626262625,-1,-0.11867741118985797,87.96025287619902,65.0,HIGH,33.5609375,24.392819588555945,82.3465766771119,False,"Isolation Forest anomaly; high transaction burst (7 in 5 min); merchant activity above its normal baseline; device burst rate above its normal baseline; device in suspected abuse ring (RING-024, 9 devices)",INC-0019,P1 — Investigate
21d1399a-0826-429a-be32-a181d6f8241c,POS-24B8E3FE,MER-C60B06,2026-08-12 23:07:45.130181+00:00,4.65,0,370.3,v2.3.0-beta,0.3,Bengaluru,12.9716,77.5946,1,fraud,card_testing,7.0,7.0,7.0,8.0,8.0,7.0,RING-011,7,46.43,1217.6675862068967,1391.0000955752641,3.2758620689655173,0.8720470904822182,2.136842105263158,1217.6675862068967,1391.0000955752641,3.2758620689655173,0.8720470904822182,2.136842105263158,-1,-0.11617856527800108,87.26387637629425,64.81,HIGH,34.18103448275862,25.405093885286018,84.99122225333065,False,"Isolation Forest anomaly; high transaction burst (7 in 5 min); merchant activity above its normal baseline; device burst rate above its normal baseline; device in suspected abuse ring (RING-011, 7 devices)",INC-0013,P1 — Investigate
bab0b068-ce32-475b-8940-12aa9af64b24,POS-47CB19EB,MER-7848E9,2026-08-16 12:19:11.158844+00:00,12.83,0,471.1,v2.2.0,0.72,Bengaluru,12.9716,77.5946,1,fraud,card_testing,8.0,8.0,8.0,8.0,8.0,8.0,RING-006,4,43.75,1519.4046666666666,3597.5861927488645,3.933333333333333,0.41877375160691127,2.0338983050847457,1519.4046666666666,3597.5861927488645,3.933333333333333,0.41877375160691127,2.0338983050847457,-1,-0.11747130233465619,87.62413536727048,64.66,HIGH,38.95,24.25616407131485,87.4623281426297,False,"Isolation Forest anomaly; high transaction burst (8 in 5 min); merchant activity above its normal baseline; device burst rate above its normal baseline; device in suspected abuse ring (RING-006, 4 devices)",INC-0014,P1 — Investigate
89c467aa-522e-4ad8-91c9-3a927e0072c4,POS-0AE6C0D2,MER-897854,2026-08-20 06:24:14.551420+00:00,5.94,2,430.3,v2.1.1,1.05,Kolkata,22.5726,88.3639,1,fraud,card_testing,6.0,6.0,6.0,7.0,8.0,6.0,RING-027,3,50.0,1696.6145238095237,1639.2351669726986,2.5714285714285716,1.031380095957691,2.333333333333333,1696.6145238095237,1639.2351669726986,2.5714285714285716,1.031380095957691,2.333333333333333,-1,-0.11473433051752902,86.86139811912513,64.66,HIGH,31.454523809523806,23.595713459655148,78.6459507288341,False,"Isolation Forest anomaly; high transaction burst (6 in 5 min); merchant activity above its normal baseline; device burst rate above its normal baseline; device in suspected abuse ring (RING-027, 3 devices)",INC-0021,P1 — Investigate
e7eb7592-ee12-48f4-83c0-a9039f997019,POS-10016958,MER-25A16E,2026-08-12 18:39:08.940850+00:00,11.27,1,332.1,v2.1.1,0.65,Delhi,28.7041,77.1025,1,fraud,card_testing,7.0,7.0,7.0,9.0,9.0,7.0,RING-014,11,45.45,1364.4054838709678,1433.3486462124017,3.161290322580645,0.94403792646444,2.2142857142857144,1364.4054838709678,1433.3486462124017,3.129032258064516,0.94403792646444,2.2371134020618557,-1,-0.10593418257608156,84.40897950738469,64.32,HIGH,34.15806451612904,24.96172475602796,84.08151402818496,False,"Isolation Forest anomaly; high transaction burst (7 in 5 min); merchant activity above its normal baseline; device burst rate above its normal baseline; device in suspected abuse ring (RING-014, 11 devices)",INC-0012,P1 — Investigate
1f2cd4c6-17e3-4546-98de-99800dd2ea72,POS-C72F113B,MER-DDFFD5,2026-08-02 00:07:44.479450+00:00,12.69,0,95.6,v2.3.0-beta,1.23,Bengaluru,12.9716,77.5946,1,fraud,card_testing,7.0,7.0,7.0,8.0,9.0,7.0,RING-011,7,46.43,1195.0918518518517,1432.7435241737523,3.4444444444444446,0.8252711192910329,2.032258064516129,1195.0918518518517,1432.7435241737523,3.4444444444444446,0.8252711192910329,2.032258064516129,-1,-0.11760441412680334,87.66123086142306,64.28,HIGH,36.135185185185186,25.161801386284907,86.45878795775499,False,"Isolation Forest anomaly; high transaction burst (7 in 5 min); merchant activity above its normal baseline; device burst rate above its normal baseline; device in suspected abuse ring (RING-011, 7 devices)",INC-0002,P1 — Investigate
6d358b25-d20a-43d2-928e-d45875d56f4a,POS-28402991,MER-833A0C,2026-08-11 22:53:30.816593+00:00,11.39,0,266.1,v2.1.1,0.86,Hyderabad,17.385,78.4867,1,fraud,card_testing,7.0,7.0,7.0,7.0,7.0,7.0,RING-004,4,62.5,2395.948928571429,6941.196969839829,3.357142857142857,0.3435371361643486,2.0851063829787235,2395.948928571429,6941.196969839829,3.357142857142857,0.3435371361643486,2.0851063829787235,-1,-0.10264080369807937,83.4911831578614,64.05,HIGH,36.223214285714285,25.309750580969766,86.84271544765382,False,"Isolation Forest anomaly; high transaction burst (7 in 5 min); merchant activity above its normal baseline; device burst rate above its normal baseline; device in suspected abuse ring (RING-004, 4 devices)",INC-0011,P1 — Investigate
c68e254e-c58d-4818-9b11-69abb2c6ebbc,POS-FB95985B,MER-7765F7,2026-08-17 04:51:27.448962+00:00,4.66,1,80.7,v2.1.0,1.42,Hyderabad,17.385,78.4867,1,fraud,card_testing,7.0,7.0,7.0,7.0,7.0,7.0,RING-019,4,43.75,1458.8658620689655,1716.3588127726284,3.2758620689655173,0.8472621524399215,2.136842105263158,1458.8658620689655,1716.3588127726284,3.2758620689655173,0.8472621524399215,2.136842105263158,-1,-0.11246033718837245,86.22768336790699,63.97,HIGH,34.471724137931034,25.05971554806147,84.59115523405397,False,"Isolation Forest anomaly; high transaction burst (7 in 5 min); merchant activity above its normal baseline; device burst rate above its normal baseline; device in suspected abuse ring (RING-019, 4 devices)",INC-0016,P1 — Investigate
73cb246f-23b6-4eeb-9a7f-94a7f35bb700,POS-A22B806C,MER-66332B,2026-08-10 05:19:34.088048+00:00,11.13,0,271.0,v2.1.1,0.66,Delhi,28.7041,77.1025,1,fraud,card_testing,7.0,7.0,7.0,7.0,8.0,7.0,RING-014,11,45.45,1636.4144444444446,1713.4661851982808,3.4444444444444446,0.9485360484405287,2.032258064516129,1636.4144444444446,1713.4661851982808,3.4444444444444446,0.9485360484405287,2.032258064516129,-1,-0.10549014719714656,84.28523606184072,63.32,HIGH,35.495925925925924,25.35330159948211,86.20252912489013,False,"Isolation Forest anomaly; high transaction burst (7 in 5 min); merchant activity above its normal baseline; device burst rate above its normal baseline; device in suspected abuse ring (RING-014, 11 devices)",INC-0008,P1 — Investigate
067a8fd5-52e5-460e-af85-57c44407406e,POS-38B8A946,MER-7808DD,2026-08-08 14:06:00.779993+00:00,9.3,1,472.3,v2.3.0-beta,0.35,Nagpur,21.1458,79.0882,1,fraud,card_testing,7.0,7.0,7.0,7.0,9.0,7.0,RING-001,3,50.0,1386.8624444444445,1725.4519949779635,3.933333333333333,0.7983777285336981,1.7796610169491527,1386.8624444444445,1725.4519949779635,3.933333333333333,0.7983777285336981,1.7796610169491527,-1,-0.11440669776043155,86.770093668715,63.16,HIGH,40.24911111111111,23.877341372315747,88.0037938557426,False,"Isolation Forest anomaly; high transaction burst (7 in 5 min); device in suspected abuse ring (RING-001, 3 devices)",INC-0004,P1 — Investigate
337c7c58-ae8f-4897-a088-1e150207d919,POS-CBA73359,MER-269861,2026-08-19 07:47:49.868697+00:00,19.62,1,100.5,v2.1.1,0.65,Hyderabad,17.385,78.4867,1,fraud,card_testing,6.0,6.0,6.0,6.0,6.0,6.0,RING-004,4,62.5,2005.3451612903225,1883.3696992250725,3.129032258064516,1.054346983551538,1.9175257731958764,2005.3451612903225,1883.3696992250725,3.129032258064516,1.054346983551538,1.9175257731958764,-1,-0.10036854232921688,82.85795106803582,63.13,HIGH,38.55,23.972710179146063,86.49542035829212,False,"Isolation Forest anomaly; high transaction burst (6 in 5 min); device in suspected abuse ring (RING-004, 4 devices)",INC-0017,P1 — Investigate
02760854-a9f6-437e-bf82-7be9f715e12c,POS-055D6FBC,MER-294500,2026-08-19 19:09:51.554751+00:00,4.95,0,10.3,v2.2.0,0.58,Kolkata,22.5726,88.3639,1,fraud,card_testing,6.0,6.0,6.0,7.0,7.0,6.0,RING-002,6,37.5,1649.753846153846,1628.2081136322763,2.6923076923076925,1.010192635930641,2.228571428571428,1649.753846153846,1628.2081136322763,2.6923076923076925,1.010192635930641,2.228571428571428,-1,-0.1237453988085867,89.3725958553099,63.08,HIGH,30.974102564102566,24.287905449978563,79.5499134640597,False,Isolation Forest anomaly; high transaction burst (6 in 5 min); merchant activity above its normal baseline; device burst rate above its normal baseline,INC-0020,P1 — Investigate
b8c33d54-224d-4d7f-914d-810986a6152d,POS-DEE4DD42,MER-D53081,2026-08-16 00:02:23.921637+00:00,19.48,1,366.6,v2.1.0,1.43,Mumbai,19.076,72.8777,1,fraud,card_testing,7.0,7.0,7.0,7.0,7.0,7.0,RING-016,9,33.33,1355.9837499999999,1597.4043431601071,3.0625,0.836672164892219,2.2857142857142856,1355.9837499999999,1597.4043431601071,3.0625,0.836672164892219,2.2857142857142856,-1,-0.11161482512005327,85.99205670042438,63.04,HIGH,33.758125,24.871361745603018,83.50084849120603,False,Isolation Forest anomaly; high transaction burst (7 in 5 min); merchant activity above its normal baseline; device burst rate above its normal baseline,INC-0015,P1 — Investigate
bbed6d43-2e57-465c-9533-cf6b28a59602,POS-8BA2BC27,MER-CDDE89,2026-08-09 10:40:59.245731+00:00,11.15,1,82.8,v2.1.1,0.85,Bengaluru,12.9716,77.5946,1,fraud,card_testing,6.0,6.0,6.0,6.0,8.0,6.0,RING-012,2,54.17,1555.2063157894736,1538.7944675646847,2.763157894736842,1.00341946136128,2.1714285714285713,1555.2063157894736,1538.7944675646847,2.763157894736842,1.00341946136128,2.1714285714285713,-1,-0.10063656176403268,82.93264252261406,63.02,HIGH,33.04394736842105,24.335251878646233,81.71445112571351,False,"Isolation Forest anomaly; high transaction burst (6 in 5 min); merchant activity above its normal baseline; device burst rate above its normal baseline; device in suspected abuse ring (RING-012, 2 devices)",INC-0006,P1 — Investigate
dd03639f-29aa-4684-b4ab-9179deb1ba13,POS-81C99677,MER-2280B3,2026-08-09 18:59:59.670172+00:00,13.51,0,465.3,v2.1.0,0.38,Nagpur,21.1458,79.0882,1,fraud,card_testing,6.0,6.0,6.0,6.0,6.0,6.0,RING-020,6,37.5,2000.400487804878,1774.8479734937175,2.6097560975609757,1.119470803966248,2.2990654205607477,2000.400487804878,1774.8479734937175,2.6097560975609757,1.119470803966248,2.2990654205607477,-1,-0.11385695917289196,86.61689293247235,62.79,HIGH,30.200000000000003,23.373679000106083,76.94735800021218,False,Isolation Forest anomaly; high transaction burst (6 in 5 min); merchant activity above its normal baseline; device burst rate above its normal baseline,INC-0007,P1 — Investigate
b649fd8f-503a-404a-ac05-8b3790a0dc5a,POS-FA8E124D,MER-079B19,2026-08-19 12:13:02.695201+00:00,9.08,1,293.0,v2.1.1,0.57,Delhi,28.7041,77.1025,1,fraud,card_testing,7.0,7.0,7.0,7.0,7.0,7.0,RING-014,11,45.45,1983.6056250000001,3685.2812280983103,3.0625,0.5357869597427984,2.2857142857142856,1983.6056250000001,3685.2812280983103,3.0625,0.5357869597427984,2.2857142857142856,-1,-0.0979829007540226,82.19312226755704,62.62,HIGH,32.511875,25.41684372139988,83.34556244279976,False,"Isolation Forest anomaly; high transaction burst (7 in 5 min); merchant activity above its normal baseline; device burst rate above its normal baseline; device in suspected abuse ring (RING-014, 11 devices)",INC-0018,P1 — Investigate
1f3be014-5b19-49e6-823d-d6063f2d1868,POS-38B8A946,MER-7808DD,2026-08-05 03:09:56.513684+00:00,4.36,0,189.5,v2.3.0-beta,0.61,Nagpur,21.1458,79.0882,1,fraud,card_testing,7.0,7.0,7.0,7.0,7.0,7.0,RING-001,3,50.0,1386.8624444444445,1725.4519949779635,3.933333333333333,0.8012407464642916,1.7796610169491527,1386.8624444444445,1725.4519949779635,3.933333333333333,0.8012407464642916,1.7796610169491527,-1,-0.10652524325420121,84.57369585276129,62.4,HIGH,40.24911111111111,23.877341372315747,88.0037938557426,False,"Isolation Forest anomaly; high transaction burst (7 in 5 min); device in suspected abuse ring (RING-001, 3 devices)",INC-0004,P1 — Investigate
23053c8a-717e-407d-b3c1-826c59f1fbed,POS-8E784FDD,MER-40A230,2026-08-10 11:30:14.174755+00:00,16.64,1,441.8,v2.1.0,0.75,Pune,18.5204,73.8567,1,fraud,card_testing,7.0,7.0,7.0,7.0,7.0,7.0,RING-013,5,40.0,1398.7704,1654.9535016189025,3.64,0.8351475728157786,1.923076923076923,1398.7704,1654.9535016189025,3.64,0.8351475728157786,1.923076923076923,-1,-0.10704568227226063,84.71873140701072,61.77,HIGH,36.147200000000005,25.107808964543285,86.36281792908657,False,"Isolation Forest anomaly; high transaction burst (7 in 5 min); device in suspected abuse ring (RING-013, 5 devices)",INC-0009,P1 — Investigate
475a05e7-445b-40a4-9e57-b0bbbc8072fa,POS-BB1E7F2D,MER-6350FC,2026-08-11 10:07:40.448757+00:00,1.77,0,460.8,v2.2.0,1.28,Nagpur,21.1458,79.0882,1,fraud,card_testing,7.0,7.0,7.0,7.0,8.0,7.0,RING-021,8,34.38,1259.96875,1496.4970791101885,3.7916666666666665,0.8407625832107338,1.8461538461538463,1259.96875,1496.4970791101885,3.75,0.8407625832107338,1.8666666666666667,-1,-0.11877142184407763,87.986451694633,61.76,HIGH,36.520833333333336,25.01408766843312,86.54900867019958,False,Isolation Forest anomaly; high transaction burst (7 in 5 min),INC-0010,P1 — Investigate
91bb8353-a219-4b64-8ab2-9c68257d8fa8,POS-00CFCF07,MER-73C8B8,2026-08-01 08:25:15.739874+00:00,5.92,2,14.5,v2.3.0-beta,1.1,Kolkata,22.5726,88.3639,1,fraud,card_testing,6.0,6.0,6.0,6.0,6.0,6.0,RING-025,4,43.75,1845.3763333333334,1825.8477593851055,3.2,1.0074532906033802,1.875,1845.3763333333334,1825.8477593851055,3.2,1.0074532906033802,1.875,-1,-0.11800982972840379,87.77421177645657,61.68,HIGH,34.71966666666666,25.13993148474099,84.99952963614865,False,"Isolation Forest anomaly; high transaction burst (6 in 5 min); device in suspected abuse ring (RING-025, 4 devices)",INC-0001,P1 — Investigate
e35b8b39-f22f-4d78-8787-73d5ed7d7dbf,POS-77B485D3,MER-340AFB,2026-08-19 12:19:11.836102+00:00,18.38,2,370.0,v2.1.0,1.44,Delhi,28.7041,77.1025,1,fraud,card_testing,6.0,6.0,6.0,6.0,8.0,6.0,RING-024,9,41.67,1683.6415625,1847.451964654002,3.125,0.9013828745538597,1.92,1683.6415625,1847.451964654002,3.09375,0.9013828745538597,1.9393939393939394,-1,-0.11661442163466973,87.3853404980626,61.19,HIGH,33.5609375,24.392819588555945,82.3465766771119,False,"Isolation Forest anomaly; high transaction burst (6 in 5 min); device in suspected abuse ring (RING-024, 9 devices)",INC-0019,P1 — Investigate
2186795e-7b00-4624-8e30-9fe766764921,POS-47CB19EB,MER-7848E9,2026-08-16 12:19:09.938150+00:00,1.66,2,178.7,v2.2.0,0.85,Bengaluru,12.9716,77.5946,1,fraud,card_testing,7.0,7.0,7.0,7.0,7.0,7.0,RING-006,4,43.75,1519.4046666666666,3597.5861927488645,3.933333333333333,0.42187861119929954,1.7796610169491527,1519.4046666666666,3597.5861927488645,3.933333333333333,0.42187861119929954,1.7796610169491527,-1,-0.11453430811405585,86.8056560261164,61.11,HIGH,38.95,24.25616407131485,87.4623281426297,False,"Isolation Forest anomaly; high transaction burst (7 in 5 min); device in suspected abuse ring (RING-006, 4 devices)",INC-0014,P1 — Investigate
2b02671e-df35-4952-98dc-101479df20a3,POS-28402991,MER-833A0C,2026-08-11 22:53:29.247698+00:00,1.83,0,81.3,v2.1.1,1.35,Hyderabad,17.385,78.4867,1,fraud,card_testing,6.0,6.0,6.0,6.0,6.0,6.0,RING-004,4,62.5,2395.948928571429,6941.196969839829,3.357142857142857,0.3449144202324335,1.7872340425531914,2395.948928571429,6941.196969839829,3.357142857142857,0.3449144202324335,1.7872340425531914,-1,-0.10806436504559969,85.00261715636611,61.1,HIGH,36.223214285714285,25.309750580969766,86.84271544765382,False,"Isolation Forest anomaly; high transaction burst (6 in 5 min); device in suspected abuse ring (RING-004, 4 devices)",INC-0011,P1 — Investigate
c44193dc-7f85-42f3-ba9c-12dc024ad185,POS-10016958,MER-25A16E,2026-08-12 18:39:04.551591+00:00,13.36,1,139.2,v2.1.1,1.43,Delhi,28.7041,77.1025,1,fraud,card_testing,6.0,6.0,6.0,8.0,8.0,6.0,RING-014,11,45.45,1364.4054838709678,1433.3486462124017,3.161290322580645,0.9425798025072836,1.8979591836734695,1364.4054838709678,1433.3486462124017,3.129032258064516,0.9425798025072836,1.9175257731958764,-1,-0.10906822440216113,85.28237192707921,61.03,HIGH,34.15806451612904,24.96172475602796,84.08151402818496,False,"Isolation Forest anomaly; high transaction burst (6 in 5 min); device in suspected abuse ring (RING-014, 11 devices)",INC-0012,P1 — Investigate
93dc55d4-8233-4afc-bb58-502e043ca5d7,POS-CC26C0E8,MER-0D1C10,2026-08-08 17:57:23.207139+00:00,4.88,1,444.4,v2.1.0,0.45,Delhi,28.7041,77.1025,1,fraud,card_testing,6.0,6.0,6.0,6.0,7.0,6.0,RING-024,9,41.67,1473.9082857142857,1535.6094075326762,2.8857142857142857,0.9566418898635369,2.0792079207920793,1473.9082857142857,1535.6094075326762,2.8857142857142857,0.9566418898635369,2.0792079207920793,-1,-0.10526017426577361,84.22114737823586,60.99,HIGH,31.180285714285713,24.691913475719875,80.56411266572546,False,"Isolation Forest anomaly; high transaction burst (6 in 5 min); merchant activity above its normal baseline; device burst rate above its normal baseline; device in suspected abuse ring (RING-024, 9 devices)",INC-0005,P1 — Investigate
3e7a7163-b53a-4256-a7b4-2a88218a1025,POS-C72F113B,MER-DDFFD5,2026-08-02 00:07:39.752498+00:00,12.49,0,30.9,v2.3.0-beta,0.89,Bengaluru,12.9716,77.5946,1,fraud,card_testing,6.0,6.0,6.0,7.0,8.0,6.0,RING-011,7,46.43,1195.0918518518517,1432.7435241737523,3.4444444444444446,0.8254107116162646,1.7419354838709677,1195.0918518518517,1432.7435241737523,3.4444444444444446,0.8254107116162646,1.7419354838709677,-1,-0.11869939360326864,87.96637891864034,60.94,HIGH,36.135185185185186,25.161801386284907,86.45878795775499,False,"Isolation Forest anomaly; high transaction burst (6 in 5 min); device in suspected abuse ring (RING-011, 7 devices)",INC-0002,P1 — Investigate
9c988ce2-fb9d-4344-8f4b-e2740a42483e,POS-C2744B6C,MER-4093C0,2026-08-03 03:23:47.171052+00:00,18.61,1,442.1,v2.1.1,0.79,Nagpur,21.1458,79.0882,1,fraud,card_testing,6.0,6.0,6.0,6.0,6.0,6.0,RING-023,4,43.75,1419.55,1594.3698370065363,3.0,0.8786794428012356,2.0,1419.55,1594.3698370065363,3.0,0.8786794428012356,2.0,-1,-0.1016582552131775,83.21736728483936,60.32,HIGH,31.704545454545453,24.882663780595955,81.46987301573736,False,"Isolation Forest anomaly; high transaction burst (6 in 5 min); merchant activity above its normal baseline; device burst rate above its normal baseline; device in suspected abuse ring (RING-023, 4 devices)",INC-0003,P1 — Investigate
95cfd307-aded-45f6-97e1-23cb822eacf9,POS-47CB19EB,MER-7848E9,2026-08-14 10:09:43.755752+00:00,13.16,1,438.0,v2.2.0,0.69,Bengaluru,12.9716,77.5946,1,fraud,card_testing,7.0,7.0,7.0,7.0,7.0,7.0,RING-006,4,43.75,1519.4046666666666,3597.5861927488645,3.933333333333333,0.41868202343632144,1.7796610169491527,1519.4046666666666,3597.5861927488645,3.933333333333333,0.41868202343632144,1.7796610169491527,-1,-0.10471889966555203,84.07030537961515,60.14,HIGH,38.95,24.25616407131485,87.4623281426297,False,"Isolation Forest anomaly; high transaction burst (7 in 5 min); device in suspected abuse ring (RING-006, 4 devices)",INC-0014,P1 — Investigate
3cb10487-634a-43f5-acaa-87c5cd3cf9fb,POS-CBA73359,MER-269861,2026-08-19 07:47:43.985896+00:00,4.71,2,109.7,v2.1.1,0.4,Hyderabad,17.385,78.4867,1,fraud,card_testing,5.0,5.0,5.0,5.0,5.0,5.0,RING-004,4,62.5,2005.3451612903225,1883.3696992250725,3.129032258064516,1.0622636448454597,1.597938144329897,2005.3451612903225,1883.3696992250725,3.129032258064516,1.0622636448454597,1.597938144329897,-1,-0.10206580948958766,83.3309442041608,59.72,MEDIUM,38.55,23.972710179146063,86.49542035829212,False,"Isolation Forest anomaly; high transaction burst (5 in 5 min); device in suspected abuse ring (RING-004, 4 devices)",NONE,P2 — Monitor
6ca267db-5fa7-4860-82ec-d64cd644bc4e,POS-FB95985B,MER-7765F7,2026-08-17 04:51:25.969492+00:00,9.63,0,148.0,v2.1.0,0.49,Hyderabad,17.385,78.4867,1,fraud,card_testing,6.0,6.0,6.0,6.0,6.0,6.0,RING-019,4,43.75,1458.8658620689655,1716.3588127726284,3.2758620689655173,0.8443664875224143,1.831578947368421,1458.8658620689655,1716.3588127726284,3.2758620689655173,0.8443664875224143,1.831578947368421,-1,-0.10389281783510818,83.84009351621461,59.6,MEDIUM,34.471724137931034,25.05971554806147,84.59115523405397,False,"Isolation Forest anomaly; high transaction burst (6 in 5 min); device in suspected abuse ring (RING-019, 4 devices)",NONE,P2 — Monitor
1bd832d0-f7a9-4725-a3a0-fdce65a1bb0a,POS-24B8E3FE,MER-C60B06,2026-08-12 23:07:44.023889+00:00,4.71,1,147.9,v2.3.0-beta,0.83,Bengaluru,12.9716,77.5946,1,fraud,card_testing,6.0,6.0,6.0,7.0,7.0,6.0,RING-011,7,46.43,1217.6675862068967,1391.0000955752641,3.2758620689655173,0.8720039560495242,1.831578947368421,1217.6675862068967,1391.0000955752641,3.2758620689655173,0.8720039560495242,1.831578947368421,-1,-0.09875325077716568,82.40780283280219,59.58,MEDIUM,34.18103448275862,25.405093885286018,84.99122225333065,False,"Isolation Forest anomaly; high transaction burst (6 in 5 min); device in suspected abuse ring (RING-011, 7 devices)",NONE,P2 — Monitor
694104e2-63f6-4567-a968-057c877574fb,POS-FA8E124D,MER-079B19,2026-08-19 12:12:57.078706+00:00,16.85,0,138.3,v2.1.1,1.4,Delhi,28.7041,77.1025,1,fraud,card_testing,6.0,6.0,6.0,6.0,6.0,6.0,RING-014,11,45.45,1983.6056250000001,3685.2812280983103,3.0625,0.5336785724803128,1.9591836734693877,1983.6056250000001,3685.2812280983103,3.0625,0.5336785724803128,1.9591836734693877,-1,-0.10352154426022853,83.73662727551722,59.52,MEDIUM,32.511875,25.41684372139988,83.34556244279976,False,"Isolation Forest anomaly; high transaction burst (6 in 5 min); device in suspected abuse ring (RING-014, 11 devices)",NONE,P2 — Monitor
48424f2f-3836-4ec2-9474-42328890a5e7,POS-38B8A946,MER-7808DD,2026-08-08 14:06:00.374059+00:00,18.15,0,439.4,v2.3.0-beta,1.21,Nagpur,21.1458,79.0882,1,fraud,card_testing,6.0,6.0,6.0,6.0,8.0,6.0,RING-001,3,50.0,1386.8624444444445,1725.4519949779635,3.933333333333333,0.7932486377066229,1.5254237288135595,1386.8624444444445,1725.4519949779635,3.933333333333333,0.7932486377066229,1.5254237288135595,-1,-0.11010452356464795,85.57116699851703,59.46,MEDIUM,40.24911111111111,23.877341372315747,88.0037938557426,False,"Isolation Forest anomaly; high transaction burst (6 in 5 min); device in suspected abuse ring (RING-001, 3 devices)",NONE,P2 — Monitor
f276d6c1-7b14-49df-8656-1de8ee1368c0,POS-8BA2BC27,MER-CDDE89,2026-08-09 10:40:49.741041+00:00,5.64,2,449.7,v2.1.1,0.96,Bengaluru,12.9716,77.5946,1,fraud,card_testing,5.0,5.0,5.0,5.0,7.0,5.0,RING-012,2,54.17,1555.2063157894736,1538.7944675646847,2.763157894736842,1.0070001864783387,1.8095238095238095,1555.2063157894736,1538.7944675646847,2.763157894736842,1.0070001864783387,1.8095238095238095,-1,-0.1019327175722472,83.2938542487044,59.35,MEDIUM,33.04394736842105,24.335251878646233,81.71445112571351,False,"Isolation Forest anomaly; high transaction burst (5 in 5 min); device in suspected abuse ring (RING-012, 2 devices)",NONE,P2 — Monitor
7619c9fb-5f54-4790-98d8-6126e226ee43,POS-A22B806C,MER-66332B,2026-08-10 05:19:29.565716+00:00,10.56,0,176.8,v2.1.1,1.01,Delhi,28.7041,77.1025,1,fraud,card_testing,6.0,6.0,6.0,6.0,7.0,6.0,RING-014,11,45.45,1636.4144444444446,1713.4661851982808,3.4444444444444446,0.9488687074710507,1.7419354838709677,1636.4144444444446,1713.4661851982808,3.4444444444444446,0.9488687074710507,1.7419354838709677,-1,-0.10016467674771168,82.80113796106271,59.35,MEDIUM,35.495925925925924,25.35330159948211,86.20252912489013,False,"Isolation Forest anomaly; high transaction burst (6 in 5 min); device in suspected abuse ring (RING-014, 11 devices)",NONE,P2 — Monitor
feb50d2e-5df4-4c42-b29d-fe9c39f4c4ab,POS-38B8A946,MER-7808DD,2026-08-05 03:09:51.770124+00:00,15.27,1,46.1,v2.3.0-beta,1.06,Nagpur,21.1458,79.0882,1,fraud,card_testing,6.0,6.0,6.0,6.0,6.0,6.0,RING-001,3,50.0,1386.8624444444445,1725.4519949779635,3.933333333333333,0.7949177655689932,1.5254237288135595,1386.8624444444445,1725.4519949779635,3.933333333333333,0.7949177655689932,1.5254237288135595,-1,-0.1013030248638338,83.11837195817189,58.6,MEDIUM,40.24911111111111,23.877341372315747,88.0037938557426,False,"Isolation Forest anomaly; high transaction burst (6 in 5 min); device in suspected abuse ring (RING-001, 3 devices)",NONE,P2 — Monitor
da7d06cb-bec7-4797-a2cd-5f43ce61b8af,POS-DEE4DD42,MER-D53081,2026-08-16 00:02:23.867005+00:00,2.22,1,82.4,v2.1.0,0.6,Mumbai,19.076,72.8777,1,fraud,card_testing,6.0,6.0,6.0,6.0,6.0,6.0,RING-016,9,33.33,1355.9837499999999,1597.4043431601071,3.0625,0.8474771937341056,1.9591836734693877,1355.9837499999999,1597.4043431601071,3.0625,0.8474771937341056,1.9591836734693877,-1,-0.10221795917706578,83.37334516467016,58.52,MEDIUM,33.758125,24.871361745603018,83.50084849120603,False,Isolation Forest anomaly; high transaction burst (6 in 5 min),NONE,P2 — Monitor
52f8b670-5b38-4c34-829c-a5d0ace20256,POS-DEE4DD42,MER-D53081,2026-08-09 04:07:29.916659+00:00,5967.04,1,1.6,v2.1.0,4.81,Nagpur,21.1458,79.0882,0,fraud,device_spoof,1.0,1.0,3.0,3.0,4.0,1.0,RING-016,9,33.33,1355.9837499999999,1597.4043431601071,3.0625,2.886593034345992,0.32653061224489793,1355.9837499999999,1597.4043431601071,3.0625,2.886593034345992,0.32653061224489793,-1,-0.11865944932615036,87.95524727752598,58.08,MEDIUM,33.758125,24.871361745603018,83.50084849120603,False,Isolation Forest anomaly; transaction amount unusual for merchant; transaction amount unusual for device; IP consistency mismatch,NONE,P2 — Monitor
1ad3df45-0b62-4cf6-a47a-2705428e61ae,POS-0AE6C0D2,MER-897854,2026-08-20 06:24:09.265253+00:00,17.57,1,317.2,v2.1.1,1.11,Kolkata,22.5726,88.3639,1,fraud,card_testing,5.0,5.0,5.0,6.0,7.0,5.0,RING-027,3,50.0,1696.6145238095237,1639.2351669726986,2.5714285714285716,1.024285323813754,1.9444444444444442,1696.6145238095237,1639.2351669726986,2.5714285714285716,1.024285323813754,1.9444444444444442,-1,-0.08218455232011479,77.79045040432663,57.52,MEDIUM,31.454523809523806,23.595713459655148,78.6459507288341,False,"Isolation Forest anomaly; high transaction burst (5 in 5 min); device in suspected abuse ring (RING-027, 3 devices)",NONE,P2 — Monitor
f607e692-64f4-4c2f-b440-31020e6f25d0,POS-10016958,MER-25A16E,2026-08-12 18:38:57.580317+00:00,18.21,2,354.7,v2.1.1,0.5,Delhi,28.7041,77.1025,1,fraud,card_testing,5.0,5.0,5.0,7.0,7.0,5.0,RING-014,11,45.45,1364.4054838709678,1433.3486462124017,3.161290322580645,0.9391961177263225,1.5816326530612246,1364.4054838709678,1433.3486462124017,3.129032258064516,0.9391961177263225,1.597938144329897,-1,-0.10910485608138654,85.29258041590343,57.44,MEDIUM,34.15806451612904,24.96172475602796,84.08151402818496,False,"Isolation Forest anomaly; high transaction burst (5 in 5 min); device in suspected abuse ring (RING-014, 11 devices)",NONE,P2 — Monitor
baa2738c-b161-4590-8e80-2fda862d253b,POS-8E784FDD,MER-40A230,2026-08-10 11:30:13.580232+00:00,18.54,1,205.1,v2.1.0,1.08,Pune,18.5204,73.8567,1,fraud,card_testing,6.0,6.0,6.0,6.0,6.0,6.0,RING-013,5,40.0,1398.7704,1654.9535016189025,3.64,0.8339995043062154,1.6483516483516483,1398.7704,1654.9535016189025,3.64,0.8339995043062154,1.6483516483516483,-1,-0.09575775118448548,81.57301925854541,57.29,MEDIUM,36.147200000000005,25.107808964543285,86.36281792908657,False,"Isolation Forest anomaly; high transaction burst (6 in 5 min); device in suspected abuse ring (RING-013, 5 devices)",NONE,P2 — Monitor
b418e2a0-8dfa-4859-9657-53de252ecaf7,POS-C72F113B,MER-DDFFD5,2026-08-02 00:07:37.222764+00:00,19.15,2,482.9,v2.3.0-beta,0.33,Bengaluru,12.9716,77.5946,1,fraud,card_testing,5.0,5.0,5.0,6.0,7.0,5.0,RING-011,7,46.43,1195.0918518518517,1432.7435241737523,3.4444444444444446,0.8207622871860507,1.4516129032258063,1195.0918518518517,1432.7435241737523,3.4444444444444446,0.8207622871860507,1.4516129032258063,-1,-0.114582490870477,86.8190835604486,57.07,MEDIUM,36.135185185185186,25.161801386284907,86.45878795775499,False,"Isolation Forest anomaly; high transaction burst (5 in 5 min); device in suspected abuse ring (RING-011, 7 devices)",NONE,P2 — Monitor
844203cc-09e3-40b7-bed7-b1891f1f2ee1,POS-849A1C0F,MER-D8D0DA,2026-08-02 08:50:18.680287+00:00,6219.79,1,0.9,v2.1.0,7.57,Nagpur,21.1458,79.0882,0,fraud,device_spoof,1.0,1.0,1.0,1.0,1.0,1.0,RING-024,9,41.67,2241.800909090909,1670.974591476794,1.0454545454545454,2.3806400834577475,0.9565217391304348,2241.800909090909,1670.974591476794,1.0454545454545454,2.3806400834577475,0.9565217391304348,-1,-0.07785967491507317,76.58519682084253,56.98,MEDIUM,22.265,10.698373596909375,43.661747193818755,True,"Isolation Forest anomaly; transaction amount unusual for merchant; transaction amount unusual for device; IP consistency mismatch; device in suspected abuse ring (RING-024, 9 devices)",NONE,P2 — Monitor
13789f67-e5fe-430b-aa70-51809442eebb,POS-BB1E7F2D,MER-6350FC,2026-08-11 10:07:39.050890+00:00,17.77,1,47.1,v2.2.0,1.02,Nagpur,21.1458,79.0882,1,fraud,card_testing,6.0,6.0,6.0,6.0,7.0,6.0,RING-021,8,34.38,1259.96875,1496.4970791101885,3.7916666666666665,0.8300709485771979,1.5824175824175826,1259.96875,1496.4970791101885,3.75,0.8300709485771979,1.6,-1,-0.10315890849936349,83.63556821433492,56.88,MEDIUM,36.520833333333336,25.01408766843312,86.54900867019958,False,Isolation Forest anomaly; high transaction burst (6 in 5 min),NONE,P2 — Monitor
b54857af-5842-4fa3-9b81-198e5ac1b3b8,POS-47CB19EB,MER-7848E9,2026-08-14 10:09:41.824273+00:00,9.71,2,172.3,v2.2.0,0.78,Bengaluru,12.9716,77.5946,1,fraud,card_testing,6.0,6.0,6.0,6.0,6.0,6.0,RING-006,4,43.75,1519.4046666666666,3597.5861927488645,3.933333333333333,0.41964099976521485,1.5254237288135595,1519.4046666666666,3597.5861927488645,3.933333333333333,0.41964099976521485,1.5254237288135595,-1,-0.10408389148719177,83.89334177791439,56.81,MEDIUM,38.95,24.25616407131485,87.4623281426297,False,"Isolation Forest anomaly; high transaction burst (6 in 5 min); device in suspected abuse ring (RING-006, 4 devices)",NONE,P2 — Monitor
1e1f0836-5779-4b27-98f2-f13be4800431,POS-47CB19EB,MER-7848E9,2026-08-16 12:19:09.747158+00:00,9.54,1,48.1,v2.2.0,1.16,Bengaluru,12.9716,77.5946,1,fraud,card_testing,6.0,6.0,6.0,6.0,6.0,6.0,RING-006,4,43.75,1519.4046666666666,3597.5861927488645,3.933333333333333,0.4196882536712763,1.5254237288135595,1519.4046666666666,3597.5861927488645,3.933333333333333,0.4196882536712763,1.5254237288135595,-1,-0.10058265238896313,82.9176190985026,56.47,MEDIUM,38.95,24.25616407131485,87.4623281426297,False,"Isolation Forest anomaly; high transaction burst (6 in 5 min); device in suspected abuse ring (RING-006, 4 devices)",NONE,P2 — Monitor
1a86f92b-2192-49e1-9d39-c6054c87898c,POS-CC26C0E8,MER-0D1C10,2026-08-08 17:57:20.098751+00:00,18.46,1,474.9,v2.1.0,0.6,Delhi,28.7041,77.1025,1,fraud,card_testing,5.0,5.0,5.0,5.0,6.0,5.0,RING-024,9,41.67,1473.9082857142857,1535.6094075326762,2.8857142857142857,0.9477984952259517,1.7326732673267327,1473.9082857142857,1535.6094075326762,2.8857142857142857,0.9477984952259517,1.7326732673267327,-1,-0.09729342959023668,82.00098096202704,56.46,MEDIUM,31.180285714285713,24.691913475719875,80.56411266572546,False,"Isolation Forest anomaly; high transaction burst (5 in 5 min); device in suspected abuse ring (RING-024, 9 devices)",NONE,P2 — Monitor
302ac28b-2a25-489f-8cf9-30b9988e0290,POS-81C99677,MER-2280B3,2026-08-09 18:59:56.156265+00:00,2.55,0,144.4,v2.1.0,1.17,Nagpur,21.1458,79.0882,1,fraud,card_testing,5.0,5.0,5.0,5.0,5.0,5.0,RING-020,6,37.5,2000.400487804878,1774.8479734937175,2.6097560975609757,1.1256459807496575,1.9158878504672896,2000.400487804878,1774.8479734937175,2.6097560975609757,1.1256459807496575,1.9158878504672896,-1,-0.08882415240142738,79.64076916285946,56.46,MEDIUM,30.200000000000003,23.373679000106083,76.94735800021218,False,Isolation Forest anomaly; high transaction burst (5 in 5 min),NONE,P2 — Monitor
7ebc653c-5149-4eed-a97e-8380abf1ee36,POS-EEE16951,MER-D3A1BB,2026-08-04 02:25:30.789434+00:00,7250.52,0,0.3,v2.1.1,6.79,Delhi,28.7041,77.1025,0,fraud,device_spoof,1.0,1.0,1.0,1.0,1.0,1.0,RING-011,7,46.43,2624.2292857142857,1891.1122371665276,1.0,2.446333233619879,1.0,2624.2292857142857,1891.1122371665276,1.0,2.446333233619879,1.0,-1,-0.05860968281182677,71.22062349503402,56.23,MEDIUM,20.409285714285716,10.6189065526365,41.647098819558714,True,"Isolation Forest anomaly; transaction amount unusual for merchant; transaction amount unusual for device; IP consistency mismatch; device in suspected abuse ring (RING-011, 7 devices)",NONE,P2 — Monitor
8369d663-7f71-47a0-b762-cdc558d949e4,POS-24B8E3FE,MER-C60B06,2026-08-12 23:07:42.919255+00:00,17.34,2,341.9,v2.3.0-beta,1.22,Bengaluru,12.9716,77.5946,1,fraud,card_testing,5.0,5.0,5.0,6.0,6.0,5.0,RING-011,7,46.43,1217.6675862068967,1391.0000955752641,3.2758620689655173,0.862924157967428,1.526315789473684,1217.6675862068967,1391.0000955752641,3.2758620689655173,0.862924157967428,1.526315789473684,-1,-0.09911659888678248,82.50906041079904,56.06,MEDIUM,34.18103448275862,25.405093885286018,84.99122225333065,False,"Isolation Forest anomaly; high transaction burst (5 in 5 min); device in suspected abuse ring (RING-011, 7 devices)",NONE,P2 — Monitor
fc6da5f7-cc2d-4b41-9f24-28cd45c16921,POS-A22B806C,MER-66332B,2026-08-10 05:19:29.065042+00:00,10.93,2,406.8,v2.1.1,0.6,Delhi,28.7041,77.1025,1,fraud,card_testing,5.0,5.0,5.0,5.0,6.0,5.0,RING-014,11,45.45,1636.4144444444446,1713.4661851982808,3.4444444444444446,0.9486527709073785,1.4516129032258063,1636.4144444444446,1713.4661851982808,3.4444444444444446,0.9486527709073785,1.4516129032258063,-1,-0.09980742574574741,82.70157952044222,55.87,MEDIUM,35.495925925925924,25.35330159948211,86.20252912489013,False,"Isolation Forest anomaly; high transaction burst (5 in 5 min); device in suspected abuse ring (RING-014, 11 devices)",NONE,P2 — Monitor
209dedfd-0a60-4a2a-ae9c-cc7cfb31122f,POS-055D6FBC,MER-294500,2026-08-19 19:09:48.247515+00:00,4.49,1,79.6,v2.2.0,1.1,Kolkata,22.5726,88.3639,1,fraud,card_testing,5.0,5.0,5.0,6.0,6.0,5.0,RING-002,6,37.5,1649.753846153846,1628.2081136322763,2.6923076923076925,1.010475155097662,1.857142857142857,1649.753846153846,1628.2081136322763,2.6923076923076925,1.010475155097662,1.857142857142857,-1,-0.0881262773849062,79.44628587796781,55.75,MEDIUM,30.974102564102566,24.287905449978563,79.5499134640597,False,Isolation Forest anomaly; high transaction burst (5 in 5 min),NONE,P2 — Monitor
da0a11ab-3ac2-4185-9d9e-20e4043dc1ae,POS-28402991,MER-833A0C,2026-08-11 22:53:27.892515+00:00,15.56,0,335.6,v2.1.1,1.03,Hyderabad,17.385,78.4867,1,fraud,card_testing,5.0,5.0,5.0,5.0,5.0,5.0,RING-004,4,62.5,2395.948928571429,6941.196969839829,3.357142857142857,0.3429363752267006,1.4893617021276595,2395.948928571429,6941.196969839829,3.357142857142857,0.3429363752267006,1.4893617021276595,-1,-0.08619348458443532,78.90765663354479,55.47,MEDIUM,36.223214285714285,25.309750580969766,86.84271544765382,False,"Isolation Forest anomaly; high transaction burst (5 in 5 min); device in suspected abuse ring (RING-004, 4 devices)",NONE,P2 — Monitor
689c7e51-f1ed-401c-b631-add62edc8cfa,POS-00CFCF07,MER-73C8B8,2026-08-01 08:25:10.638198+00:00,13.7,0,323.2,v2.3.0-beta,0.51,Kolkata,22.5726,88.3639,1,fraud,card_testing,5.0,5.0,5.0,5.0,5.0,5.0,RING-025,4,43.75,1845.3763333333334,1825.8477593851055,3.2,1.0031922562646685,1.5625,1845.3763333333334,1825.8477593851055,3.2,1.0031922562646685,1.5625,-1,-0.0896462829048208,79.86987987340848,55.34,MEDIUM,34.71966666666666,25.13993148474099,84.99952963614865,False,"Isolation Forest anomaly; high transaction burst (5 in 5 min); device in suspected abuse ring (RING-025, 4 devices)",NONE,P2 — Monitor
ccc91bb1-c442-4b37-9946-1c5c8334467c,POS-C2744B6C,MER-4093C0,2026-08-03 03:23:46.375518+00:00,4.1,1,378.7,v2.1.1,1.2,Nagpur,21.1458,79.0882,1,fraud,card_testing,5.0,5.0,5.0,5.0,5.0,5.0,RING-023,4,43.75,1419.55,1594.3698370065363,3.0,0.8877802170778255,1.6666666666666667,1419.55,1594.3698370065363,3.0,0.8877802170778255,1.6666666666666667,-1,-0.08550834370958793,78.71672208968035,55.11,MEDIUM,31.704545454545453,24.882663780595955,81.46987301573736,False,"Isolation Forest anomaly; high transaction burst (5 in 5 min); device in suspected abuse ring (RING-023, 4 devices)",NONE,P2 — Monitor
b841f288-a83c-4023-8864-3a1cf86be1db,POS-38B8A946,MER-7808DD,2026-08-08 14:06:00.249841+00:00,5.26,2,205.7,v2.3.0-beta,0.63,Nagpur,21.1458,79.0882,1,fraud,card_testing,5.0,5.0,5.0,5.0,7.0,5.0,RING-001,3,50.0,1386.8624444444445,1725.4519949779635,3.933333333333333,0.8007191440073008,1.2711864406779663,1386.8624444444445,1725.4519949779635,3.933333333333333,0.8007191440073008,1.2711864406779663,-1,-0.09877290141700046,82.41327905833657,55.1,MEDIUM,40.24911111111111,23.877341372315747,88.0037938557426,False,"Isolation Forest anomaly; high transaction burst (5 in 5 min); device in suspected abuse ring (RING-001, 3 devices)",NONE,P2 — Monitor
3046394e-0d79-4743-ac05-c40f9a674b06,POS-DEE4DD42,MER-D53081,2026-08-16 00:02:23.197463+00:00,15.23,2,60.3,v2.1.0,0.82,Mumbai,19.076,72.8777,1,fraud,card_testing,5.0,5.0,5.0,5.0,5.0,5.0,RING-016,9,33.33,1355.9837499999999,1597.4043431601071,3.0625,0.8393327310902501,1.6326530612244898,1355.9837499999999,1597.4043431601071,3.0625,0.8393327310902501,1.6326530612244898,-1,-0.10077581573827232,82.97144971545404,54.72,MEDIUM,33.758125,24.871361745603018,83.50084849120603,False,Isolation Forest anomaly; high transaction burst (5 in 5 min),NONE,P2 — Monitor
92a26c37-1dec-4b46-9085-4a83adad0d16,POS-FA8E124D,MER-079B19,2026-08-19 12:12:54.895191+00:00,17.86,0,369.2,v2.1.1,1.04,Delhi,28.7041,77.1025,1,fraud,card_testing,5.0,5.0,5.0,5.0,5.0,5.0,RING-014,11,45.45,1983.6056250000001,3685.2812280983103,3.0625,0.5334045092711609,1.6326530612244898,1983.6056250000001,3685.2812280983103,3.0625,0.5334045092711609,1.6326530612244898,-1,-0.09099573435601693,80.24594398921347,54.67,MEDIUM,32.511875,25.41684372139988,83.34556244279976,False,"Isolation Forest anomaly; high transaction burst (5 in 5 min); device in suspected abuse ring (RING-014, 11 devices)",NONE,P2 — Monitor
4b4e8150-5c17-4418-a292-e785044f7d6e,POS-8BA2BC27,MER-CDDE89,2026-08-09 10:40:49.148829+00:00,7.75,2,81.8,v2.1.1,0.8,Bengaluru,12.9716,77.5946,1,fraud,card_testing,4.0,4.0,4.0,4.0,6.0,4.0,RING-012,2,54.17,1555.2063157894736,1538.7944675646847,2.763157894736842,1.0056289832120966,1.4476190476190476,1555.2063157894736,1538.7944675646847,2.763157894736842,1.0056289832120966,1.4476190476190476,-1,-0.0930190360893337,80.80979619499088,54.66,MEDIUM,33.04394736842105,24.335251878646233,81.71445112571351,False,"Isolation Forest anomaly; device in suspected abuse ring (RING-012, 2 devices)",NONE,P2 — Monitor
d62ac273-b015-45fe-bfd4-52e87aaba844,POS-0AE6C0D2,MER-897854,2026-08-20 06:24:09.201552+00:00,11.05,2,115.7,v2.1.1,0.68,Kolkata,22.5726,88.3639,1,fraud,card_testing,4.0,4.0,4.0,5.0,6.0,4.0,RING-027,3,50.0,1696.6145238095237,1639.2351669726986,2.5714285714285716,1.0282627885066578,1.5555555555555554,1696.6145238095237,1639.2351669726986,2.5714285714285716,1.0282627885066578,1.5555555555555554,-1,-0.09189389602213216,80.49624300702412,54.54,MEDIUM,31.454523809523806,23.595713459655148,78.6459507288341,False,"Isolation Forest anomaly; device in suspected abuse ring (RING-027, 3 devices)",NONE,P2 — Monitor
cac0abdd-7c25-4c04-be2e-b37308e1463e,POS-FB95985B,MER-7765F7,2026-08-17 04:51:25.002325+00:00,18.19,1,114.5,v2.1.0,1.4,Hyderabad,17.385,78.4867,1,fraud,card_testing,5.0,5.0,5.0,5.0,5.0,5.0,RING-019,4,43.75,1458.8658620689655,1716.3588127726284,3.2758620689655173,0.839379185370732,1.526315789473684,1458.8658620689655,1716.3588127726284,3.2758620689655173,0.839379185370732,1.526315789473684,-1,-0.08821491698636152,79.47098789545576,54.53,MEDIUM,34.471724137931034,25.05971554806147,84.59115523405397,False,"Isolation Forest anomaly; high transaction burst (5 in 5 min); device in suspected abuse ring (RING-019, 4 devices)",NONE,P2 — Monitor
3cbbe6e8-a3ce-405a-9a05-0262305582b9,POS-52FC2A7B,MER-31B3EE,2026-08-19 22:40:46.586355+00:00,6613.0,1,0.9,v2.2.0,5.45,Bengaluru,12.9716,77.5946,0,fraud,device_spoof,1.0,1.0,1.0,1.0,2.0,1.0,RING-014,11,45.45,2776.9033333333336,1817.5082836577956,1.0,2.110635038728074,1.0,2776.9033333333336,1817.5082836577956,1.0,2.110635038728074,1.0,-1,-0.05244348625668371,69.50223247523539,54.48,MEDIUM,21.439444444444444,8.457773641291205,38.35499172702686,True,"Isolation Forest anomaly; transaction amount unusual for merchant; transaction amount unusual for device; IP consistency mismatch; device in suspected abuse ring (RING-014, 11 devices)",NONE,P2 — Monitor
c5e69f3a-4fdf-4bd6-8168-2884cf55fd39,POS-03C6BBBA,MER-C61A54,2026-08-06 06:37:16.645824+00:00,2183.97,1,1.1,v2.1.1,8.84,Delhi,28.7041,77.1025,0,fraud,device_spoof,1.0,1.0,2.0,2.0,3.0,1.0,RING-001,3,50.0,2907.4339130434782,1364.0903936114655,1.0,0.5303636155138433,1.0,2907.4339130434782,1364.0903936114655,1.0,0.5303636155138433,1.0,-1,-0.09128539405623648,80.32666613668373,54.21,MEDIUM,22.888260869565215,7.718869825524926,38.32600052061507,True,"Isolation Forest anomaly; unusual device ping gap; IP consistency mismatch; device in suspected abuse ring (RING-001, 3 devices)",NONE,P2 — Monitor
62f42973-4739-4c4b-8ac5-b36c7c55c1f4,POS-77B485D3,MER-340AFB,2026-08-19 12:19:11.566780+00:00,12.92,1,287.1,v2.1.0,1.43,Delhi,28.7041,77.1025,1,fraud,card_testing,5.0,5.0,5.0,5.0,7.0,5.0,RING-024,9,41.67,1683.6415625,1847.451964654002,3.125,0.9043382964562757,1.6,1683.6415625,1847.451964654002,3.09375,0.9043382964562757,1.6161616161616161,-1,-0.07926900962876293,76.97794915921472,53.95,MEDIUM,33.5609375,24.392819588555945,82.3465766771119,False,"Isolation Forest anomaly; high transaction burst (5 in 5 min); device in suspected abuse ring (RING-024, 9 devices)",NONE,P2 — Monitor
09e3825d-c26f-41c8-90c5-7048d7cecec0,POS-CBA73359,MER-269861,2026-08-19 07:47:41.449978+00:00,16.0,1,60.4,v2.1.1,1.0,Hyderabad,17.385,78.4867,1,fraud,card_testing,4.0,4.0,4.0,4.0,4.0,4.0,RING-004,4,62.5,2005.3451612903225,1883.3696992250725,3.129032258064516,1.0562690703311488,1.2783505154639176,2005.3451612903225,1883.3696992250725,3.129032258064516,1.0562690703311488,1.2783505154639176,-1,-0.0799030252539149,77.15463615693366,53.94,MEDIUM,38.55,23.972710179146063,86.49542035829212,False,"Isolation Forest anomaly; device in suspected abuse ring (RING-004, 4 devices)",NONE,P2 — Monitor
d93f6714-f3f3-4a90-98da-cf1dd0e7308c,POS-47CB19EB,MER-7848E9,2026-08-17 05:36:49.004810+00:00,23218.85,0,763.0,v2.2.0,1.82,Bengaluru,12.9716,77.5946,1,fraud,bust_out,1.0,1.0,1.0,2.0,14.0,1.0,RING-006,4,43.75,1519.4046666666666,3597.5861927488645,3.933333333333333,6.031667949212662,0.2542372881355932,1519.4046666666666,3597.5861927488645,3.933333333333333,6.031667949212662,0.2542372881355932,-1,-0.0695104472642486,74.2584403366587,53.92,MEDIUM,38.95,24.25616407131485,87.4623281426297,False,"Isolation Forest anomaly; transaction amount unusual for merchant; transaction amount unusual for device; device in suspected abuse ring (RING-006, 4 devices)",NONE,P2 — Monitor
c0ac6527-672e-4eb4-b9d1-607a30865525,POS-1AF2A398,MER-9A9BF3,2026-08-05 00:14:30.624236+00:00,6012.56,1,0.2,v2.1.0,5.0,Pune,18.5204,73.8567,0,fraud,device_spoof,1.0,1.0,1.0,1.0,4.0,1.0,RING-007,5,25.0,2322.5604166666667,1570.4963327130172,1.0,2.3495754217769456,1.0,2322.5604166666667,1570.4963327130172,1.0,2.3495754217769456,1.0,-1,-0.07052867664900697,74.5421997360253,53.89,MEDIUM,17.320416666666667,8.23501879788075,33.79045426242817,True,Isolation Forest anomaly; transaction amount unusual for merchant; transaction amount unusual for device; IP consistency mismatch,NONE,P2 — Monitor
a90cd53e-3c47-46ee-a6b3-c8cacc24ed25,POS-38B8A946,MER-7808DD,2026-08-05 03:09:46.662824+00:00,13.65,0,325.7,v2.3.0-beta,1.33,Nagpur,21.1458,79.0882,1,fraud,card_testing,5.0,5.0,5.0,5.0,5.0,5.0,RING-001,3,50.0,1386.8624444444445,1725.4519949779635,3.933333333333333,0.7958566499915765,1.2711864406779663,1386.8624444444445,1725.4519949779635,3.933333333333333,0.7958566499915765,1.2711864406779663,-1,-0.08605845949568691,78.87002794333391,53.85,MEDIUM,40.24911111111111,23.877341372315747,88.0037938557426,False,"Isolation Forest anomaly; high transaction burst (5 in 5 min); device in suspected abuse ring (RING-001, 3 devices)",NONE,P2 — Monitor
1f0d64b6-db78-48e8-a8db-e5c9eadafc27,POS-81C99677,MER-2280B3,2026-08-09 18:59:55.372311+00:00,4.16,2,29.1,v2.1.0,1.19,Nagpur,21.1458,79.0882,1,fraud,card_testing,4.0,4.0,4.0,4.0,4.0,4.0,RING-020,6,37.5,2000.400487804878,1774.8479734937175,2.6097560975609757,1.1247388608024596,1.5327102803738317,2000.400487804878,1774.8479734937175,2.6097560975609757,1.1247388608024596,1.5327102803738317,-1,-0.09976770997457429,82.69051155919286,53.6,MEDIUM,30.200000000000003,23.373679000106083,76.94735800021218,False,Isolation Forest anomaly,NONE,P2 — Monitor
2cc6a5f1-0fad-4ef6-a2d1-ff17419194dd,POS-47CB19EB,MER-7848E9,2026-08-16 12:19:09.096046+00:00,15.4,0,10.8,v2.2.0,1.15,Bengaluru,12.9716,77.5946,1,fraud,card_testing,5.0,5.0,5.0,5.0,5.0,5.0,RING-006,4,43.75,1519.4046666666666,3597.5861927488645,3.933333333333333,0.41805938373292395,1.2711864406779663,1519.4046666666666,3597.5861927488645,3.933333333333333,0.41805938373292395,1.2711864406779663,-1,-0.10266153800458566,83.49696137880903,53.4,MEDIUM,38.95,24.25616407131485,87.4623281426297,False,"Isolation Forest anomaly; high transaction burst (5 in 5 min); device in suspected abuse ring (RING-006, 4 devices)",NONE,P2 — Monitor
b19857c3-7e43-4fde-879f-acebbc4b3e8c,POS-D780167B,MER-226112,2026-08-09 15:19:56.530115+00:00,902.51,0,1.1,v2.2.0,11.05,Chennai,13.0827,80.2707,0,fraud,device_spoof,1.0,1.0,1.0,1.0,3.0,1.0,RING-025,4,43.75,2620.3757142857144,1353.7903619599726,1.0,1.268930376929738,1.0,2620.3757142857144,1353.7903619599726,1.0,1.268930376929738,1.0,-1,-0.06547867778929795,73.13486985075279,52.97,MEDIUM,20.367142857142856,7.964205009200318,36.29555287554349,True,"Isolation Forest anomaly; unusual device ping gap; IP consistency mismatch; device in suspected abuse ring (RING-025, 4 devices)",NONE,P2 — Monitor
6b804061-ef0e-4fb9-a708-785ad753c292,POS-CC26C0E8,MER-0D1C10,2026-08-08 17:57:19.412233+00:00,4.08,2,402.0,v2.1.0,0.34,Delhi,28.7041,77.1025,1,fraud,card_testing,4.0,4.0,4.0,4.0,5.0,4.0,RING-024,9,41.67,1473.9082857142857,1535.6094075326762,2.8857142857142857,0.9571628556742932,1.3861386138613863,1473.9082857142857,1535.6094075326762,2.8857142857142857,0.9571628556742932,1.3861386138613863,-1,-0.0986611283400507,82.38213022129123,52.89,MEDIUM,31.180285714285713,24.691913475719875,80.56411266572546,False,"Isolation Forest anomaly; device in suspected abuse ring (RING-024, 9 devices)",NONE,P2 — Monitor
cdfd8ecb-72b7-4052-a341-65dba9168a78,POS-BB1E7F2D,MER-6350FC,2026-08-11 10:07:35.243008+00:00,15.69,2,230.5,v2.2.0,1.16,Nagpur,21.1458,79.0882,1,fraud,card_testing,5.0,5.0,5.0,5.0,6.0,5.0,RING-021,8,34.38,1259.96875,1496.4970791101885,3.7916666666666665,0.8314608610795575,1.3186813186813187,1259.96875,1496.4970791101885,3.75,0.8314608610795575,1.3333333333333333,-1,-0.09449795338034161,81.22193975369292,52.71,MEDIUM,36.520833333333336,25.01408766843312,86.54900867019958,False,Isolation Forest anomaly; high transaction burst (5 in 5 min),NONE,P2 — Monitor
7eca64f6-4f1e-4beb-aac6-43cb06a6a17f,POS-055D6FBC,MER-294500,2026-08-18 13:05:04.977117+00:00,5492.94,0,0.7,v2.2.0,9.33,Hyderabad,17.385,78.4867,0,fraud,device_spoof,1.0,1.0,1.0,1.0,3.0,1.0,RING-002,6,37.5,1649.753846153846,1628.2081136322763,2.6923076923076925,2.360377719327666,0.3714285714285714,1649.753846153846,1628.2081136322763,2.6923076923076925,2.360377719327666,0.3714285714285714,-1,-0.06947059584217352,74.24733457231795,52.55,MEDIUM,30.974102564102566,24.287905449978563,79.5499134640597,False,Isolation Forest anomaly; transaction amount unusual for merchant; transaction amount unusual for device; unusual device ping gap; IP consistency mismatch,NONE,P2 — Monitor
20a909e1-90f0-4bc1-9f9b-650e5a002b57,POS-8E784FDD,MER-40A230,2026-08-10 11:30:11.005262+00:00,13.81,1,321.1,v2.1.0,0.72,Pune,18.5204,73.8567,1,fraud,card_testing,5.0,5.0,5.0,5.0,5.0,5.0,RING-013,5,40.0,1398.7704,1654.9535016189025,3.64,0.8368575906484438,1.3736263736263736,1398.7704,1654.9535016189025,3.64,0.8368575906484438,1.3736263736263736,-1,-0.07959202825950529,77.06796774836143,52.35,MEDIUM,36.147200000000005,25.107808964543285,86.36281792908657,False,"Isolation Forest anomaly; high transaction burst (5 in 5 min); device in suspected abuse ring (RING-013, 5 devices)",NONE,P2 — Monitor
34f5e9af-8779-4f75-93c6-71146254c7f3,POS-10016958,MER-25A16E,2026-08-12 18:38:57.386264+00:00,11.11,2,170.8,v2.1.1,0.57,Delhi,28.7041,77.1025,1,fraud,card_testing,4.0,4.0,4.0,6.0,6.0,4.0,RING-014,11,45.45,1364.4054838709678,1433.3486462124017,3.161290322580645,0.9441495531788635,1.2653061224489797,1364.4054838709678,1433.3486462124017,3.129032258064516,0.9441495531788635,1.2783505154639176,-1,-0.09110157593008317,80.27543983949496,52.11,MEDIUM,34.15806451612904,24.96172475602796,84.08151402818496,False,"Isolation Forest anomaly; device in suspected abuse ring (RING-014, 11 devices)",NONE,P2 — Monitor
ff14ea87-d03b-4acc-8f91-e8f7973f41d2,POS-BB11FCF8,MER-275B28,2026-08-01 04:52:37.586269+00:00,36688.26,0,616.4,v2.1.0,0.96,Mumbai,19.076,72.8777,1,fraud,bust_out,1.0,1.0,2.0,3.0,3.0,1.0,RING-016,9,33.33,3716.512903225807,6293.347450815132,1.032258064516129,5.239142976684627,0.96875,3716.512903225807,6293.347450815132,1.032258064516129,5.239142976684627,0.96875,-1,-0.05395232274200634,69.92271389251367,52.03,MEDIUM,18.36,8.116076227668968,34.59215245533794,True,Isolation Forest anomaly; transaction amount unusual for merchant; transaction amount unusual for device,NONE,P2 — Monitor
bafeb55f-a83c-46ed-a5af-efa8f209e6ec,POS-C72F113B,MER-DDFFD5,2026-08-02 00:07:36.417861+00:00,8.78,2,292.1,v2.3.0-beta,0.31,Bengaluru,12.9716,77.5946,1,fraud,card_testing,4.0,4.0,4.0,5.0,6.0,4.0,RING-011,7,46.43,1195.0918518518517,1432.7435241737523,3.4444444444444446,0.8280001492493116,1.161290322580645,1195.0918518518517,1432.7435241737523,3.4444444444444446,0.8280001492493116,1.161290322580645,-1,-0.094348334639062,81.1802441153672,51.67,MEDIUM,36.135185185185186,25.161801386284907,86.45878795775499,False,"Isolation Forest anomaly; device in suspected abuse ring (RING-011, 7 devices)",NONE,P2 — Monitor
be659d3b-a1eb-46b1-b07e-411a124592ca,POS-A22B806C,MER-66332B,2026-08-10 05:19:24.189157+00:00,14.74,2,84.4,v2.1.1,1.06,Delhi,28.7041,77.1025,1,fraud,card_testing,4.0,4.0,4.0,4.0,5.0,4.0,RING-014,11,45.45,1636.4144444444446,1713.4661851982808,3.4444444444444446,0.9464292079138906,1.161290322580645,1636.4144444444446,1713.4661851982808,3.4444444444444446,0.9464292079138906,1.161290322580645,-1,-0.09064563584214458,80.14837879859668,51.52,MEDIUM,35.495925925925924,25.35330159948211,86.20252912489013,False,"Isolation Forest anomaly; device in suspected abuse ring (RING-014, 11 devices)",NONE,P2 — Monitor
a29fd650-b21e-4991-8adf-179562b5ac40,POS-00CFCF07,MER-73C8B8,2026-08-01 08:25:09.565548+00:00,15.39,2,291.2,v2.3.0-beta,0.58,Kolkata,22.5726,88.3639,1,fraud,card_testing,4.0,4.0,4.0,4.0,4.0,4.0,RING-025,4,43.75,1845.3763333333334,1825.8477593851055,3.2,1.002266658831195,1.25,1845.3763333333334,1825.8477593851055,3.2,1.002266658831195,1.25,-1,-0.08619428400084173,78.90787941430786,51.44,MEDIUM,34.71966666666666,25.13993148474099,84.99952963614865,False,"Isolation Forest anomaly; device in suspected abuse ring (RING-025, 4 devices)",NONE,P2 — Monitor
829e9b7d-f136-4f64-9c07-af55af83f760,POS-055D6FBC,MER-294500,2026-08-19 19:09:48.206686+00:00,17.3,0,155.7,v2.2.0,0.65,Kolkata,22.5726,88.3639,1,fraud,card_testing,4.0,4.0,4.0,5.0,5.0,4.0,RING-002,6,37.5,1649.753846153846,1628.2081136322763,2.6923076923076925,1.0026076104682333,1.4857142857142855,1649.753846153846,1628.2081136322763,2.6923076923076925,1.0026076104682333,1.4857142857142855,-1,-0.08268144755458895,77.92892479466843,51.34,MEDIUM,30.974102564102566,24.287905449978563,79.5499134640597,False,Isolation Forest anomaly,NONE,P2 — Monitor
6eda9a76-1c4c-48e2-acf2-4eb53260ad2d,POS-3637119B,MER-7355A0,2026-08-11 21:06:48.052209+00:00,181.67,14,237.9,v2.1.1,16.93,Hyderabad,17.385,78.4867,1,fraud,retry_storm,1.0,1.0,1.0,3.0,3.0,1.0,RING-004,4,62.5,2206.6358333333333,1319.9030668721118,1.0416666666666667,1.5341776863448537,0.96,2206.6358333333333,1319.9030668721118,1.0,1.5341776863448537,1.0,-1,-0.11405253877313304,86.67139690841677,51.21,MEDIUM,23.445833333333336,7.863644423750886,39.17312218083511,True,"Isolation Forest anomaly; high retry count (14); unusual device ping gap; device in suspected abuse ring (RING-004, 4 devices)",NONE,P2 — Monitor
10568898-dbe2-474b-a199-3a0e4775c3dc,POS-28402991,MER-833A0C,2026-08-11 22:53:22.565094+00:00,13.71,0,154.1,v2.1.1,0.7,Hyderabad,17.385,78.4867,1,fraud,card_testing,4.0,4.0,4.0,4.0,4.0,4.0,RING-004,4,62.5,2395.948928571429,6941.196969839829,3.357142857142857,0.34320289986330704,1.1914893617021276,2395.948928571429,6941.196969839829,3.357142857142857,0.34320289986330704,1.1914893617021276,-1,-0.07655274217956165,76.2209817887559,51.04,MEDIUM,36.223214285714285,25.309750580969766,86.84271544765382,False,"Isolation Forest anomaly; device in suspected abuse ring (RING-004, 4 devices)",NONE,P2 — Monitor
348c2c6b-dd0a-4d35-a179-2f7258cc7c2d,POS-FA8E124D,MER-079B19,2026-08-19 22:19:18.733165+00:00,20691.7,0,767.7,v2.1.1,1.15,Delhi,28.7041,77.1025,1,fraud,bust_out,1.0,1.0,1.0,2.0,14.0,1.0,RING-014,11,45.45,1983.6056250000001,3685.2812280983103,3.0625,5.076436021316562,0.32653061224489793,1983.6056250000001,3685.2812280983103,3.0625,5.076436021316562,0.32653061224489793,-1,-0.06302198019942573,72.45023921352859,51.04,MEDIUM,32.511875,25.41684372139988,83.34556244279976,False,"Isolation Forest anomaly; transaction amount unusual for merchant; transaction amount unusual for device; device in suspected abuse ring (RING-014, 11 devices)",NONE,P2 — Monitor
64e90db3-c376-419b-a0b5-e90429dfa613,POS-47CB19EB,MER-7848E9,2026-08-14 10:09:36.439715+00:00,13.91,1,280.0,v2.2.0,1.12,Bengaluru,12.9716,77.5946,1,fraud,card_testing,5.0,5.0,5.0,5.0,5.0,5.0,RING-006,4,43.75,1519.4046666666666,3597.5861927488645,3.933333333333333,0.4184735503213446,1.2711864406779663,1519.4046666666666,3597.5861927488645,3.933333333333333,0.4184735503213446,1.2711864406779663,-1,-0.0782798139878258,76.70228086174656,51.02,MEDIUM,38.95,24.25616407131485,87.4623281426297,False,"Isolation Forest anomaly; high transaction burst (5 in 5 min); device in suspected abuse ring (RING-006, 4 devices)",NONE,P2 — Monitor
60935da6-0164-43e0-9667-1aec26be1325,POS-9CD505AA,MER-1F157D,2026-08-20 03:39:13.255564+00:00,890.89,1,0.2,v2.3.0-beta,11.33,Bengaluru,12.9716,77.5946,0,fraud,device_spoof,1.0,1.0,1.0,2.0,3.0,1.0,RING-018,9,25.0,2623.6506896551723,1585.198651014465,1.0,1.0930874111874076,1.0,2623.6506896551723,1585.198651014465,1.0,1.0930874111874076,1.0,-1,-0.07706225868686734,76.36297346592083,50.76,MEDIUM,18.641379310344828,7.471554496956119,33.584488304257064,True,Isolation Forest anomaly; unusual device ping gap; IP consistency mismatch,NONE,P2 — Monitor
9262a4db-47d4-4862-b208-3ddeea5a6e82,POS-CC8EC905,MER-15DD11,2026-08-20 23:45:40.345988+00:00,4960.06,0,0.3,v2.2.0,4.26,Mumbai,19.076,72.8777,0,fraud,device_spoof,1.0,1.0,2.0,2.0,4.0,1.0,RING-019,4,43.75,3494.4792307692305,4745.049509344173,1.0384615384615385,0.30886522181584825,0.9629629629629629,3494.4792307692305,4745.049509344173,1.0,0.30886522181584825,1.0,-1,-0.07193848269792469,74.93508342574442,50.62,MEDIUM,19.369615384615386,8.843562395672562,37.05674017596051,True,"Isolation Forest anomaly; IP consistency mismatch; device in suspected abuse ring (RING-019, 4 devices)",NONE,P2 — Monitor
48ae011a-2cf1-4a2c-93fb-8d9705099d8f,POS-0E2B0643,MER-16DFEB,2026-08-03 10:29:35.010082+00:00,4883.7,0,0.6,v2.1.1,10.82,Kolkata,22.5726,88.3639,0,fraud,device_spoof,1.0,1.0,1.0,1.0,2.0,1.0,RING-011,7,46.43,4008.28380952381,4639.636357744513,1.0,0.18868206966585632,1.0,4008.28380952381,4639.636357744513,1.0,0.18868206966585632,1.0,-1,-0.07037560618533312,74.49954217429801,50.61,MEDIUM,21.335714285714285,8.63506199828847,38.60583828229123,True,"Isolation Forest anomaly; unusual device ping gap; IP consistency mismatch; device in suspected abuse ring (RING-011, 7 devices)",NONE,P2 — Monitor
b72c3367-50d8-4e6f-bee3-340c20e1dda9,POS-38B8A946,MER-7808DD,2026-08-05 03:09:45.852480+00:00,14.38,2,167.6,v2.3.0-beta,0.69,Nagpur,21.1458,79.0882,1,fraud,card_testing,4.0,4.0,4.0,4.0,4.0,4.0,RING-001,3,50.0,1386.8624444444445,1725.4519949779635,3.933333333333333,0.7954335724431284,1.0169491525423728,1386.8624444444445,1725.4519949779635,3.933333333333333,0.7954335724431284,1.0169491525423728,-1,-0.08547364537369473,78.70705238352232,50.52,MEDIUM,40.24911111111111,23.877341372315747,88.0037938557426,False,"Isolation Forest anomaly; device in suspected abuse ring (RING-001, 3 devices)",NONE,P2 — Monitor
d119da3b-29ec-40d4-9ed2-5e2bb23847b5,POS-C2744B6C,MER-4093C0,2026-08-03 03:23:44.077307+00:00,9.72,0,197.7,v2.1.1,1.48,Nagpur,21.1458,79.0882,1,fraud,card_testing,4.0,4.0,4.0,4.0,4.0,4.0,RING-023,4,43.75,1419.55,1594.3698370065363,3.0,0.8842553134641497,1.3333333333333333,1419.55,1594.3698370065363,3.0,0.8842553134641497,1.3333333333333333,-1,-0.07387507215830702,75.47477072049698,50.3,MEDIUM,31.704545454545453,24.882663780595955,81.46987301573736,False,"Isolation Forest anomaly; device in suspected abuse ring (RING-023, 4 devices)",NONE,P2 — Monitor
2ccf92d1-9ae8-4316-8881-ad9aa57d4fc2,POS-8E784FDD,MER-40A230,2026-08-10 11:30:10.679282+00:00,5.08,2,135.7,v2.1.0,0.4,Pune,18.5204,73.8567,1,fraud,card_testing,4.0,4.0,4.0,4.0,4.0,4.0,RING-013,5,40.0,1398.7704,1654.9535016189025,3.64,0.8421326633265946,1.0989010989010988,1398.7704,1654.9535016189025,3.64,0.8421326633265946,1.0989010989010988,-1,-0.0920300671203057,80.53419106627993,50.21,MEDIUM,36.147200000000005,25.107808964543285,86.36281792908657,False,"Isolation Forest anomaly; device in suspected abuse ring (RING-013, 5 devices)",NONE,P2 — Monitor
eae8b17a-7e47-430f-ba86-c4b739d3de55,POS-24B8E3FE,MER-C60B06,2026-08-12 23:07:40.042357+00:00,14.02,1,296.0,v2.3.0-beta,1.08,Bengaluru,12.9716,77.5946,1,fraud,card_testing,4.0,4.0,4.0,5.0,5.0,4.0,RING-011,7,46.43,1217.6675862068967,1391.0000955752641,3.2758620689655173,0.8653109299098317,1.2210526315789474,1217.6675862068967,1391.0000955752641,3.2758620689655173,0.8653109299098317,1.2210526315789474,-1,-0.07234263354898274,75.04771188104769,49.93,MEDIUM,34.18103448275862,25.405093885286018,84.99122225333065,False,"Isolation Forest anomaly; device in suspected abuse ring (RING-011, 7 devices)",NONE,P2 — Monitor
97c906f2-a7f0-49a3-a75c-af9f2ccb6c9d,POS-B27C0D31,MER-6BDAEB,2026-08-15 11:18:07.561536+00:00,5517.56,1,0.3,v2.1.1,4.83,Chennai,13.0827,80.2707,0,fraud,device_spoof,1.0,1.0,1.0,1.0,1.0,1.0,RING-018,9,25.0,2560.6056,1842.6542972323916,1.0,1.6047255334010575,1.0,2560.6056,1842.6542972323916,1.0,1.6047255334010575,1.0,-1,-0.05210985040527438,69.40925508701599,49.86,MEDIUM,18.686400000000003,7.4263780314946715,33.53915606298935,True,Isolation Forest anomaly; IP consistency mismatch,NONE,P2 — Monitor
0d13b5d8-bdc3-4970-b98a-0e65b9f8d929,POS-DEE4DD42,MER-D53081,2026-08-16 00:02:17.917130+00:00,6.63,0,56.8,v2.1.0,0.47,Mumbai,19.076,72.8777,1,fraud,card_testing,4.0,4.0,4.0,4.0,4.0,4.0,RING-016,9,33.33,1355.9837499999999,1597.4043431601071,3.0625,0.8447164650439132,1.3061224489795917,1355.9837499999999,1597.4043431601071,3.0625,0.8447164650439132,1.3061224489795917,-1,-0.08730656656172786,79.21784948208183,49.79,MEDIUM,33.758125,24.871361745603018,83.50084849120603,False,Isolation Forest anomaly,NONE,P2 — Monitor
0f40302f-61bc-4ea7-9df3-28cc4d8aa76b,POS-77B485D3,MER-340AFB,2026-08-19 12:19:07.549163+00:00,14.07,1,197.7,v2.1.0,0.94,Delhi,28.7041,77.1025,1,fraud,card_testing,4.0,4.0,4.0,4.0,6.0,4.0,RING-024,9,41.67,1683.6415625,1847.451964654002,3.125,0.9037158174841552,1.28,1683.6415625,1847.451964654002,3.09375,0.9037158174841552,1.292929292929293,-1,-0.07264266252039264,75.13132372921692,49.69,MEDIUM,33.5609375,24.392819588555945,82.3465766771119,False,"Isolation Forest anomaly; device in suspected abuse ring (RING-024, 9 devices)",NONE,P2 — Monitor
a7fb987c-8c5b-4efd-919e-a879c2860d09,POS-38B8A946,MER-7808DD,2026-08-08 14:05:55.325045+00:00,11.87,1,146.5,v2.3.0-beta,1.32,Nagpur,21.1458,79.0882,1,fraud,card_testing,4.0,4.0,4.0,4.0,6.0,4.0,RING-001,3,50.0,1386.8624444444445,1725.4519949779635,3.933333333333333,0.796888263739847,1.0169491525423728,1386.8624444444445,1725.4519949779635,3.933333333333333,0.796888263739847,1.0169491525423728,-1,-0.07606863243324147,76.08607044863983,49.61,MEDIUM,40.24911111111111,23.877341372315747,88.0037938557426,False,"Isolation Forest anomaly; device in suspected abuse ring (RING-001, 3 devices)",NONE,P2 — Monitor
ff23ad35-5fe3-43eb-99bb-b21407975ace,POS-D5B36245,MER-8A9DAF,2026-08-05 11:42:23.087198+00:00,38723.39,0,762.7,v2.1.1,1.96,Kolkata,22.5726,88.3639,1,fraud,bust_out,1.0,1.0,1.0,2.0,5.0,1.0,RING-027,3,50.0,4471.747916666666,7417.11100543635,1.0,4.617922268957373,1.0,4471.747916666666,7417.11100543635,1.0,4.617922268957373,1.0,-1,-0.01978193712955012,60.40013652178011,49.49,MEDIUM,21.292083333333334,6.820943437975275,34.933970209283885,True,"Isolation Forest anomaly; transaction amount unusual for merchant; transaction amount unusual for device; device in suspected abuse ring (RING-027, 3 devices)",NONE,P2 — Monitor
be7fa67b-c4da-49b9-bbeb-4bca511a3641,POS-FB95985B,MER-7765F7,2026-08-17 04:51:23.507502+00:00,15.66,0,276.3,v2.1.0,0.7,Hyderabad,17.385,78.4867,1,fraud,card_testing,4.0,4.0,4.0,4.0,4.0,4.0,RING-019,4,43.75,1458.8658620689655,1716.3588127726284,3.2758620689655173,0.8408532361235072,1.2210526315789474,1458.8658620689655,1716.3588127726284,3.2758620689655173,0.8408532361235072,1.2210526315789474,-1,-0.07190649289611983,74.92616853182967,49.41,MEDIUM,34.471724137931034,25.05971554806147,84.59115523405397,False,"Isolation Forest anomaly; device in suspected abuse ring (RING-019, 4 devices)",NONE,P2 — Monitor
3c3eb527-a3f9-4acb-881f-29cf8d5f7341,POS-CBA73359,MER-269861,2026-08-19 07:47:41.226142+00:00,17.6,2,371.9,v2.1.1,1.18,Hyderabad,17.385,78.4867,1,fraud,card_testing,3.0,3.0,3.0,3.0,3.0,3.0,RING-004,4,62.5,2005.3451612903225,1883.3696992250725,3.129032258064516,1.0554195292130888,0.9587628865979382,2005.3451612903225,1883.3696992250725,3.129032258064516,1.0554195292130888,0.9587628865979382,-1,-0.06930491773834502,74.20116352291171,49.31,MEDIUM,38.55,23.972710179146063,86.49542035829212,False,"Isolation Forest anomaly; device in suspected abuse ring (RING-004, 4 devices)",NONE,P2 — Monitor
cc92cdcf-7fcb-41a7-ad97-501f8f9ac079,POS-FA8E124D,MER-079B19,2026-08-19 12:12:51.888917+00:00,3.17,0,289.5,v2.1.1,1.03,Delhi,28.7041,77.1025,1,fraud,card_testing,4.0,4.0,4.0,4.0,4.0,4.0,RING-014,11,45.45,1983.6056250000001,3685.2812280983103,3.0625,0.5373906365409052,1.3061224489795917,1983.6056250000001,3685.2812280983103,3.0625,0.5373906365409052,1.3061224489795917,-1,-0.07117848565004536,74.72328801986168,49.11,MEDIUM,32.511875,25.41684372139988,83.34556244279976,False,"Isolation Forest anomaly; device in suspected abuse ring (RING-014, 11 devices)",NONE,P2 — Monitor
b3861ebf-fab9-4eb3-8d20-fa2cae23b7f4,POS-47CB19EB,MER-7848E9,2026-08-15 08:02:04.770157+00:00,1452.92,1,1.0,v2.1.0,4.73,Mumbai,19.076,72.8777,0,fraud,device_spoof,1.0,1.0,1.0,1.0,14.0,1.0,RING-006,4,43.75,1519.4046666666666,3597.5861927488645,3.933333333333333,0.018480354077595153,0.2542372881355932,1519.4046666666666,3597.5861927488645,3.933333333333333,0.018480354077595153,0.2542372881355932,-1,-0.10247688049768755,83.44550116362542,49.1,MEDIUM,38.95,24.25616407131485,87.4623281426297,False,"Isolation Forest anomaly; IP consistency mismatch; device in suspected abuse ring (RING-006, 4 devices)",NONE,P2 — Monitor
776d30b2-965a-4928-a5d0-d104383273a9,POS-BB1E7F2D,MER-6350FC,2026-08-11 10:07:31.992368+00:00,1.17,2,169.1,v2.2.0,0.95,Nagpur,21.1458,79.0882,1,fraud,card_testing,4.0,4.0,4.0,4.0,5.0,4.0,RING-021,8,34.38,1259.96875,1496.4970791101885,3.7916666666666665,0.8411635195094914,1.054945054945055,1259.96875,1496.4970791101885,3.75,0.8411635195094914,1.0666666666666667,-1,-0.08780535967712688,79.35685277245281,48.76,MEDIUM,36.520833333333336,25.01408766843312,86.54900867019958,False,Isolation Forest anomaly,NONE,P2 — Monitor
8be1ecff-0763-4da7-be2c-735523498a1e,POS-8BA2BC27,MER-CDDE89,2026-08-09 10:40:48.934636+00:00,15.21,2,169.0,v2.1.1,0.95,Bengaluru,12.9716,77.5946,1,fraud,card_testing,3.0,3.0,3.0,3.0,5.0,3.0,RING-012,2,54.17,1555.2063157894736,1538.7944675646847,2.763157894736842,1.0007810323276576,1.0857142857142856,1555.2063157894736,1538.7944675646847,2.763157894736842,1.0007810323276576,1.0857142857142856,-1,-0.07000568764589021,74.39645355385734,48.6,MEDIUM,33.04394736842105,24.335251878646233,81.71445112571351,False,"Isolation Forest anomaly; device in suspected abuse ring (RING-012, 2 devices)",NONE,P2 — Monitor
f9b962c2-2845-4766-bd29-f4fae34ae8d6,POS-D3B57689,MER-58F164,2026-08-16 12:26:05.091856+00:00,65054.23,0,557.6,v2.2.0,1.85,Hyderabad,17.385,78.4867,1,fraud,bust_out,1.0,1.0,2.0,3.0,4.0,1.0,RING-026,10,25.0,6597.676875,15660.461692644407,1.0,3.73274774858372,1.0,6597.676875,15660.461692644407,1.0,3.73274774858372,1.0,-1,-0.07483596613628896,75.74255193181199,48.46,MEDIUM,16.15375,8.875962952453854,33.90567590490771,True,Isolation Forest anomaly; transaction amount unusual for merchant; transaction amount unusual for device,NONE,P2 — Monitor
87d96f7d-3f16-43d7-bf02-9f1b10b30fbf,POS-7F1981DF,MER-B33B9B,2026-08-13 16:36:39.160230+00:00,4515.6,1,0.9,v2.2.0,4.34,Bengaluru,12.9716,77.5946,0,fraud,device_spoof,1.0,1.0,1.0,1.0,2.0,1.0,RING-021,8,34.38,2278.337037037037,1321.2204907113342,1.037037037037037,1.6933305066729925,0.9642857142857143,2278.337037037037,1321.2204907113342,1.037037037037037,1.6933305066729925,0.9642857142857143,-1,-0.02243298362627455,61.13892816624045,48.46,MEDIUM,20.641851851851854,8.477478324740131,37.59680850133212,True,Isolation Forest anomaly; IP consistency mismatch,NONE,P2 — Monitor
757832ef-568a-4c44-8f0b-36d50f2cae21,POS-5B84BAFA,MER-54F0E4,2026-08-02 04:21:14.356857+00:00,69581.11,0,798.8,v2.1.1,1.78,Chennai,13.0827,80.2707,1,fraud,bust_out,1.0,1.0,1.0,1.0,2.0,1.0,RING-007,5,25.0,5093.264242424242,11646.904169219719,1.0,5.536908763103192,1.0,5093.264242424242,11646.904169219719,1.0,5.536908763103192,1.0,-1,-0.016269089398420533,59.4211787572797,48.16,MEDIUM,17.22151515151515,7.369752845759195,31.961020843033538,True,Isolation Forest anomaly; transaction amount unusual for merchant; transaction amount unusual for device,NONE,P2 — Monitor
fa32e026-ee21-482b-80b7-e781a6b900ec,POS-47CB19EB,MER-7848E9,2026-08-16 12:19:08.197223+00:00,3.53,1,394.0,v2.2.0,1.46,Bengaluru,12.9716,77.5946,1,fraud,card_testing,4.0,4.0,4.0,4.0,4.0,4.0,RING-006,4,43.75,1519.4046666666666,3597.5861927488645,3.933333333333333,0.421358818232624,1.0169491525423728,1519.4046666666666,3597.5861927488645,3.933333333333333,0.421358818232624,1.0169491525423728,-1,-0.08019788934400096,77.23680865985888,47.94,MEDIUM,38.95,24.25616407131485,87.4623281426297,False,"Isolation Forest anomaly; device in suspected abuse ring (RING-006, 4 devices)",NONE,P2 — Monitor
9f0ee10d-3e6c-4490-bed2-a1b22f888d13,POS-94086F72,MER-6D8C2C,2026-08-12 22:11:14.678370+00:00,4422.54,0,79.5,v2.1.0,2.04,Mumbai,19.076,72.8777,1,normal,,2.0,2.0,2.0,3.0,5.0,2.0,RING-016,9,33.33,2211.738076923077,1495.3908670284682,1.0384615384615385,1.4784107431858717,1.9259259259259258,2211.738076923077,1495.3908670284682,1.0384615384615385,1.4784107431858717,1.9259259259259258,-1,-0.055208339698237796,70.27273975351265,47.66,MEDIUM,20.38230769230769,6.85315828370675,34.08862425972119,True,Isolation Forest anomaly,NONE,P2 — Monitor
8e3639f6-7f48-4bb1-b2b0-18f9def06c89,POS-74235C6B,MER-4BCD8F,2026-08-01 10:32:38.221400+00:00,3562.19,1,0.2,v2.1.0,9.36,Bengaluru,12.9716,77.5946,0,fraud,device_spoof,1.0,1.0,1.0,1.0,1.0,1.0,RING-018,9,25.0,3188.0557894736844,1483.5185823511908,1.0,0.252193814743702,1.0,3188.0557894736844,1483.5185823511908,1.0,0.252193814743702,1.0,-1,-0.07051523142808946,74.5384528319691,47.6,MEDIUM,17.68263157894737,7.709808934154567,33.102249447256504,True,Isolation Forest anomaly; unusual device ping gap; IP consistency mismatch,NONE,P2 — Monitor
e9a93e58-9b29-4650-bb08-4f162ac732a6,POS-10016958,MER-25A16E,2026-08-12 18:38:55.692724+00:00,12.16,2,395.4,v2.1.1,1.13,Delhi,28.7041,77.1025,1,fraud,card_testing,3.0,3.0,3.0,5.0,5.0,3.0,RING-014,11,45.45,1364.4054838709678,1433.3486462124017,3.161290322580645,0.9434170028654594,0.9489795918367347,1364.4054838709678,1433.3486462124017,3.129032258064516,0.9434170028654594,0.9587628865979382,-1,-0.08025992846908059,77.25409767659062,47.46,MEDIUM,34.15806451612904,24.96172475602796,84.08151402818496,False,"Isolation Forest anomaly; device in suspected abuse ring (RING-014, 11 devices)",NONE,P2 — Monitor
394adccc-d74e-4b40-9da8-aee48dab2e05,POS-0AE6C0D2,MER-897854,2026-08-20 06:24:08.658938+00:00,1.41,1,288.0,v2.1.1,0.35,Kolkata,22.5726,88.3639,1,fraud,card_testing,3.0,3.0,3.0,4.0,5.0,3.0,RING-027,3,50.0,1696.6145238095237,1639.2351669726986,2.5714285714285716,1.0341435798624232,1.1666666666666665,1696.6145238095237,1639.2351669726986,2.5714285714285716,1.0341435798624232,1.1666666666666665,-1,-0.058964400174067455,71.3194758628413,47.4,MEDIUM,31.454523809523806,23.595713459655148,78.6459507288341,False,"Isolation Forest anomaly; device in suspected abuse ring (RING-027, 3 devices)",NONE,P2 — Monitor
d3fb0e8d-cdd0-4b74-a11b-07c7cafdd362,POS-0EF33479,MER-87BA54,2026-08-17 10:18:29.848187+00:00,72040.14,0,860.6,v2.1.1,1.44,Delhi,28.7041,77.1025,1,fraud,bust_out,1.0,1.0,1.0,1.0,1.0,1.0,RING-014,11,45.45,7140.376,18010.813157327302,1.0,3.603377783839646,1.0,7140.376,18010.813157327302,1.0,3.603377783839646,1.0,-1,-0.03556023584951029,64.79722094580241,47.31,MEDIUM,19.46466666666667,7.982300837895467,35.429268342457604,True,"Isolation Forest anomaly; transaction amount unusual for merchant; transaction amount unusual for device; device in suspected abuse ring (RING-014, 11 devices)",NONE,P2 — Monitor
35351ca8-9599-49e2-845d-b5b02067c30f,POS-47CB19EB,MER-7848E9,2026-08-14 10:09:35.323009+00:00,1.41,0,277.1,v2.2.0,1.01,Bengaluru,12.9716,77.5946,1,fraud,card_testing,4.0,4.0,4.0,4.0,4.0,4.0,RING-006,4,43.75,1519.4046666666666,3597.5861927488645,3.933333333333333,0.42194810223762513,1.0169491525423728,1519.4046666666666,3597.5861927488645,3.933333333333333,0.42194810223762513,1.0169491525423728,-1,-0.07213749009567327,74.99054265772098,47.16,MEDIUM,38.95,24.25616407131485,87.4623281426297,False,"Isolation Forest anomaly; device in suspected abuse ring (RING-006, 4 devices)",NONE,P2 — Monitor
3cd9b633-bf09-45d1-b0f5-aad7515caaf6,POS-CC26C0E8,MER-0D1C10,2026-08-08 17:57:16.650780+00:00,10.12,2,456.2,v2.1.0,1.08,Delhi,28.7041,77.1025,1,fraud,card_testing,3.0,3.0,3.0,3.0,4.0,3.0,RING-024,9,41.67,1473.9082857142857,1535.6094075326762,2.8857142857142857,0.9532295638030844,1.0396039603960396,1473.9082857142857,1535.6094075326762,2.8857142857142857,0.9532295638030844,1.0396039603960396,-1,-0.07694392648377246,76.32999673653298,47.02,MEDIUM,31.180285714285713,24.691913475719875,80.56411266572546,False,"Isolation Forest anomaly; device in suspected abuse ring (RING-024, 9 devices)",NONE,P2 — Monitor
a1676a05-ff3a-4ac3-9e06-d22ef30cdd18,POS-FB95985B,MER-7765F7,2026-08-17 04:51:18.647310+00:00,11.09,2,443.7,v2.1.0,0.9,Hyderabad,17.385,78.4867,1,fraud,card_testing,3.0,3.0,3.0,3.0,3.0,3.0,RING-019,4,43.75,1458.8658620689655,1716.3588127726284,3.2758620689655173,0.8435158495385994,0.9157894736842105,1458.8658620689655,1716.3588127726284,3.2758620689655173,0.8435158495385994,0.9157894736842105,-1,-0.07535559779105527,75.88736249066594,46.23,MEDIUM,34.471724137931034,25.05971554806147,84.59115523405397,False,"Isolation Forest anomaly; device in suspected abuse ring (RING-019, 4 devices)",NONE,P2 — Monitor
9a0ed59d-0b6e-4bcf-b11c-67d195de9de1,POS-055D6FBC,MER-294500,2026-08-19 19:09:45.012778+00:00,18.76,2,186.1,v2.2.0,1.36,Kolkata,22.5726,88.3639,1,fraud,card_testing,3.0,3.0,3.0,4.0,4.0,3.0,RING-002,6,37.5,1649.753846153846,1628.2081136322763,2.6923076923076925,1.001710919198993,1.114285714285714,1649.753846153846,1628.2081136322763,2.6923076923076925,1.001710919198993,1.114285714285714,-1,-0.06987569461656384,74.36022719418276,46.23,MEDIUM,30.974102564102566,24.287905449978563,79.5499134640597,False,Isolation Forest anomaly,NONE,P2 — Monitor
7b5b35f1-a959-4ac3-8fd7-e396a2d07f29,POS-24B8E3FE,MER-C60B06,2026-08-12 23:07:35.094511+00:00,6.5,0,57.4,v2.3.0-beta,0.51,Bengaluru,12.9716,77.5946,1,fraud,card_testing,3.0,3.0,3.0,4.0,4.0,3.0,RING-011,7,46.43,1217.6675862068967,1391.0000955752641,3.2758620689655173,0.8707171121408186,0.9157894736842105,1217.6675862068967,1391.0000955752641,3.2758620689655173,0.8707171121408186,0.9157894736842105,-1,-0.06941460782224707,74.23173187302066,46.14,MEDIUM,34.18103448275862,25.405093885286018,84.99122225333065,False,"Isolation Forest anomaly; device in suspected abuse ring (RING-011, 7 devices)",NONE,P2 — Monitor
b5961b8e-1ffe-4ccf-9fc2-ca595c4fccbd,POS-A22B806C,MER-66332B,2026-08-10 05:19:22.556775+00:00,3.42,2,222.9,v2.1.1,0.79,Delhi,28.7041,77.1025,1,fraud,card_testing,3.0,3.0,3.0,3.0,4.0,3.0,RING-014,11,45.45,1636.4144444444446,1713.4661851982808,3.4444444444444446,0.9530356995375873,0.8709677419354839,1636.4144444444446,1713.4661851982808,3.4444444444444446,0.9530356995375873,0.8709677419354839,-1,-0.06536264520390989,73.10253397709846,45.62,MEDIUM,35.495925925925924,25.35330159948211,86.20252912489013,False,"Isolation Forest anomaly; device in suspected abuse ring (RING-014, 11 devices)",NONE,P2 — Monitor
4b758f58-abc7-4085-8c43-7ffb15d008d4,POS-38B8A946,MER-7808DD,2026-08-08 14:05:54.113379+00:00,9.31,0,26.1,v2.3.0-beta,0.99,Nagpur,21.1458,79.0882,1,fraud,card_testing,3.0,3.0,3.0,3.0,5.0,3.0,RING-001,3,50.0,1386.8624444444445,1725.4519949779635,3.933333333333333,0.7983719329508427,0.7627118644067797,1386.8624444444445,1725.4519949779635,3.933333333333333,0.7983719329508427,0.7627118644067797,-1,-0.06832204137173581,73.92725627606198,45.58,MEDIUM,40.24911111111111,23.877341372315747,88.0037938557426,False,"Isolation Forest anomaly; device in suspected abuse ring (RING-001, 3 devices)",NONE,P2 — Monitor
8cc9e9f0-38ca-4990-ac19-ebd2ecb5d6e8,POS-EBF11023,MER-16D60A,2026-08-15 09:41:52.252112+00:00,395.29,15,178.6,v2.2.0,10.44,Hyderabad,17.385,78.4867,1,fraud,retry_storm,1.0,1.0,2.0,3.0,3.0,1.0,RING-026,10,25.0,2560.7696,1338.9241257737497,1.0,1.6173280907524115,1.0,2560.7696,1338.9241257737497,1.0,1.6173280907524115,1.0,-1,-0.10863896818707763,85.16274712780533,45.41,MEDIUM,18.0096,6.602000631121851,31.2136012622437,True,Isolation Forest anomaly; high retry count (15); unusual device ping gap,NONE,P2 — Monitor
4ba57c63-4e09-45db-992a-2ff6ff765f0a,POS-849A1C0F,MER-D8D0DA,2026-08-15 17:34:35.723411+00:00,3964.3,0,88.6,v2.1.0,2.64,Delhi,28.7041,77.1025,1,normal,,2.0,2.0,2.0,2.0,2.0,2.0,RING-024,9,41.67,2241.800909090909,1670.974591476794,1.0454545454545454,1.0308349987457082,1.9130434782608696,2241.800909090909,1670.974591476794,1.0454545454545454,1.0308349987457082,1.9130434782608696,-1,-0.033497042814921496,64.22225186217965,45.39,MEDIUM,22.265,10.698373596909375,43.661747193818755,True,"Isolation Forest anomaly; device in suspected abuse ring (RING-024, 9 devices)",NONE,P2 — Monitor
2ab188ce-042a-4513-baf6-58d5dd53c318,POS-00CFCF07,MER-73C8B8,2026-08-01 08:25:07.420858+00:00,2.36,1,110.0,v2.3.0-beta,0.48,Kolkata,22.5726,88.3639,1,fraud,card_testing,3.0,3.0,3.0,3.0,3.0,3.0,RING-025,4,43.75,1845.3763333333334,1825.8477593851055,3.2,1.0094030698123537,0.9375,1845.3763333333334,1825.8477593851055,3.2,1.0094030698123537,0.9375,-1,-0.060345532932599366,71.70436890155436,45.37,MEDIUM,34.71966666666666,25.13993148474099,84.99952963614865,False,"Isolation Forest anomaly; device in suspected abuse ring (RING-025, 4 devices)",NONE,P2 — Monitor
11168d89-dba9-4acd-af64-9fb149c4be7e,POS-DEE4DD42,MER-D53081,2026-08-14 02:26:38.220347+00:00,3642.21,0,1.7,v2.2.0,7.06,Pune,18.5204,73.8567,0,fraud,device_spoof,1.0,1.0,1.0,1.0,3.0,1.0,RING-016,9,33.33,1355.9837499999999,1597.4043431601071,3.0625,1.4312132427768494,0.32653061224489793,1355.9837499999999,1597.4043431601071,3.0625,1.4312132427768494,0.32653061224489793,-1,-0.03319059388803558,64.13685090564535,45.37,MEDIUM,33.758125,24.871361745603018,83.50084849120603,False,Isolation Forest anomaly; IP consistency mismatch,NONE,P2 — Monitor
5fb60015-6a54-410c-be55-95eb56dc10a5,POS-FCC69214,MER-85878E,2026-08-10 13:53:11.360008+00:00,73954.27,0,659.3,v2.2.0,0.79,Hyderabad,17.385,78.4867,1,fraud,bust_out,1.0,1.0,1.0,1.0,1.0,1.0,RING-026,10,25.0,5937.844545454545,15255.222449470722,1.0,4.458566610866122,1.0,5937.844545454545,15255.222449470722,1.0,4.458566610866122,1.0,-1,-0.019555232376376797,60.336958611618655,45.24,MEDIUM,16.210454545454546,7.034335164898047,30.279124875250638,True,Isolation Forest anomaly; transaction amount unusual for merchant; transaction amount unusual for device,NONE,P2 — Monitor
73a0b1c3-862b-4969-af30-a016270e3055,POS-28402991,MER-833A0C,2026-08-11 22:53:20.742036+00:00,7.77,1,129.1,v2.1.1,1.24,Hyderabad,17.385,78.4867,1,fraud,card_testing,3.0,3.0,3.0,3.0,3.0,3.0,RING-004,4,62.5,2395.948928571429,6941.196969839829,3.357142857142857,0.3440586600478703,0.8936170212765957,2395.948928571429,6941.196969839829,3.357142857142857,0.3440586600478703,0.8936170212765957,-1,-0.05260357547094385,69.54684601709886,45.22,MEDIUM,36.223214285714285,25.309750580969766,86.84271544765382,False,"Isolation Forest anomaly; device in suspected abuse ring (RING-004, 4 devices)",NONE,P2 — Monitor
2c9f64d1-234c-4b8a-bfbc-48f0bc3deef4,POS-FA8E124D,MER-079B19,2026-08-19 12:12:44.554452+00:00,1.56,2,251.9,v2.1.1,1.2,Delhi,28.7041,77.1025,1,fraud,card_testing,3.0,3.0,3.0,3.0,3.0,3.0,RING-014,11,45.45,1983.6056250000001,3685.2812280983103,3.0625,0.5378275095772762,0.9795918367346939,1983.6056250000001,3685.2812280983103,3.0625,0.5378275095772762,0.9795918367346939,-1,-0.06658747048761471,73.44386736624986,45.03,MEDIUM,32.511875,25.41684372139988,83.34556244279976,False,"Isolation Forest anomaly; device in suspected abuse ring (RING-014, 11 devices)",NONE,P2 — Monitor
41418917-f172-4179-a31a-965addbea6ae,POS-C2744B6C,MER-4093C0,2026-08-03 03:23:42.511803+00:00,19.32,1,246.4,v2.1.1,0.48,Nagpur,21.1458,79.0882,1,fraud,card_testing,3.0,3.0,3.0,3.0,3.0,3.0,RING-023,4,43.75,1419.55,1594.3698370065363,3.0,0.8782341257966608,1.0,1419.55,1594.3698370065363,3.0,0.8782341257966608,1.0,-1,-0.055855686908548696,70.45314198736006,44.86,MEDIUM,31.704545454545453,24.882663780595955,81.46987301573736,False,"Isolation Forest anomaly; device in suspected abuse ring (RING-023, 4 devices)",NONE,P2 — Monitor
b001377d-3c7f-417f-96f2-c3bf84cd1aa9,POS-38B8A946,MER-7808DD,2026-08-05 03:09:43.608089+00:00,8.62,0,105.3,v2.3.0-beta,0.59,Nagpur,21.1458,79.0882,1,fraud,card_testing,3.0,3.0,3.0,3.0,3.0,3.0,RING-001,3,50.0,1386.8624444444445,1725.4519949779635,3.933333333333333,0.798771828167869,0.7627118644067797,1386.8624444444445,1725.4519949779635,3.933333333333333,0.798771828167869,0.7627118644067797,-1,-0.06063594000958239,71.78529932741912,44.83,MEDIUM,40.24911111111111,23.877341372315747,88.0037938557426,False,"Isolation Forest anomaly; device in suspected abuse ring (RING-001, 3 devices)",NONE,P2 — Monitor
0842fe5e-d18f-4cb0-8cdc-2a2dcd987585,POS-81C99677,MER-2280B3,2026-08-09 18:59:52.110777+00:00,8.07,0,300.8,v2.1.0,0.69,Nagpur,21.1458,79.0882,1,fraud,card_testing,3.0,3.0,3.0,3.0,3.0,3.0,RING-020,6,37.5,2000.400487804878,1774.8479734937175,2.6097560975609757,1.1225358552164075,1.1495327102803738,2000.400487804878,1774.8479734937175,2.6097560975609757,1.1225358552164075,1.1495327102803738,-1,-0.04661859594587403,67.8789564229891,44.5,MEDIUM,30.200000000000003,23.373679000106083,76.94735800021218,False,Isolation Forest anomaly,NONE,P2 — Monitor
679d4b05-d40d-4d1d-8432-fc7feb8edb4f,POS-B11F2EAD,MER-9FA357,2026-08-09 11:27:51.456582+00:00,1567.08,1,0.2,v2.1.0,5.62,Pune,18.5204,73.8567,0,fraud,device_spoof,1.0,1.0,1.0,1.0,1.0,1.0,RING-017,3,25.0,2073.038,1384.1456602963226,1.0,0.3655381182148726,1.0,2073.038,1384.1456602963226,1.0,0.3655381182148726,1.0,-1,-0.03334330092791671,64.17940718870332,44.31,MEDIUM,17.993333333333332,7.788314201111695,33.569961735556724,True,Isolation Forest anomaly; IP consistency mismatch,NONE,P2 — Monitor
6ac22c02-149e-4565-b1ab-eaa690057850,POS-EDC02D19,MER-6176CA,2026-08-16 20:51:23.194681+00:00,604.92,0,0.4,v2.1.0,4.86,Bengaluru,12.9716,77.5946,0,fraud,device_spoof,1.0,1.0,1.0,1.0,2.0,1.0,RING-003,5,25.0,2415.8450000000003,1326.598293695888,1.05,1.3650891973898016,0.9523809523809523,2415.8450000000003,1326.598293695888,1.05,1.3650891973898016,0.9523809523809523,-1,-0.00446417826399037,56.13139499811523,44.25,MEDIUM,18.244999999999997,9.30246684883554,36.84993369767108,True,Isolation Forest anomaly; IP consistency mismatch,NONE,P2 — Monitor
1d6ea3b0-9bc1-47fe-b005-57b6303200da,POS-EDC02D19,MER-6176CA,2026-08-20 16:30:33.566947+00:00,1113.37,0,11.8,v2.1.0,2.55,Chennai,13.0827,80.2707,1,normal,,2.0,2.0,2.0,3.0,3.0,2.0,RING-003,5,25.0,2415.8450000000003,1326.598293695888,1.05,0.9818156756189694,1.9047619047619047,2415.8450000000003,1326.598293695888,1.05,0.9818156756189694,1.9047619047619047,-1,-0.048971762450854994,68.53473509531791,44.21,MEDIUM,18.244999999999997,9.30246684883554,36.84993369767108,True,Isolation Forest anomaly,NONE,P2 — Monitor
bfa2d7ad-5690-4c17-8f1a-0d5ea99a4076,POS-C72F113B,MER-DDFFD5,2026-08-02 00:07:33.964243+00:00,15.8,0,297.7,v2.3.0-beta,1.24,Bengaluru,12.9716,77.5946,1,fraud,card_testing,3.0,3.0,3.0,4.0,5.0,3.0,RING-011,7,46.43,1195.0918518518517,1432.7435241737523,3.4444444444444446,0.8231004586336809,0.8709677419354839,1195.0918518518517,1432.7435241737523,3.4444444444444446,0.8231004586336809,0.8709677419354839,-1,-0.049653333292443924,68.7246747449981,43.84,MEDIUM,36.135185185185186,25.161801386284907,86.45878795775499,False,"Isolation Forest anomaly; device in suspected abuse ring (RING-011, 7 devices)",NONE,P2 — Monitor
366229ca-06e9-45ff-b1fc-268d2ac55e93,POS-AF1B4891,MER-875B51,2026-08-04 19:21:03.604513+00:00,57680.27,0,819.8,v2.1.0,1.95,Mumbai,19.076,72.8777,1,fraud,bust_out,1.0,1.0,1.0,1.0,3.0,1.0,RING-016,9,33.33,5852.483529411765,13413.01905157492,1.0,3.863991117234919,1.0,5852.483529411765,13413.01905157492,1.0,3.863991117234919,1.0,-1,-0.010620155280735566,57.846938044636914,43.84,MEDIUM,16.842352941176472,7.201633086852389,31.24561911488125,True,Isolation Forest anomaly; transaction amount unusual for merchant; transaction amount unusual for device,NONE,P2 — Monitor
7c27f656-6b8e-413b-a0bc-c7cbb5e25d33,POS-47CB19EB,MER-7848E9,2026-08-16 12:19:04.053195+00:00,10.73,2,117.8,v2.2.0,0.79,Bengaluru,12.9716,77.5946,1,fraud,card_testing,3.0,3.0,3.0,3.0,3.0,3.0,RING-006,4,43.75,1519.4046666666666,3597.5861927488645,3.933333333333333,0.4193574763288464,0.7627118644067797,1519.4046666666666,3597.5861927488645,3.933333333333333,0.4193574763288464,0.7627118644067797,-1,-0.07097173855413585,74.66567189462091,43.77,MEDIUM,38.95,24.25616407131485,87.4623281426297,False,"Isolation Forest anomaly; device in suspected abuse ring (RING-006, 4 devices)",NONE,P2 — Monitor
a67e471e-16b0-4463-8e0f-b044537e61b5,POS-77B485D3,MER-340AFB,2026-08-19 12:19:06.871567+00:00,4.42,1,299.8,v2.1.0,1.26,Delhi,28.7041,77.1025,1,fraud,card_testing,3.0,3.0,3.0,3.0,5.0,3.0,RING-024,9,41.67,1683.6415625,1847.451964654002,3.125,0.908939227989341,0.96,1683.6415625,1847.451964654002,3.09375,0.908939227989341,0.9696969696969697,-1,-0.04680745203371728,67.93158669555372,43.58,MEDIUM,33.5609375,24.392819588555945,82.3465766771119,False,"Isolation Forest anomaly; device in suspected abuse ring (RING-024, 9 devices)",NONE,P2 — Monitor
0f55dd09-4b92-4618-bcc1-4e6875213f8b,POS-7F1981DF,MER-B33B9B,2026-08-01 07:38:42.427087+00:00,989.46,0,454.5,v2.2.0,2.25,Nagpur,21.1458,79.0882,1,normal,,2.0,2.0,2.0,2.0,2.0,2.0,RING-021,8,34.38,2278.337037037037,1321.2204907113342,1.037037037037037,0.9755200181183357,1.9285714285714286,2278.337037037037,1321.2204907113342,1.037037037037037,0.9755200181183357,1.9285714285714286,-1,-0.025964427863902073,62.12306839118952,43.47,MEDIUM,20.641851851851854,8.477478324740131,37.59680850133212,True,Isolation Forest anomaly,NONE,P2 — Monitor
18fffcd0-0d1c-459f-85ab-bb30ade47f6e,POS-1B73B11B,MER-95FEFA,2026-08-18 06:28:08.242960+00:00,45491.35,0,639.2,v2.2.0,0.94,Hyderabad,17.385,78.4867,1,fraud,bust_out,1.0,1.0,1.0,2.0,2.0,1.0,RING-026,10,25.0,4695.210454545455,9201.12831389637,1.0,4.433819218001835,1.0,4695.210454545455,9201.12831389637,1.0,4.433819218001835,1.0,-1,-0.0006064890684003288,55.05633707357552,43.32,MEDIUM,15.910909090909092,6.864382821139241,29.639674733187576,True,Isolation Forest anomaly; transaction amount unusual for merchant; transaction amount unusual for device,NONE,P2 — Monitor
eb6780f9-0465-4701-9624-b1cff90a895b,POS-520C7452,MER-52D41B,2026-08-07 10:08:06.592517+00:00,44835.2,0,711.1,v2.2.0,1.75,Kolkata,22.5726,88.3639,1,fraud,bust_out,1.0,1.0,1.0,1.0,1.0,1.0,RING-002,6,37.5,4524.104761904762,9397.87505916982,1.0476190476190477,4.289384034613479,0.9545454545454545,4524.104761904762,9397.87505916982,1.0,4.289384034613479,1.0,1,0.01309581874906074,51.237788233382865,43.31,MEDIUM,18.61,7.487362018762015,33.584724037524026,True,transaction amount unusual for merchant; transaction amount unusual for device,NONE,P2 — Monitor
8da36773-d110-4e67-b7ae-58830a05c50f,POS-8E784FDD,MER-40A230,2026-08-10 11:30:08.073549+00:00,15.43,1,428.6,v2.1.0,1.42,Pune,18.5204,73.8567,1,fraud,card_testing,3.0,3.0,3.0,3.0,3.0,3.0,RING-013,5,40.0,1398.7704,1654.9535016189025,3.64,0.8358787111823951,0.8241758241758241,1398.7704,1654.9535016189025,3.64,0.8358787111823951,0.8241758241758241,-1,-0.05562840487137011,70.38980320012605,43.26,MEDIUM,36.147200000000005,25.107808964543285,86.36281792908657,False,"Isolation Forest anomaly; device in suspected abuse ring (RING-013, 5 devices)",NONE,P2 — Monitor
c684aee9-51ee-4bd5-a520-c885815d3ad2,POS-5190E155,MER-85B4C2,2026-08-03 22:19:25.697209+00:00,1838.66,0,17.6,v2.1.0,1.52,Delhi,28.7041,77.1025,1,normal,,2.0,2.0,2.0,2.0,2.0,2.0,RING-024,9,41.67,2639.980588235294,1375.309047098463,1.0588235294117647,0.5826476528500031,1.8888888888888888,2639.980588235294,1375.309047098463,1.0588235294117647,0.5826476528500031,1.8888888888888888,-1,-0.02448773115514047,61.7115436626783,43.04,MEDIUM,20.18294117647059,6.523733368158416,33.23040791278742,True,"Isolation Forest anomaly; device in suspected abuse ring (RING-024, 9 devices)",NONE,P2 — Monitor
8bff0ff5-299c-4eb6-bb7a-f830be44778a,POS-CBA73359,MER-269861,2026-08-19 10:25:59.111050+00:00,4274.6,1,66.4,v2.1.1,1.23,Hyderabad,17.385,78.4867,1,normal,,1.0,1.0,1.0,13.0,13.0,1.0,RING-004,4,62.5,2005.3451612903225,1883.3696992250725,3.129032258064516,1.2048908080253073,0.3195876288659794,2005.3451612903225,1883.3696992250725,3.129032258064516,1.2048908080253073,0.3195876288659794,-1,-0.07417709852720811,75.55893920189725,43.03,MEDIUM,38.55,23.972710179146063,86.49542035829212,False,"Isolation Forest anomaly; device in suspected abuse ring (RING-004, 4 devices)",NONE,P2 — Monitor
e10e5429-dac7-477b-ab72-567b6b33eda3,POS-D5F8541B,MER-EFC947,2026-08-19 04:52:12.501765+00:00,4517.64,1,393.6,v2.2.0,1.89,Bengaluru,12.9716,77.5946,1,normal,,2.0,2.0,2.0,2.0,2.0,2.0,RING-006,4,43.75,6485.0675,16745.15080656427,1.0625,0.11749237273090118,1.8823529411764706,6485.0675,16745.15080656427,1.0625,0.11749237273090118,1.8823529411764706,-1,-0.033901341765262716,64.3349215896798,42.84,MEDIUM,19.469375,9.316303608012497,38.10198221602499,True,"Isolation Forest anomaly; device in suspected abuse ring (RING-006, 4 devices)",NONE,P2 — Monitor
7e33f057-cdd0-465a-9a8d-4d8be5c320ef,POS-BB1E7F2D,MER-6350FC,2026-08-11 10:07:31.006799+00:00,8.31,2,314.3,v2.2.0,1.28,Nagpur,21.1458,79.0882,1,fraud,card_testing,3.0,3.0,3.0,3.0,4.0,3.0,RING-021,8,34.38,1259.96875,1496.4970791101885,3.7916666666666665,0.8363923775542761,0.7912087912087913,1259.96875,1496.4970791101885,3.75,0.8363923775542761,0.8,-1,-0.060697094110204075,71.80234170620034,42.78,MEDIUM,36.520833333333336,25.01408766843312,86.54900867019958,False,Isolation Forest anomaly,NONE,P2 — Monitor
9509933c-b812-49fb-9ee8-171ce7b8e6fe,POS-D5F8541B,MER-EFC947,2026-08-15 16:39:49.458326+00:00,68963.88,0,485.3,v2.2.0,0.54,Bengaluru,12.9716,77.5946,1,fraud,bust_out,1.0,1.0,1.0,1.0,1.0,1.0,RING-006,4,43.75,6485.0675,16745.15080656427,1.0625,3.731158543851852,0.9411764705882353,6485.0675,16745.15080656427,1.0625,3.731158543851852,0.9411764705882353,1,0.010105291483377576,52.07118612329065,42.69,MEDIUM,19.469375,9.316303608012497,38.10198221602499,True,"transaction amount unusual for merchant; transaction amount unusual for device; device in suspected abuse ring (RING-006, 4 devices)",NONE,P2 — Monitor
2bfffb1e-8f62-4c06-8e80-cbb573e94719,POS-CBA73359,MER-269861,2026-08-19 07:47:39.855611+00:00,15.53,2,108.2,v2.1.1,1.23,Hyderabad,17.385,78.4867,1,fraud,card_testing,2.0,2.0,2.0,2.0,2.0,2.0,RING-004,4,62.5,2005.3451612903225,1883.3696992250725,3.129032258064516,1.0565186230345789,0.6391752577319588,2005.3451612903225,1883.3696992250725,3.129032258064516,1.0565186230345789,0.6391752577319588,-1,-0.036884540961028445,65.16627729857277,42.55,MEDIUM,38.55,23.972710179146063,86.49542035829212,False,"Isolation Forest anomaly; device in suspected abuse ring (RING-004, 4 devices)",NONE,P2 — Monitor
710a3da8-9419-4929-b056-a0952221f712,POS-DEE4DD42,MER-D53081,2026-08-16 00:02:16.329269+00:00,15.0,1,319.3,v2.1.0,0.64,Mumbai,19.076,72.8777,1,fraud,card_testing,3.0,3.0,3.0,3.0,3.0,3.0,RING-016,9,33.33,1355.9837499999999,1597.4043431601071,3.0625,0.8394767146727319,0.9795918367346939,1355.9837499999999,1597.4043431601071,3.0625,0.8394767146727319,0.9795918367346939,-1,-0.049411661949792074,68.65732595693372,42.45,MEDIUM,33.758125,24.871361745603018,83.50084849120603,False,Isolation Forest anomaly,NONE,P2 — Monitor
510f656e-a997-44c1-a7b3-7d5cacef14d2,POS-75E7B52C,MER-837894,2026-08-03 23:13:23.578537+00:00,909.56,0,0.4,v2.2.0,4.85,Pune,18.5204,73.8567,0,fraud,device_spoof,1.0,1.0,1.0,1.0,2.0,1.0,RING-010,2,16.67,2526.5719230769228,1479.6875892431328,1.0,1.0928063023790258,1.0,2526.5719230769228,1479.6875892431328,1.0,1.0928063023790258,1.0,-1,-0.0018417064402160843,55.40056652202816,42.17,MEDIUM,16.554615384615385,5.850922820047607,28.2564610247106,True,Isolation Forest anomaly; IP consistency mismatch,NONE,P2 — Monitor
aaa7dbc9-3add-4aa3-aac3-ba41dc559c83,POS-47CB19EB,MER-7848E9,2026-08-14 10:09:34.297387+00:00,19.94,0,382.5,v2.2.0,0.99,Bengaluru,12.9716,77.5946,1,fraud,card_testing,3.0,3.0,3.0,3.0,3.0,3.0,RING-006,4,43.75,1519.4046666666666,3597.5861927488645,3.933333333333333,0.41679742647693085,0.7627118644067797,1519.4046666666666,3597.5861927488645,3.933333333333333,0.41679742647693085,0.7627118644067797,-1,-0.05267316008446821,69.56623780487713,41.97,MEDIUM,38.95,24.25616407131485,87.4623281426297,False,"Isolation Forest anomaly; device in suspected abuse ring (RING-006, 4 devices)",NONE,P2 — Monitor
23b33754-3dcd-4e16-9370-964356e05425,POS-6439ED84,MER-ADB4F6,2026-08-07 03:32:21.875567+00:00,40973.7,0,521.7,v2.2.0,1.14,Hyderabad,17.385,78.4867,1,fraud,bust_out,1.0,1.0,1.0,2.0,3.0,1.0,RING-026,10,25.0,3663.1566666666663,7552.159771187719,1.0,4.940380561819807,1.0,3663.1566666666663,7552.159771187719,1.0,4.940380561819807,1.0,1,0.030009787232327834,46.52421621360015,41.85,MEDIUM,16.532592592592593,6.336378237904458,29.20534906840151,True,transaction amount unusual for merchant; transaction amount unusual for device,NONE,P2 — Monitor
8041178e-ba3c-4d67-8906-77c6b8c21ffb,POS-76F7895E,MER-F17607,2026-08-05 00:55:16.515792+00:00,4121.69,0,417.2,v2.1.1,1.14,Pune,18.5204,73.8567,1,normal,,2.0,2.0,2.0,2.0,2.0,2.0,RING-018,9,25.0,2696.6915,1572.533953733591,1.05,0.906179797655049,1.9047619047619047,2696.6915,1572.533953733591,1.05,0.906179797655049,1.9047619047619047,-1,-0.026957015943300022,62.39968209085726,41.83,MEDIUM,18.163,7.527046740360986,33.21709348072197,True,Isolation Forest anomaly,NONE,P2 — Monitor
a7e86441-3b12-4a51-bd04-9936868d4f5b,POS-20AF02F8,MER-8C904C,2026-08-19 21:41:25.056155+00:00,3357.67,0,206.8,v2.1.0,2.61,Hyderabad,17.385,78.4867,1,normal,,2.0,2.0,2.0,2.0,2.0,2.0,RING-019,4,43.75,3231.963333333333,1344.4733964022246,1.0476190476190477,0.09349881299477897,1.909090909090909,3231.963333333333,1344.4733964022246,1.0476190476190477,0.09349881299477897,1.909090909090909,-1,-0.022625167993843398,61.192485961296555,41.81,MEDIUM,20.136666666666667,6.388002295971201,32.912671258609066,True,"Isolation Forest anomaly; device in suspected abuse ring (RING-019, 4 devices)",NONE,P2 — Monitor
748f799e-d617-4e11-928c-303df1d5c1f6,POS-CC8EC905,MER-15DD11,2026-08-13 10:15:51.819627+00:00,25927.44,0,717.1,v2.1.0,0.72,Hyderabad,17.385,78.4867,1,fraud,bust_out,1.0,1.0,1.0,1.0,2.0,1.0,RING-019,4,43.75,3494.4792307692305,4745.049509344173,1.0384615384615385,4.727655786321035,0.9629629629629629,3494.4792307692305,4745.049509344173,1.0,4.727655786321035,1.0,1,0.05386883584796992,39.87519448433633,41.61,MEDIUM,19.369615384615386,8.843562395672562,37.05674017596051,True,"transaction amount unusual for merchant; transaction amount unusual for device; device in suspected abuse ring (RING-019, 4 devices)",NONE,P2 — Monitor
4000909c-311b-42f9-9a4f-a27ae72910db,POS-BB11FCF8,MER-275B28,2026-08-10 02:24:41.748079+00:00,3243.34,1,51.0,v2.1.0,1.82,Mumbai,19.076,72.8777,1,normal,,2.0,2.0,2.0,2.0,2.0,2.0,RING-016,9,33.33,3716.512903225807,6293.347450815132,1.032258064516129,0.07518620367361412,1.9375,3716.512903225807,6293.347450815132,1.032258064516129,0.07518620367361412,1.9375,-1,-0.03541138897109153,64.75574040963842,41.58,MEDIUM,18.36,8.116076227668968,34.59215245533794,True,Isolation Forest anomaly,NONE,P2 — Monitor
71b96b15-e8f0-4633-a595-520a380c12eb,POS-00CFCF07,MER-73C8B8,2026-08-01 08:25:04.789164+00:00,8.01,2,463.8,v2.3.0-beta,0.48,Kolkata,22.5726,88.3639,1,fraud,card_testing,2.0,2.0,2.0,2.0,2.0,2.0,RING-025,4,43.75,1845.3763333333334,1825.8477593851055,3.2,1.0063086168542918,0.625,1845.3763333333334,1825.8477593851055,3.2,1.0063086168542918,0.625,-1,-0.05726178617247113,70.84499267302373,41.5,MEDIUM,34.71966666666666,25.13993148474099,84.99952963614865,False,"Isolation Forest anomaly; device in suspected abuse ring (RING-025, 4 devices)",NONE,P2 — Monitor
154a3c14-401b-45f9-84c9-32d2614a38ac,POS-3637119B,MER-7355A0,2026-08-11 17:09:15.441853+00:00,1469.11,1,403.3,v2.1.1,2.77,Hyderabad,17.385,78.4867,1,normal,,1.0,2.0,2.0,2.0,3.0,2.0,RING-004,4,62.5,2206.6358333333333,1319.9030668721118,1.0416666666666667,0.5587727249404094,1.92,2206.6358333333333,1319.9030668721118,1.0,0.5587727249404094,1.0,-1,-0.013478458439619034,58.64348781987732,41.38,MEDIUM,23.445833333333336,7.863644423750886,39.17312218083511,True,"Isolation Forest anomaly; device in suspected abuse ring (RING-004, 4 devices)",NONE,P2 — Monitor
af47a778-e0b5-4f31-99ba-d87904a8382a,POS-8E1D47A7,MER-9204E3,2026-08-01 18:45:38.049560+00:00,940.65,15,451.0,v2.1.0,8.22,Delhi,28.7041,77.1025,1,fraud,retry_storm,1.0,1.0,1.0,1.0,2.0,1.0,RING-024,9,41.67,3251.6025,1259.360182301579,1.0,1.8350210944231649,1.0,3251.6025,1259.360182301579,1.0,1.8350210944231649,1.0,-1,-0.031605081763651066,63.695001578923566,41.05,MEDIUM,20.143125,6.207323329476777,32.557771658953556,True,"Isolation Forest anomaly; high retry count (15); unusual device ping gap; device in suspected abuse ring (RING-024, 9 devices)",NONE,P2 — Monitor
40b0514b-e01b-476f-9024-eccb9ccd3069,POS-87D47970,MER-BF7D1A,2026-08-05 01:56:21.396968+00:00,1066.62,12,432.3,v2.1.0,14.35,Pune,18.5204,73.8567,1,fraud,retry_storm,1.0,1.0,1.0,1.0,2.0,1.0,RING-013,5,40.0,2312.5984,1583.16393007452,1.0,0.7870179305697997,1.0,2312.5984,1583.16393007452,1.0,0.7870179305697997,1.0,-1,-0.06604436796484692,73.29251596354835,41.01,MEDIUM,19.5368,5.23271417781123,30.00222835562246,True,"Isolation Forest anomaly; high retry count (12); unusual device ping gap; device in suspected abuse ring (RING-013, 5 devices)",NONE,P2 — Monitor
bdffcc1a-7ce3-4a3f-a62e-5d34b2eff0aa,POS-AB472E48,MER-7D45F8,2026-08-18 23:22:57.249724+00:00,141.73,11,375.6,v2.1.0,14.35,Bengaluru,12.9716,77.5946,1,fraud,retry_storm,1.0,1.0,1.0,1.0,3.0,1.0,RING-009,3,25.0,2290.203913043478,1339.93717819069,1.0,1.6034139122436704,1.0,2290.203913043478,1339.93717819069,1.0,1.6034139122436704,1.0,-1,-0.06389513493676469,72.69356931922987,41.0,MEDIUM,18.09565217391304,6.204437434088427,30.504527042089897,True,Isolation Forest anomaly; high retry count (11); unusual device ping gap,NONE,P2 — Monitor
b47c8f48-db9e-425c-9ca4-e6fbea90f486,POS-EF533CFF,MER-837BC2,2026-08-03 17:44:52.674072+00:00,4045.81,1,332.8,v2.2.0,1.32,Nagpur,21.1458,79.0882,1,normal,,2.0,2.0,2.0,2.0,4.0,2.0,RING-021,8,34.38,4928.874642857142,8773.393936309381,1.0714285714285714,0.10065256949223603,1.8666666666666667,4928.874642857142,8773.393936309381,1.0357142857142858,0.10065256949223603,1.9310344827586206,-1,-0.028223335942231587,62.752579196049346,40.92,MEDIUM,19.306428571428572,8.247688436784244,35.80180544499706,True,Isolation Forest anomaly,NONE,P2 — Monitor
703f58f8-8b53-4bdf-be76-286bba066d58,POS-8BA2BC27,MER-CDDE89,2026-08-17 08:35:24.466305+00:00,3340.72,0,302.3,v2.1.1,2.85,Bengaluru,12.9716,77.5946,1,normal,,2.0,2.0,2.0,2.0,2.0,2.0,RING-012,2,54.17,1555.2063157894736,1538.7944675646847,2.763157894736842,1.1603327941751067,0.7238095238095238,1555.2063157894736,1538.7944675646847,2.763157894736842,1.1603327941751067,0.7238095238095238,-1,-0.02511307840136978,61.88581496307659,40.89,MEDIUM,33.04394736842105,24.335251878646233,81.71445112571351,False,"Isolation Forest anomaly; device in suspected abuse ring (RING-012, 2 devices)",NONE,P2 — Monitor
bd6f94a3-0813-432c-8bec-30fc83285cd2,POS-0AE6C0D2,MER-897854,2026-08-20 06:24:03.146781+00:00,3.71,1,105.1,v2.1.1,0.46,Kolkata,22.5726,88.3639,1,fraud,card_testing,2.0,2.0,2.0,3.0,4.0,2.0,RING-027,3,50.0,1696.6145238095237,1639.2351669726986,2.5714285714285716,1.0327404864891596,0.7777777777777777,1696.6145238095237,1639.2351669726986,2.5714285714285716,1.0327404864891596,0.7777777777777777,-1,-0.031141144533322507,63.56571190039687,40.74,MEDIUM,31.454523809523806,23.595713459655148,78.6459507288341,False,"Isolation Forest anomaly; device in suspected abuse ring (RING-027, 3 devices)",NONE,P2 — Monitor
0cce7fc4-a3b6-46b9-80b8-1ee9b048575e,POS-28402991,MER-833A0C,2026-08-11 22:53:19.630423+00:00,8.59,2,138.9,v2.1.1,0.64,Hyderabad,17.385,78.4867,1,fraud,card_testing,2.0,2.0,2.0,2.0,2.0,2.0,RING-004,4,62.5,2395.948928571429,6941.196969839829,3.357142857142857,0.3439405248035366,0.5957446808510638,2395.948928571429,6941.196969839829,3.357142857142857,0.3439405248035366,0.5957446808510638,-1,-0.041264840763832744,66.38697595419482,40.62,MEDIUM,36.223214285714285,25.309750580969766,86.84271544765382,False,"Isolation Forest anomaly; device in suspected abuse ring (RING-004, 4 devices)",NONE,P2 — Monitor
3457c93b-5753-4156-86ca-1fb044a5709c,POS-9C17BF21,MER-B0A7FE,2026-08-18 07:27:50.663452+00:00,693.59,8,187.2,v2.1.0,19.9,Nagpur,21.1458,79.0882,1,fraud,retry_storm,1.0,1.0,1.0,2.0,3.0,1.0,RING-020,6,37.5,2096.433125,1555.471362169546,1.0,0.9018765366681758,1.0,2096.433125,1555.471362169546,1.0,0.9018765366681758,1.0,-1,-0.06187825509434253,72.13150676117853,40.58,MEDIUM,19.294375,6.434796001687491,32.16396700337498,True,Isolation Forest anomaly; high retry count (8); unusual device ping gap,NONE,P2 — Monitor
ea65392b-6139-4c64-a62a-605e88237b35,POS-EF533CFF,MER-837BC2,2026-08-01 17:00:50.747297+00:00,42954.31,0,615.8,v2.2.0,1.53,Nagpur,21.1458,79.0882,1,fraud,bust_out,1.0,1.0,1.0,1.0,2.0,1.0,RING-021,8,34.38,4928.874642857142,8773.393936309381,1.0714285714285714,4.33417621882583,0.9333333333333333,4928.874642857142,8773.393936309381,1.0357142857142858,4.33417621882583,0.9655172413793103,1,0.03659026158618717,44.69037456833903,40.55,MEDIUM,19.306428571428572,8.247688436784244,35.80180544499706,True,transaction amount unusual for merchant; transaction amount unusual for device,NONE,P2 — Monitor
89389908-6e4f-4af1-9723-bfef3217358c,POS-A9C6662D,MER-C0726A,2026-08-10 22:21:02.633212+00:00,1383.81,12,466.8,v2.3.0-beta,15.11,Pune,18.5204,73.8567,1,fraud,retry_storm,1.0,1.0,1.0,1.0,2.0,1.0,RING-015,3,25.0,2889.4030769230767,1397.7162877945416,1.0,1.0771807483897566,1.0,2889.4030769230767,1397.7162877945416,1.0,1.0771807483897566,1.0,-1,-0.07357809590341491,75.39200960107168,40.37,MEDIUM,17.993846153846157,5.739926882407529,29.473699918661215,True,Isolation Forest anomaly; high retry count (12); unusual device ping gap,NONE,P2 — Monitor
feec1d9f-e55e-42b0-aa92-b66a2d3a8ce6,POS-0FF08306,MER-2B307F,2026-08-20 22:53:56.590645+00:00,474.36,8,58.5,v2.1.1,13.74,Nagpur,21.1458,79.0882,1,fraud,retry_storm,1.0,1.0,1.0,1.0,2.0,1.0,RING-023,4,43.75,2114.260625,1525.5055281205146,1.0625,1.074988320114726,0.9411764705882353,2114.260625,1525.5055281205146,1.0,1.074988320114726,1.0,-1,-0.04566979112797109,67.6145442097154,40.31,MEDIUM,21.425,7.809184336407996,37.043368672815994,True,"Isolation Forest anomaly; high retry count (8); unusual device ping gap; device in suspected abuse ring (RING-023, 4 devices)",NONE,P2 — Monitor
d2f2c0ff-6ce9-4005-a8a4-a44ccd25de8d,POS-24B8E3FE,MER-C60B06,2026-08-12 23:07:34.175527+00:00,5.75,2,227.7,v2.3.0-beta,0.5,Bengaluru,12.9716,77.5946,1,fraud,card_testing,2.0,2.0,2.0,3.0,3.0,2.0,RING-011,7,46.43,1217.6675862068967,1391.0000955752641,3.2758620689655173,0.8712562925494941,0.6105263157894737,1217.6675862068967,1391.0000955752641,3.2758620689655173,0.8712562925494941,0.6105263157894737,-1,-0.045501959108852574,67.5677729088156,40.28,MEDIUM,34.18103448275862,25.405093885286018,84.99122225333065,False,"Isolation Forest anomaly; device in suspected abuse ring (RING-011, 7 devices)",NONE,P2 — Monitor
f86b1365-418b-44d4-9fa9-2311e9a691e3,POS-38B8A946,MER-7808DD,2026-08-08 14:05:52.471230+00:00,5.38,2,279.2,v2.3.0-beta,0.41,Nagpur,21.1458,79.0882,1,fraud,card_testing,2.0,2.0,2.0,2.0,4.0,2.0,RING-001,3,50.0,1386.8624444444445,1725.4519949779635,3.933333333333333,0.8006495970130353,0.5084745762711864,1386.8624444444445,1725.4519949779635,3.933333333333333,0.8006495970130353,0.5084745762711864,-1,-0.04589446086840232,67.67715500405596,40.13,MEDIUM,40.24911111111111,23.877341372315747,88.0037938557426,False,"Isolation Forest anomaly; device in suspected abuse ring (RING-001, 3 devices)",NONE,P2 — Monitor
2378d582-96b4-4d01-9fa1-8d1e85676025,POS-8BA2BC27,MER-CDDE89,2026-08-11 19:26:11.214191+00:00,2980.77,10,366.5,v2.1.1,17.63,Bengaluru,12.9716,77.5946,1,fraud,retry_storm,1.0,1.0,1.0,2.0,3.0,1.0,RING-012,2,54.17,1555.2063157894736,1538.7944675646847,2.763157894736842,0.9264159147040872,0.3619047619047619,1555.2063157894736,1538.7944675646847,2.763157894736842,0.9264159147040872,0.3619047619047619,-1,-0.06321190079152272,72.50316614133826,40.09,MEDIUM,33.04394736842105,24.335251878646233,81.71445112571351,False,"Isolation Forest anomaly; high retry count (10); unusual device ping gap; device in suspected abuse ring (RING-012, 2 devices)",NONE,P2 — Monitor
acb65024-fbdf-45ac-a6cc-4c9e9492baca,POS-77B485D3,MER-340AFB,2026-08-19 12:19:00.747021+00:00,13.88,2,75.0,v2.1.0,0.91,Delhi,28.7041,77.1025,1,fraud,card_testing,2.0,2.0,2.0,2.0,4.0,2.0,RING-024,9,41.67,1683.6415625,1847.451964654002,3.125,0.9038186618360706,0.64,1683.6415625,1847.451964654002,3.09375,0.9038186618360706,0.6464646464646465,-1,-0.04591877968365865,67.68393215320697,39.87,MEDIUM,33.5609375,24.392819588555945,82.3465766771119,False,"Isolation Forest anomaly; device in suspected abuse ring (RING-024, 9 devices)",NONE,P2 — Monitor
5a7f5a9d-d617-41f2-8381-a4d1928095b0,POS-4167FD28,MER-DA1B0B,2026-08-08 14:08:01.406336+00:00,249.9,1,234.2,v2.1.0,0.61,Delhi,28.7041,77.1025,1,normal,,1.0,2.0,2.0,3.0,3.0,2.0,RING-024,9,41.67,2407.5508695652175,1709.6610481929745,1.0434782608695652,1.2620342914437606,1.9166666666666667,2407.5508695652175,1709.6610481929745,1.0,1.2620342914437606,1.0,-1,-0.008186846474347642,57.16882537600875,39.84,MEDIUM,19.488260869565217,4.861600608267641,29.211462086100497,True,"Isolation Forest anomaly; device in suspected abuse ring (RING-024, 9 devices)",NONE,P2 — Monitor
fb904150-028e-4aee-8e94-92ddc53046c5,POS-8BA2BC27,MER-CDDE89,2026-08-09 10:40:48.257209+00:00,2.83,1,316.3,v2.1.1,0.69,Bengaluru,12.9716,77.5946,1,fraud,card_testing,2.0,2.0,2.0,2.0,4.0,2.0,RING-012,2,54.17,1555.2063157894736,1538.7944675646847,2.763157894736842,1.008826291302102,0.7238095238095238,1555.2063157894736,1538.7944675646847,2.763157894736842,1.008826291302102,0.7238095238095238,-1,-0.017466358722321274,59.754832872271436,39.69,MEDIUM,33.04394736842105,24.335251878646233,81.71445112571351,False,"Isolation Forest anomaly; device in suspected abuse ring (RING-012, 2 devices)",NONE,P2 — Monitor
6dddab4c-a371-4df7-8ae0-553f1430ccf0,POS-0E673AA4,MER-A73341,2026-08-12 19:03:11.243940+00:00,2309.59,14,208.1,v2.2.0,17.37,Hyderabad,17.385,78.4867,1,fraud,retry_storm,1.0,1.0,1.0,1.0,1.0,1.0,RING-026,10,25.0,2706.7585185185185,1346.115097509821,1.0,0.2950479637686559,1.0,2706.7585185185185,1346.115097509821,1.0,0.2950479637686559,1.0,-1,-0.09019177618226526,80.02189752982575,39.64,MEDIUM,17.691481481481482,5.428640362221113,28.54876220592371,True,Isolation Forest anomaly; high retry count (14); unusual device ping gap,NONE,P2 — Monitor
48c7c26e-f556-46b1-a0c4-0f294edec9dd,POS-4A5BFB60,MER-B81D68,2026-08-15 02:20:37.033535+00:00,610.16,1,480.9,v2.1.1,0.7,Chennai,13.0827,80.2707,1,normal,,1.0,2.0,2.0,3.0,4.0,2.0,RING-007,5,25.0,2329.5060000000003,1429.785087061394,1.05,1.2025205854774543,1.9047619047619047,2329.5060000000003,1429.785087061394,1.0,1.2025205854774543,1.0,-1,-0.03370284879884111,64.27960571903867,39.62,MEDIUM,17.424,6.85383979970352,31.13167959940704,True,Isolation Forest anomaly,NONE,P2 — Monitor
caa83d8e-9b7c-47c1-ade5-f00589b74fcd,POS-FA8E124D,MER-079B19,2026-08-19 12:12:42.728253+00:00,19.9,2,53.3,v2.1.1,0.52,Delhi,28.7041,77.1025,1,fraud,card_testing,2.0,2.0,2.0,2.0,2.0,2.0,RING-014,11,45.45,1983.6056250000001,3685.2812280983103,3.0625,0.5328509558586163,0.6530612244897959,1983.6056250000001,3685.2812280983103,3.0625,0.5328509558586163,0.6530612244897959,-1,-0.04814415028627328,68.30409675955045,39.59,MEDIUM,32.511875,25.41684372139988,83.34556244279976,False,"Isolation Forest anomaly; device in suspected abuse ring (RING-014, 11 devices)",NONE,P2 — Monitor
a0e4192b-bc1b-4343-b377-44f877ab9b62,POS-862B6369,MER-4CCB87,2026-08-05 03:45:46.351681+00:00,23506.72,0,514.2,v2.1.1,1.69,Nagpur,21.1458,79.0882,1,fraud,bust_out,1.0,1.0,1.0,2.0,2.0,1.0,RING-023,4,43.75,2990.968,4485.3914679044465,1.0,4.573904451105772,1.0,2990.968,4485.3914679044465,1.0,4.573904451105772,1.0,1,0.07143028460664097,34.98118314822613,39.53,MEDIUM,18.9128,5.194699638413499,29.302199276826997,True,"transaction amount unusual for merchant; transaction amount unusual for device; device in suspected abuse ring (RING-023, 4 devices)",NONE,P2 — Monitor
8a925e0d-0e4a-41ad-84ca-ac2768ede727,POS-10016958,MER-25A16E,2026-08-12 18:38:55.147632+00:00,8.15,1,131.7,v2.1.1,1.39,Delhi,28.7041,77.1025,1,fraud,card_testing,2.0,2.0,2.0,4.0,4.0,2.0,RING-014,11,45.45,1364.4054838709678,1433.3486462124017,3.161290322580645,0.9462146473956973,0.6326530612244898,1364.4054838709678,1433.3486462124017,3.129032258064516,0.9462146473956973,0.6391752577319588,-1,-0.03446045221221106,64.49073406865605,39.41,MEDIUM,34.15806451612904,24.96172475602796,84.08151402818496,False,"Isolation Forest anomaly; device in suspected abuse ring (RING-014, 11 devices)",NONE,P2 — Monitor
878f4537-854b-46d0-b123-e61ab539ec4a,POS-FD4A2FB5,MER-DB7A61,2026-08-12 00:30:40.718554+00:00,859.54,7,277.1,v2.1.1,12.99,Delhi,28.7041,77.1025,1,fraud,retry_storm,1.0,1.0,1.0,1.0,2.0,1.0,RING-014,11,45.45,2410.3005263157893,1307.1907639985225,1.0,1.1863306940543394,1.0,2410.3005263157893,1307.1907639985225,1.0,1.1863306940543394,1.0,-1,-0.028555520049311278,62.84515201325049,39.37,MEDIUM,20.731052631578947,5.289137605336727,31.3093278422524,True,"Isolation Forest anomaly; high retry count (7); unusual device ping gap; device in suspected abuse ring (RING-014, 11 devices)",NONE,P2 — Monitor
f6c4135a-93bc-4fc3-99fe-df904099487a,POS-00CFCF07,MER-73C8B8,2026-08-01 11:24:05.090866+00:00,3598.5,0,44.7,v2.3.0-beta,0.64,Kolkata,22.5726,88.3639,1,normal,,1.0,1.0,1.0,13.0,13.0,1.0,RING-025,4,43.75,1845.3763333333334,1825.8477593851055,3.2,0.9601696842770011,0.3125,1845.3763333333334,1825.8477593851055,3.2,0.9601696842770011,0.3125,-1,-0.07198649834569248,74.94846439036274,39.24,MEDIUM,34.71966666666666,25.13993148474099,84.99952963614865,False,"Isolation Forest anomaly; device in suspected abuse ring (RING-025, 4 devices)",NONE,P2 — Monitor
2ca99bb2-960e-44c3-90e2-aa097086f83c,POS-CD16D1EF,MER-7BDF7F,2026-08-03 04:40:22.558276+00:00,35728.63,0,668.6,v2.1.0,1.08,Mumbai,19.076,72.8777,1,fraud,bust_out,1.0,1.0,1.0,1.0,3.0,1.0,RING-016,9,33.33,4621.045625,8334.45496058618,1.0,3.7324077605684414,1.0,4621.045625,8334.45496058618,1.0,3.7324077605684414,1.0,1,0.033298914341513,45.607604743814,39.16,MEDIUM,16.013125,6.4063361538922265,28.825797307784452,True,transaction amount unusual for merchant; transaction amount unusual for device,NONE,P2 — Monitor
e2e3fc36-3716-4edb-83ea-f9480c112ce2,POS-BB1E7F2D,MER-6350FC,2026-08-11 16:27:05.067840+00:00,3112.0,0,362.3,v2.2.0,1.3,Nagpur,21.1458,79.0882,1,normal,,1.0,2.0,2.0,2.0,15.0,2.0,RING-021,8,34.38,1259.96875,1496.4970791101885,3.7916666666666665,1.2375775909306892,0.5274725274725275,1259.96875,1496.4970791101885,3.75,1.2375775909306892,0.26666666666666666,-1,-0.06602440170930213,73.2869517824652,39.01,MEDIUM,36.520833333333336,25.01408766843312,86.54900867019958,False,Isolation Forest anomaly,NONE,P2 — Monitor
70ef1d47-be60-4137-a819-c17c49856b67,POS-0FF08306,MER-2B307F,2026-08-14 11:06:02.175377+00:00,3691.81,0,64.7,v2.1.1,2.09,Nagpur,21.1458,79.0882,1,normal,,1.0,2.0,2.0,2.0,3.0,2.0,RING-023,4,43.75,2114.260625,1525.5055281205146,1.0625,1.0341158035288183,1.8823529411764706,2114.260625,1525.5055281205146,1.0,1.0341158035288183,1.0,-1,-0.004031871207553994,56.010919992666985,38.97,MEDIUM,21.425,7.809184336407996,37.043368672815994,True,"Isolation Forest anomaly; device in suspected abuse ring (RING-023, 4 devices)",NONE,P2 — Monitor
52fa7aab-6d57-4f48-a914-a7a30a283001,POS-A22B806C,MER-66332B,2026-08-10 05:19:21.514054+00:00,10.16,1,48.4,v2.1.1,0.35,Delhi,28.7041,77.1025,1,fraud,card_testing,2.0,2.0,2.0,2.0,3.0,2.0,RING-014,11,45.45,1636.4144444444446,1713.4661851982808,3.4444444444444446,0.9491021524047502,0.5806451612903225,1636.4144444444446,1713.4661851982808,3.4444444444444446,0.9491021524047502,0.5806451612903225,-1,-0.03266240009775945,63.98965425730516,38.96,MEDIUM,35.495925925925924,25.35330159948211,86.20252912489013,False,"Isolation Forest anomaly; device in suspected abuse ring (RING-014, 11 devices)",NONE,P2 — Monitor
bc0a1ddc-48fd-4668-b38d-746c40ebf8dd,POS-43D83AB1,MER-C30AE6,2026-08-19 05:07:06.496524+00:00,3607.88,0,245.7,v2.2.0,2.74,Kolkata,22.5726,88.3639,1,normal,,1.0,2.0,2.0,3.0,5.0,2.0,RING-002,6,37.5,2353.4546666666665,1802.5946648569043,1.0333333333333334,0.6958998369347298,1.9354838709677418,2353.4546666666665,1802.5946648569043,1.0,0.6958998369347298,1.0,-1,-0.02257611688111827,61.17881643408246,38.96,MEDIUM,19.662333333333333,4.768328474086241,29.198990281505814,True,Isolation Forest anomaly,NONE,P2 — Monitor
d6653dea-ddc9-492c-adfc-08a3b9e91934,POS-F66B7F18,MER-589763,2026-08-04 13:59:16.501057+00:00,41514.16,0,452.2,v2.2.0,0.83,Pune,18.5204,73.8567,1,fraud,bust_out,1.0,1.0,1.0,2.0,2.0,1.0,RING-029,2,16.67,3904.3323076923075,7808.694171780226,1.0,4.816404236732121,1.0,3904.3323076923075,7808.694171780226,1.0,4.816404236732121,1.0,1,0.044754558406088274,42.41515446907268,38.8,MEDIUM,14.288076923076924,6.1023313703736335,26.49273966382419,True,transaction amount unusual for merchant; transaction amount unusual for device,NONE,P2 — Monitor
944cfed8-11ae-4281-9d12-0ed39dc2836a,POS-D8B3BBA8,MER-81983E,2026-08-02 20:48:52.427237+00:00,3572.74,1,426.3,v2.3.0-beta,0.86,Hyderabad,17.385,78.4867,1,normal,,1.0,2.0,2.0,3.0,5.0,2.0,RING-028,4,25.0,2736.123870967742,1441.0192703006608,1.032258064516129,0.5805724782970477,1.9375,2736.123870967742,1441.0192703006608,1.0,0.5805724782970477,1.0,-1,-0.04343182096574094,66.99086836757152,38.78,MEDIUM,17.49258064516129,5.056241665995231,27.60506397715175,True,Isolation Forest anomaly,NONE,P2 — Monitor
9f251ced-65b5-473a-af5f-773c1265fbf3,POS-D1DB24C2,MER-26B633,2026-08-16 15:59:25.228138+00:00,75968.88,0,405.4,v2.3.0-beta,1.78,Hyderabad,17.385,78.4867,1,fraud,bust_out,1.0,1.0,1.0,1.0,1.0,1.0,RING-028,4,25.0,6548.152105263159,16881.03344522471,1.0,4.11235059275204,1.0,6548.152105263159,16881.03344522471,1.0,4.11235059275204,1.0,1,0.0367969758970782,44.63276757960256,38.71,MEDIUM,17.966315789473686,7.500438661635671,32.96719311274503,True,transaction amount unusual for merchant; transaction amount unusual for device,NONE,P2 — Monitor
659413f6-8a85-4b20-855e-e39ed105d13d,POS-77136499,MER-3E00AA,2026-08-04 16:47:36.719786+00:00,1475.08,8,80.8,v2.3.0-beta,12.3,Bengaluru,12.9716,77.5946,1,fraud,retry_storm,1.0,1.0,1.0,2.0,3.0,1.0,RING-011,7,46.43,2390.249677419355,1216.2380455472353,1.0,0.7524593403157215,1.0,2390.249677419355,1216.2380455472353,1.0,0.7524593403157215,1.0,-1,-0.03336669675291326,64.1859271196227,38.69,MEDIUM,20.408709677419353,4.768813089183711,29.946335855786774,True,"Isolation Forest anomaly; high retry count (8); unusual device ping gap; device in suspected abuse ring (RING-011, 7 devices)",NONE,P2 — Monitor
a485ad60-5513-451e-b844-3f582f12a9cf,POS-F1C56238,MER-7963AE,2026-08-18 16:37:13.905420+00:00,2663.91,8,380.5,v2.2.0,19.28,Kolkata,22.5726,88.3639,1,fraud,retry_storm,1.0,1.0,1.0,1.0,1.0,1.0,RING-002,6,37.5,2875.792105263158,1514.0734319803169,1.0,0.13994176292098945,1.0,2875.792105263158,1514.0734319803169,1.0,0.13994176292098945,1.0,-1,-0.06520078606419821,73.05742719374092,38.61,MEDIUM,19.767894736842106,5.239694201156918,30.24728313915594,True,Isolation Forest anomaly; high retry count (8); unusual device ping gap,NONE,P2 — Monitor
9515e3c9-7de2-4c69-bb56-872cc0cd4084,POS-C72F113B,MER-DDFFD5,2026-08-02 00:07:33.593016+00:00,17.97,1,361.0,v2.3.0-beta,0.38,Bengaluru,12.9716,77.5946,1,fraud,card_testing,2.0,2.0,2.0,3.0,4.0,2.0,RING-011,7,46.43,1195.0918518518517,1432.7435241737523,3.4444444444444446,0.8215858819049174,0.5806451612903225,1195.0918518518517,1432.7435241737523,3.4444444444444446,0.8215858819049174,0.5806451612903225,-1,-0.027942521017412014,62.674321903937425,38.27,MEDIUM,36.135185185185186,25.161801386284907,86.45878795775499,False,"Isolation Forest anomaly; device in suspected abuse ring (RING-011, 7 devices)",NONE,P2 — Monitor
068b3f41-b9d2-462d-bcc1-1a84f39962cc,POS-0AE6C0D2,MER-897854,2026-08-20 07:51:10.440300+00:00,1793.63,0,454.9,v2.1.1,0.87,Kolkata,22.5726,88.3639,1,normal,,1.0,1.0,1.0,14.0,15.0,1.0,RING-027,3,50.0,1696.6145238095237,1639.2351669726986,2.5714285714285716,0.05918337902037713,0.38888888888888884,1696.6145238095237,1639.2351669726986,2.5714285714285716,0.05918337902037713,0.38888888888888884,-1,-0.07597224262127178,76.05920860831289,38.24,MEDIUM,31.454523809523806,23.595713459655148,78.6459507288341,False,"Isolation Forest anomaly; device in suspected abuse ring (RING-027, 3 devices)",NONE,P2 — Monitor
eb7102e2-93e7-4b80-97d9-40a620503d43,POS-C2744B6C,MER-4093C0,2026-08-03 03:23:41.971967+00:00,11.61,1,42.5,v2.1.1,1.5,Nagpur,21.1458,79.0882,1,fraud,card_testing,2.0,2.0,2.0,2.0,2.0,2.0,RING-023,4,43.75,1419.55,1594.3698370065363,3.0,0.8830698921421128,0.6666666666666666,1419.55,1594.3698370065363,3.0,0.8830698921421128,0.6666666666666666,-1,-0.02518035966426535,61.90456485483345,38.21,MEDIUM,31.704545454545453,24.882663780595955,81.46987301573736,False,"Isolation Forest anomaly; device in suspected abuse ring (RING-023, 4 devices)",NONE,P2 — Monitor
59df420d-ec59-46e4-b4f9-f1a9c1e4f972,POS-849A1C0F,MER-D8D0DA,2026-08-05 04:43:52.207890+00:00,2458.55,9,54.4,v2.1.0,16.28,Delhi,28.7041,77.1025,1,fraud,retry_storm,1.0,1.0,1.0,1.0,1.0,1.0,RING-024,9,41.67,2241.800909090909,1670.974591476794,1.0454545454545454,0.12971417519732004,0.9565217391304348,2241.800909090909,1670.974591476794,1.0454545454545454,0.12971417519732004,0.9565217391304348,-1,-0.05606511092440791,70.5115041146397,38.1,MEDIUM,22.265,10.698373596909375,43.661747193818755,False,"Isolation Forest anomaly; high retry count (9); unusual device ping gap; device in suspected abuse ring (RING-024, 9 devices)",NONE,P2 — Monitor
e56596b2-8d78-40fd-af0a-a7aa3181ff15,POS-055D6FBC,MER-294500,2026-08-19 19:09:44.472938+00:00,5.93,1,198.9,v2.2.0,0.57,Kolkata,22.5726,88.3639,1,fraud,card_testing,2.0,2.0,2.0,3.0,3.0,2.0,RING-002,6,37.5,1649.753846153846,1628.2081136322763,2.6923076923076925,1.0095907472704662,0.7428571428571428,1649.753846153846,1628.2081136322763,2.6923076923076925,1.0095907472704662,0.7428571428571428,-1,-0.023994761474406157,61.57416324270121,37.92,MEDIUM,30.974102564102566,24.287905449978563,79.5499134640597,False,Isolation Forest anomaly,NONE,P2 — Monitor
a145d195-1256-4ad8-bb4d-c83073451b9d,POS-38B8A946,MER-7808DD,2026-08-05 03:09:39.490513+00:00,18.39,0,109.3,v2.3.0-beta,0.72,Nagpur,21.1458,79.0882,1,fraud,card_testing,2.0,2.0,2.0,2.0,2.0,2.0,RING-001,3,50.0,1386.8624444444445,1725.4519949779635,3.933333333333333,0.7931095437180921,0.5084745762711864,1386.8624444444445,1725.4519949779635,3.933333333333333,0.7931095437180921,0.5084745762711864,-1,-0.019214326247475877,60.24195514793422,37.51,MEDIUM,40.24911111111111,23.877341372315747,88.0037938557426,False,"Isolation Forest anomaly; device in suspected abuse ring (RING-001, 3 devices)",NONE,P2 — Monitor
e308dbc1-d19e-4315-8052-cbc06db05f0c,POS-81C99677,MER-2280B3,2026-08-09 18:59:51.332708+00:00,16.66,0,267.7,v2.1.0,0.68,Nagpur,21.1458,79.0882,1,fraud,card_testing,2.0,2.0,2.0,2.0,2.0,2.0,RING-020,6,37.5,2000.400487804878,1774.8479734937175,2.6097560975609757,1.1176960040695563,0.7663551401869159,2000.400487804878,1774.8479734937175,2.6097560975609757,1.1176960040695563,0.7663551401869159,-1,-0.010817666897858347,57.9019804335933,37.08,MEDIUM,30.200000000000003,23.373679000106083,76.94735800021218,False,Isolation Forest anomaly,NONE,P2 — Monitor
a1851685-0d30-4705-bb61-e7e63747b96d,POS-CC26C0E8,MER-0D1C10,2026-08-08 17:57:14.629757+00:00,18.05,1,216.6,v2.1.0,0.98,Delhi,28.7041,77.1025,1,fraud,card_testing,2.0,2.0,2.0,2.0,3.0,2.0,RING-024,9,41.67,1473.9082857142857,1535.6094075326762,2.8857142857142857,0.9480654902039642,0.6930693069306931,1473.9082857142857,1535.6094075326762,2.8857142857142857,0.9480654902039642,0.6930693069306931,-1,-0.012381308058493135,58.33773477658147,36.98,MEDIUM,31.180285714285713,24.691913475719875,80.56411266572546,False,"Isolation Forest anomaly; device in suspected abuse ring (RING-024, 9 devices)",NONE,P2 — Monitor
30dc9154-cee1-42e0-87a3-1921e60131c3,POS-D9E1B170,MER-4FA9A0,2026-08-09 06:55:54.067004+00:00,3167.34,0,359.5,v2.1.1,1.46,Delhi,28.7041,77.1025,1,normal,,1.0,2.0,2.0,2.0,2.0,2.0,RING-014,11,45.45,2200.721052631579,1555.0615326799943,1.0526315789473684,0.6215953047867818,1.9000000000000001,2200.721052631579,1555.0615326799943,1.0,0.6215953047867818,1.0,1,0.008978838981388737,52.385105059597144,36.77,MEDIUM,20.466842105263158,4.595448294697675,29.65773869465851,True,"device in suspected abuse ring (RING-014, 11 devices)",NONE,P2 — Monitor
f0847316-2b03-4f3f-aad4-5b41646d556e,POS-520C7452,MER-52D41B,2026-08-17 04:00:23.475651+00:00,102.94,1,338.8,v2.2.0,2.83,Kolkata,22.5726,88.3639,1,normal,,1.0,2.0,2.0,2.0,2.0,2.0,RING-002,6,37.5,4524.104761904762,9397.87505916982,1.0476190476190477,0.4704430239887989,1.909090909090909,4524.104761904762,9397.87505916982,1.0,0.4704430239887989,1.0,-1,-0.007627945994541863,57.013071410517924,36.76,MEDIUM,18.61,7.487362018762015,33.584724037524026,True,Isolation Forest anomaly,NONE,P2 — Monitor
6fa0b72c-9e30-4d98-abfb-a4451f158213,POS-47CB19EB,MER-7848E9,2026-08-16 12:19:01.093347+00:00,10.37,2,235.5,v2.2.0,1.08,Bengaluru,12.9716,77.5946,1,fraud,card_testing,2.0,2.0,2.0,2.0,2.0,2.0,RING-006,4,43.75,1519.4046666666666,3597.5861927488645,3.933333333333333,0.4194575434240353,0.5084745762711864,1519.4046666666666,3597.5861927488645,3.933333333333333,0.4194575434240353,0.5084745762711864,-1,-0.03236303636100524,63.906227796229615,36.73,MEDIUM,38.95,24.25616407131485,87.4623281426297,False,"Isolation Forest anomaly; device in suspected abuse ring (RING-006, 4 devices)",NONE,P2 — Monitor
587ea297-5e17-4ebb-bd53-08535cf095a4,POS-EF533CFF,MER-837BC2,2026-08-09 10:54:24.080514+00:00,1926.52,0,484.9,v2.2.0,1.34,Nagpur,21.1458,79.0882,1,normal,,1.0,2.0,2.0,3.0,3.0,2.0,RING-021,8,34.38,4928.874642857142,8773.393936309381,1.0714285714285714,0.3422113112271935,1.8666666666666667,4928.874642857142,8773.393936309381,1.0357142857142858,0.3422113112271935,0.9655172413793103,-1,-0.018035315870226554,59.913389422466906,36.73,MEDIUM,19.306428571428572,8.247688436784244,35.80180544499706,True,Isolation Forest anomaly,NONE,P2 — Monitor
8939fadc-f861-4699-82c6-3c0db7a4a567,POS-FB95985B,MER-7765F7,2026-08-17 04:51:18.592271+00:00,15.57,0,75.5,v2.1.0,1.37,Hyderabad,17.385,78.4867,1,fraud,card_testing,2.0,2.0,2.0,2.0,2.0,2.0,RING-019,4,43.75,1458.8658620689655,1716.3588127726284,3.2758620689655173,0.8409056727115507,0.6105263157894737,1458.8658620689655,1716.3588127726284,3.2758620689655173,0.8409056727115507,0.6105263157894737,-1,-0.013621911794161279,58.683465292862635,36.68,MEDIUM,34.471724137931034,25.05971554806147,84.59115523405397,False,"Isolation Forest anomaly; device in suspected abuse ring (RING-019, 4 devices)",NONE,P2 — Monitor
0294738c-59f5-4c46-81e9-fda4583bebcf,POS-6C1EE20B,MER-F3F810,2026-08-02 18:27:38.275880+00:00,4844.85,0,109.0,v2.1.1,1.53,Bengaluru,12.9716,77.5946,1,normal,,1.0,1.0,2.0,3.0,6.0,1.0,RING-012,2,54.17,2743.9433333333336,1464.1383850657412,1.0,1.4349099020256435,1.0,2743.9433333333336,1464.1383850657412,1.0,1.4349099020256435,1.0,1,0.02040125705246454,49.20191417974259,36.65,MEDIUM,22.026363636363637,4.490841943737985,31.008047523839608,True,"device in suspected abuse ring (RING-012, 2 devices)",NONE,P2 — Monitor
cd7e2482-642f-4e9c-a4c4-b758357e4fa5,POS-5E1A46C9,MER-4361C1,2026-08-15 21:00:46.187824+00:00,1414.97,15,56.5,v2.1.1,8.06,Delhi,28.7041,77.1025,1,fraud,retry_storm,1.0,1.0,1.0,1.0,2.0,1.0,RING-014,11,45.45,2006.07375,1549.3443832489277,1.0,0.3815186322620369,1.0,2006.07375,1549.3443832489277,1.0,0.3815186322620369,1.0,-1,-0.024288392150879634,61.65599201884824,36.54,MEDIUM,20.794999999999998,5.291356473848018,31.377712947696033,True,"Isolation Forest anomaly; high retry count (15); unusual device ping gap; device in suspected abuse ring (RING-014, 11 devices)",NONE,P2 — Monitor
bb320cf7-77e8-4701-8f3f-e9e35d73361d,POS-6EAB7795,MER-39C88B,2026-08-09 16:20:44.344381+00:00,77907.93,0,454.3,v2.2.0,1.96,Chennai,13.0827,80.2707,1,fraud,bust_out,1.0,1.0,1.0,1.0,1.0,1.0,RING-010,2,16.67,7477.098666666667,19538.09477185563,1.0,3.6047952554098575,1.0,7477.098666666667,19538.09477185563,1.0,3.6047952554098575,1.0,1,0.03103299694530759,46.23906890010937,36.5,MEDIUM,13.87,6.331068517353811,26.53213703470762,True,transaction amount unusual for merchant; transaction amount unusual for device,NONE,P2 — Monitor
7dba98fe-b6e9-47d0-bd84-7f52457908b7,POS-FB95985B,MER-7765F7,2026-08-03 16:31:55.860231+00:00,1763.49,7,108.5,v2.1.0,18.53,Hyderabad,17.385,78.4867,1,fraud,retry_storm,1.0,1.0,1.0,1.0,4.0,1.0,RING-019,4,43.75,1458.8658620689655,1716.3588127726284,3.2758620689655173,0.17748278254180472,0.30526315789473685,1458.8658620689655,1716.3588127726284,3.2758620689655173,0.17748278254180472,0.30526315789473685,-1,-0.0680927934691351,73.86336964293022,36.47,MEDIUM,34.471724137931034,25.05971554806147,84.59115523405397,False,"Isolation Forest anomaly; high retry count (7); unusual device ping gap; device in suspected abuse ring (RING-019, 4 devices)",NONE,P2 — Monitor
bb376813-9f26-49ad-8480-dbf664438f12,POS-8E784FDD,MER-40A230,2026-08-10 11:30:07.388859+00:00,7.85,0,324.3,v2.1.0,0.32,Pune,18.5204,73.8567,1,fraud,card_testing,2.0,2.0,2.0,2.0,2.0,2.0,RING-013,5,40.0,1398.7704,1654.9535016189025,3.64,0.8404589002889684,0.5494505494505494,1398.7704,1654.9535016189025,3.64,0.8404589002889684,0.5494505494505494,-1,-0.01935921875553126,60.28233368313851,36.37,MEDIUM,36.147200000000005,25.107808964543285,86.36281792908657,False,"Isolation Forest anomaly; device in suspected abuse ring (RING-013, 5 devices)",NONE,P2 — Monitor
6624b716-0960-4727-a211-d6a4fda896ed,POS-659CC7FB,MER-F997E8,2026-08-19 10:33:10.576401+00:00,871.43,0,73.8,v2.1.1,2.28,Mumbai,19.076,72.8777,1,normal,,1.0,2.0,2.0,2.0,3.0,2.0,RING-005,6,25.0,2278.12875,1128.9434441510639,1.0625,1.2460311960603137,1.8823529411764706,2278.12875,1128.9434441510639,1.0,1.2460311960603137,1.0,1,0.0006152479089004403,54.7158643313308,36.34,MEDIUM,15.915,5.965030315653617,27.845060631307234,True,No strong risk signals detected,NONE,P2 — Monitor
246c4507-a812-4b87-9c03-4b92d0c5fe06,POS-DEE4DD42,MER-D53081,2026-08-16 00:02:14.859000+00:00,13.13,1,123.0,v2.1.0,0.68,Mumbai,19.076,72.8777,1,fraud,card_testing,2.0,2.0,2.0,2.0,2.0,2.0,RING-016,9,33.33,1355.9837499999999,1597.4043431601071,3.0625,0.8406473637998655,0.6530612244897959,1355.9837499999999,1597.4043431601071,3.0625,0.8406473637998655,0.6530612244897959,-1,-0.02229380266319292,61.10014132009509,36.17,MEDIUM,33.758125,24.871361745603018,83.50084849120603,False,Isolation Forest anomaly,NONE,P2 — Monitor
06b2d58f-3d8c-41d7-aadf-41db8976c6e7,POS-BC359428,MER-C5AB1A,2026-08-17 09:36:02.911948+00:00,51728.98,0,493.8,v2.1.0,1.41,Kolkata,22.5726,88.3639,1,fraud,bust_out,1.0,1.0,1.0,1.0,2.0,1.0,RING-022,4,25.0,6720.262857142858,13005.610356786223,1.0,3.4607154841734866,1.0,6720.262857142858,13005.610356786223,1.0,3.4607154841734866,1.0,1,0.042875130079047474,42.93891214216345,36.16,MEDIUM,15.421428571428573,6.16431149957043,27.750051570569433,True,transaction amount unusual for merchant; transaction amount unusual for device,NONE,P2 — Monitor
5b54c143-7139-4500-a538-659e83f737c3,POS-778516AB,MER-714018,2026-08-04 11:18:33.024190+00:00,32636.56,0,439.1,v2.1.0,1.86,Delhi,28.7041,77.1025,1,fraud,bust_out,1.0,1.0,1.0,1.0,3.0,1.0,RING-024,9,41.67,4363.267142857143,6604.651844836443,1.0,4.2808150257378195,1.0,4363.267142857143,6604.651844836443,1.0,4.2808150257378195,1.0,1,0.09464244984243297,28.512434392885634,36.07,MEDIUM,18.09857142857143,5.045766825482808,28.190105079537044,True,"transaction amount unusual for merchant; transaction amount unusual for device; device in suspected abuse ring (RING-024, 9 devices)",NONE,P2 — Monitor
07299b48-0d58-4c81-a8c0-402f238f83b6,POS-8E784FDD,MER-40A230,2026-08-17 08:09:36.372447+00:00,321.98,7,312.1,v2.1.0,16.36,Pune,18.5204,73.8567,1,fraud,retry_storm,1.0,1.0,1.0,1.0,1.0,1.0,RING-013,5,40.0,1398.7704,1654.9535016189025,3.64,0.6506469208631337,0.2747252747252747,1398.7704,1654.9535016189025,3.64,0.6506469208631337,0.2747252747252747,-1,-0.05406614190316028,69.95443293076664,35.81,MEDIUM,36.147200000000005,25.107808964543285,86.36281792908657,False,"Isolation Forest anomaly; high retry count (7); unusual device ping gap; device in suspected abuse ring (RING-013, 5 devices)",NONE,P2 — Monitor
67c35463-dbb5-449a-a0f5-b045885b43b2,POS-FA8E124D,MER-079B19,2026-08-19 17:04:01.641864+00:00,2175.08,0,227.1,v2.1.1,1.28,Delhi,28.7041,77.1025,1,normal,,1.0,1.0,1.0,13.0,13.0,1.0,RING-014,11,45.45,1983.6056250000001,3685.2812280983103,3.0625,0.051956516517683765,0.32653061224489793,1983.6056250000001,3685.2812280983103,3.0625,0.051956516517683765,0.32653061224489793,-1,-0.05721897875443449,70.83306313395094,35.4,MEDIUM,32.511875,25.41684372139988,83.34556244279976,False,"Isolation Forest anomaly; device in suspected abuse ring (RING-014, 11 devices)",NONE,P2 — Monitor
76146942-b834-4f0b-878f-686f5eaebe8a,POS-8D15D2C5,MER-4A3FBD,2026-08-16 02:47:26.374454+00:00,2129.28,0,31.9,v2.1.0,1.13,Nagpur,21.1458,79.0882,1,normal,,1.0,2.0,2.0,2.0,2.0,2.0,RING-020,6,37.5,2349.989090909091,1147.410513700966,1.0454545454545454,0.19235407752818545,1.9130434782608696,2349.989090909091,1147.410513700966,1.0,0.19235407752818545,1.0,-1,-0.0006229248459814762,55.060917383714234,35.26,MEDIUM,18.293636363636363,4.490589679651847,27.274815722940055,True,Isolation Forest anomaly,NONE,P2 — Monitor
a8ec0298-6893-42f0-8d80-489c16fb2d3c,POS-CDFD9F1A,MER-243265,2026-08-05 04:44:29.473595+00:00,3701.18,0,430.7,v2.1.0,2.03,Bengaluru,12.9716,77.5946,1,normal,,1.0,2.0,2.0,2.0,3.0,2.0,RING-009,3,25.0,2563.954074074074,1614.56187130479,1.037037037037037,0.7043557426553678,1.9285714285714286,2563.954074074074,1614.56187130479,1.0,0.7043557426553678,1.0,-1,-0.0016683626071499758,55.35225919296162,35.06,MEDIUM,18.13037037037037,5.241192231868242,28.612754834106852,True,Isolation Forest anomaly,NONE,P2 — Monitor
b6c74efe-816c-427c-b8ac-e2a1120179f7,POS-BB1E7F2D,MER-6350FC,2026-08-11 10:07:30.288797+00:00,10.39,1,371.3,v2.2.0,1.0,Nagpur,21.1458,79.0882,1,fraud,card_testing,2.0,2.0,2.0,2.0,3.0,2.0,RING-021,8,34.38,1259.96875,1496.4970791101885,3.7916666666666665,0.8350024650519162,0.5274725274725275,1259.96875,1496.4970791101885,3.75,0.8350024650519162,0.5333333333333333,-1,-0.015674881563176535,59.25558536452194,35.05,MEDIUM,36.520833333333336,25.01408766843312,86.54900867019958,False,Isolation Forest anomaly,NONE,P2 — Monitor
6e638d67-61a4-4a75-80eb-b9b48af4aa72,POS-70A8C312,MER-778AE7,2026-08-06 14:10:41.806251+00:00,4319.83,0,246.9,v2.1.0,1.34,Chennai,13.0827,80.2707,1,normal,,1.0,2.0,2.0,2.0,2.0,2.0,RING-003,5,25.0,2417.352,1663.8441299704853,1.0333333333333334,1.1434232123857346,1.9354838709677418,2417.352,1663.8441299704853,1.0,1.1434232123857346,1.0,1,0.013496835302329813,51.12603324183084,34.91,MEDIUM,16.950333333333333,4.37023512610835,25.690803585550032,True,No strong risk signals detected,NONE,P2 — Monitor
85885ee7-9abe-4710-8a49-78e25cfba77f,POS-47CB19EB,MER-7848E9,2026-08-14 10:09:31.090948+00:00,12.92,0,382.7,v2.2.0,0.79,Bengaluru,12.9716,77.5946,1,fraud,card_testing,2.0,2.0,2.0,2.0,2.0,2.0,RING-006,4,43.75,1519.4046666666666,3597.5861927488645,3.933333333333333,0.41874873483311403,0.5084745762711864,1519.4046666666666,3597.5861927488645,3.933333333333333,0.41874873483311403,0.5084745762711864,-1,-0.011936162640197256,58.21368198610301,34.74,MEDIUM,38.95,24.25616407131485,87.4623281426297,False,"Isolation Forest anomaly; device in suspected abuse ring (RING-006, 4 devices)",NONE,P2 — Monitor
0766ce45-7dcd-41d6-90cc-f13ddb13ab65,POS-B41DA6C4,MER-9C5AB9,2026-08-06 02:32:37.119242+00:00,2394.37,14,337.6,v2.1.1,9.52,Mumbai,19.076,72.8777,1,fraud,retry_storm,1.0,1.0,1.0,1.0,3.0,1.0,RING-005,6,25.0,2248.6795,1352.6225028575338,1.0,0.10770965268743919,1.0,2248.6795,1352.6225028575338,1.0,0.10770965268743919,1.0,-1,-0.04491393989474468,67.40390415634302,34.66,MEDIUM,17.552,5.921409505034741,29.394819010069483,True,Isolation Forest anomaly; high retry count (14); unusual device ping gap,NONE,P2 — Monitor
cb401777-e668-424c-b670-781643cc8e0b,POS-6B16F045,MER-ECDE68,2026-08-14 05:03:57.051699+00:00,2215.98,7,416.0,v2.3.0-beta,13.72,Delhi,28.7041,77.1025,1,fraud,retry_storm,1.0,1.0,1.0,1.0,1.0,1.0,RING-008,2,16.67,2639.847142857143,1601.7370392175578,1.0,0.2646296692147422,1.0,2639.847142857143,1601.7370392175578,1.0,0.2646296692147422,1.0,-1,-0.046459499700782114,67.83461960102686,34.04,MEDIUM,16.392380952380954,4.722410300642993,25.83720155366694,True,Isolation Forest anomaly; high retry count (7); unusual device ping gap,NONE,P2 — Monitor
5861b1b5-1fcb-42d9-9f11-9fb3aa1bca94,POS-77B485D3,MER-340AFB,2026-08-10 18:02:19.002026+00:00,1630.08,1,248.4,v2.1.0,0.95,Delhi,28.7041,77.1025,1,normal,,2.0,2.0,2.0,2.0,2.0,2.0,RING-024,9,41.67,1683.6415625,1847.451964654002,3.125,0.028992127278411405,0.64,1683.6415625,1847.451964654002,3.09375,0.028992127278411405,0.6464646464646465,-1,-0.012956321644623459,58.49797913042783,34.03,MEDIUM,33.5609375,24.392819588555945,82.3465766771119,False,"Isolation Forest anomaly; device in suspected abuse ring (RING-024, 9 devices)",NONE,P2 — Monitor
1282d974-1b63-435a-a6f2-fffb92c99b90,POS-CBA73359,MER-269861,2026-08-17 06:29:03.319681+00:00,916.69,1,490.4,v2.1.1,1.7,Hyderabad,17.385,78.4867,1,normal,,1.0,1.0,2.0,4.0,4.0,1.0,RING-004,4,62.5,2005.3451612903225,1883.3696992250725,3.129032258064516,0.5780358268152335,0.3195876288659794,2005.3451612903225,1883.3696992250725,3.129032258064516,0.5780358268152335,0.3195876288659794,-1,-0.00015381197722519335,54.93018536216193,33.93,MEDIUM,38.55,23.972710179146063,86.49542035829212,False,"Isolation Forest anomaly; device in suspected abuse ring (RING-004, 4 devices)",NONE,P2 — Monitor
4d353170-50ea-4cda-8e2e-6f0b3e710008,POS-76F7895E,MER-F17607,2026-08-11 20:51:04.092285+00:00,2975.16,10,446.9,v2.1.1,9.25,Pune,18.5204,73.8567,1,fraud,retry_storm,1.0,1.0,1.0,1.0,1.0,1.0,RING-018,9,25.0,2696.6915,1572.533953733591,1.05,0.17708266288231533,0.9523809523809523,2696.6915,1572.533953733591,1.05,0.17708266288231533,0.9523809523809523,-1,-0.03534328953956278,64.73676251126203,33.7,MEDIUM,18.163,7.527046740360986,33.21709348072197,True,Isolation Forest anomaly; high retry count (10); unusual device ping gap,NONE,P2 — Monitor
7f421695-e1be-4479-938c-6930d34b484c,POS-10016958,MER-25A16E,2026-08-20 09:04:54.671004+00:00,1665.56,0,392.0,v2.1.1,1.63,Delhi,28.7041,77.1025,1,normal,,1.0,2.0,3.0,3.0,4.0,2.0,RING-014,11,45.45,1364.4054838709678,1433.3486462124017,3.161290322580645,0.2101055573079359,0.6326530612244898,1364.4054838709678,1433.3486462124017,3.129032258064516,0.2101055573079359,0.3195876288659794,-1,-0.01585587518580389,59.30602453119176,33.09,MEDIUM,34.15806451612904,24.96172475602796,84.08151402818496,False,"Isolation Forest anomaly; device in suspected abuse ring (RING-014, 11 devices)",NONE,P2 — Monitor
357ea4a3-716d-42c7-aa1e-cdb02eaea040,POS-B41DA6C4,MER-9C5AB9,2026-08-08 09:51:40.077481+00:00,2421.02,8,429.7,v2.1.1,9.51,Mumbai,19.076,72.8777,1,fraud,retry_storm,1.0,1.0,1.0,1.0,3.0,1.0,RING-005,6,25.0,2248.6795,1352.6225028575338,1.0,0.12741211952035053,1.0,2248.6795,1352.6225028575338,1.0,0.12741211952035053,1.0,-1,-0.02625053543078215,62.20280063281148,32.9,MEDIUM,17.552,5.921409505034741,29.394819010069483,True,Isolation Forest anomaly; high retry count (8); unusual device ping gap,NONE,P2 — Monitor
1723811a-0646-4443-aa43-abb2188f163d,POS-6C1EE20B,MER-F3F810,2026-08-02 20:43:52.260905+00:00,3313.99,0,448.6,v2.1.1,2.44,Bengaluru,12.9716,77.5946,1,normal,,1.0,1.0,1.0,4.0,6.0,1.0,RING-012,2,54.17,2743.9433333333336,1464.1383850657412,1.0,0.3893393360089187,1.0,2743.9433333333336,1464.1383850657412,1.0,0.3893393360089187,1.0,1,0.03194000728014934,45.98630394195107,32.39,MEDIUM,22.026363636363637,4.490841943737985,31.008047523839608,True,"device in suspected abuse ring (RING-012, 2 devices)",NONE,P2 — Monitor
a265c857-85e1-4443-b5ab-5e02ce283a68,POS-CDFD9F1A,MER-243265,2026-08-01 06:59:35.039784+00:00,2386.08,6,24.6,v2.1.0,10.55,Bengaluru,12.9716,77.5946,1,fraud,retry_storm,1.0,1.0,1.0,1.0,1.0,1.0,RING-009,3,25.0,2563.954074074074,1614.56187130479,1.037037037037037,0.11016863288758774,0.9642857142857143,2563.954074074074,1614.56187130479,1.0,0.11016863288758774,1.0,-1,-0.021146887820961857,60.78051995419494,32.26,MEDIUM,18.13037037037037,5.241192231868242,28.612754834106852,True,Isolation Forest anomaly; high retry count (6); unusual device ping gap,NONE,P2 — Monitor
e40c663e-25dc-41f0-b71f-4931b125f970,POS-47CB19EB,MER-7848E9,2026-08-17 07:37:41.720851+00:00,3133.41,1,215.2,v2.2.0,1.92,Bengaluru,12.9716,77.5946,1,normal,,1.0,1.0,1.0,3.0,15.0,1.0,RING-006,4,43.75,1519.4046666666666,3597.5861927488645,3.933333333333333,0.44863562590562833,0.2542372881355932,1519.4046666666666,3597.5861927488645,3.933333333333333,0.44863562590562833,0.2542372881355932,-1,-0.015755077629663328,59.27793434403333,31.93,MEDIUM,38.95,24.25616407131485,87.4623281426297,False,"Isolation Forest anomaly; device in suspected abuse ring (RING-006, 4 devices)",NONE,P2 — Monitor
0da3d60b-805b-4d47-8523-5de4b33aa67a,POS-4A5BFB60,MER-B81D68,2026-08-01 16:43:00.469536+00:00,4794.64,1,90.6,v2.1.1,1.5,Chennai,13.0827,80.2707,1,normal,,1.0,1.0,2.0,3.0,3.0,1.0,RING-007,5,25.0,2329.5060000000003,1429.785087061394,1.05,1.724129047300763,0.9523809523809523,2329.5060000000003,1429.785087061394,1.0,1.724129047300763,1.0,1,0.03522182950887898,45.07172819075794,31.58,MEDIUM,17.424,6.85383979970352,31.13167959940704,True,No strong risk signals detected,NONE,P2 — Monitor
43cdf8f3-a67c-4dc7-95d9-429bd97659d0,POS-77136499,MER-3E00AA,2026-08-02 01:22:30.072764+00:00,3640.83,0,354.0,v2.3.0-beta,1.12,Bengaluru,12.9716,77.5946,1,normal,,1.0,1.0,2.0,3.0,4.0,1.0,RING-011,7,46.43,2390.249677419355,1216.2380455472353,1.0,1.028236476534458,1.0,2390.249677419355,1216.2380455472353,1.0,1.028236476534458,1.0,1,0.0504243136642229,40.83511133666422,31.34,MEDIUM,20.408709677419353,4.768813089183711,29.946335855786774,True,"device in suspected abuse ring (RING-011, 7 devices)",NONE,P2 — Monitor
0a68f249-47c4-49ec-b847-a048de985508,POS-77B485D3,MER-340AFB,2026-08-05 11:28:33.392061+00:00,1779.05,0,44.0,v2.1.0,1.48,Delhi,28.7041,77.1025,1,normal,,1.0,2.0,2.0,2.0,4.0,2.0,RING-024,9,41.67,1683.6415625,1847.451964654002,3.125,0.05164325748402798,0.64,1683.6415625,1847.451964654002,3.09375,0.05164325748402798,0.32323232323232326,-1,-0.007977418829921201,57.110462237522704,31.3,MEDIUM,33.5609375,24.392819588555945,82.3465766771119,False,"Isolation Forest anomaly; device in suspected abuse ring (RING-024, 9 devices)",NONE,P2 — Monitor
c4e36fa5-c6be-4ce3-bab8-0a8b1c3f4a03,POS-A77B64DE,MER-1A5D0B,2026-08-07 10:45:44.125203+00:00,533.74,1,50.9,v2.1.0,2.19,Kolkata,22.5726,88.3639,1,normal,,1.0,1.0,2.0,3.0,3.0,1.0,RING-022,4,25.0,2840.5946153846153,1603.0580054214652,1.0,1.4390337764341303,1.0,2840.5946153846153,1603.0580054214652,1.0,1.4390337764341303,1.0,1,0.04014528527586925,43.69966323942012,30.36,MEDIUM,16.872307692307693,4.181304397139541,25.234916486586776,True,No strong risk signals detected,NONE,P2 — Monitor
e5300424-3beb-4655-a3bd-7119bb51735d,POS-B9828EE6,MER-E676A0,2026-08-07 23:12:01.079423+00:00,4698.47,1,493.4,v2.2.0,2.64,Pune,18.5204,73.8567,1,normal,,1.0,1.0,2.0,2.0,4.0,1.0,RING-029,2,16.67,2691.9665217391307,1514.3548207753472,1.0,1.3249889990996582,1.0,2691.9665217391307,1514.3548207753472,1.0,1.3249889990996582,1.0,1,0.026077113495848847,47.620170773616046,30.14,MEDIUM,15.933913043478261,4.370532252931334,24.67497754934093,True,No strong risk signals detected,NONE,P2 — Monitor
f3bc4ea8-1dc2-4ee9-a957-4cb11efc4843,POS-483FD0E6,MER-A77E7B,2026-08-06 09:31:37.534373+00:00,3196.65,0,71.7,v2.2.0,1.18,Kolkata,22.5726,88.3639,1,normal,,1.0,1.0,2.0,3.0,4.0,1.0,RING-002,6,37.5,2158.114761904762,1218.6065965873443,1.0,0.8522317546972187,1.0,2158.114761904762,1218.6065965873443,1.0,0.8522317546972187,1.0,1,0.04497430360922472,42.35391604108282,30.01,MEDIUM,18.47142857142857,4.3664176228508955,27.20426381713036,True,No strong risk signals detected,NONE,P2 — Monitor
c530b915-3aad-410d-bc2d-2bfb001aab81,POS-198FC2BC,MER-7149CD,2026-08-07 03:44:57.106318+00:00,4938.23,0,205.0,v2.2.0,0.6,Bengaluru,12.9716,77.5946,1,normal,,1.0,1.0,2.0,2.0,3.0,1.0,RING-006,4,43.75,2962.9039285714284,1307.791153797372,1.0,1.5104292957578962,1.0,2962.9039285714284,1307.791153797372,1.0,1.5104292957578962,1.0,1,0.07769088719035927,33.23648312736539,29.73,LOW,20.014285714285712,3.815961049350312,27.646207812986336,True,"device in suspected abuse ring (RING-006, 4 devices)",NONE,P3 — Low
8b3765d9-c7c7-4de4-8c9c-992f96070d58,POS-32F79BA7,MER-9F2DF0,2026-08-19 21:57:04.522290+00:00,4190.85,1,473.0,v2.2.0,2.13,Hyderabad,17.385,78.4867,1,normal,,1.0,1.0,2.0,2.0,4.0,1.0,RING-026,10,25.0,2497.273157894737,1528.731426957414,1.0,1.107831508034041,1.0,2497.273157894737,1528.731426957414,1.0,1.107831508034041,1.0,1,0.04109509418333557,43.43497120722184,29.28,LOW,16.692631578947367,3.746578946341527,24.18578947163042,True,No strong risk signals detected,NONE,P3 — Low
ff31ebb9-72a6-42e2-940f-dc8a22072a7d,POS-1D6FD4E1,MER-F1C4E7,2026-08-10 08:04:16.523450+00:00,4401.42,1,12.6,v2.1.0,2.86,Chennai,13.0827,80.2707,1,normal,,1.0,1.0,1.0,3.0,4.0,1.0,RING-003,5,25.0,2843.618695652174,1589.7976206117453,1.0,0.9798739689573774,1.0,2843.618695652174,1589.7976206117453,1.0,0.9798739689573774,1.0,1,0.03834358681946304,44.20175921060533,29.16,LOW,17.21391304347826,4.081835303713308,25.377583650904874,True,No strong risk signals detected,NONE,P3 — Low
3ff38b88-953d-42d1-b895-1343dc08c87a,POS-B66D5760,MER-221884,2026-08-14 11:38:12.743012+00:00,4474.64,0,438.9,v2.1.0,1.56,Hyderabad,17.385,78.4867,1,normal,,1.0,1.0,2.0,2.0,2.0,1.0,RING-019,4,43.75,1845.82,1725.8088027139625,1.0,1.5232394201872108,1.0,1845.82,1725.8088027139625,1.0,1.5232394201872108,1.0,1,0.08524675844420038,31.130818607390676,29.03,LOW,19.58529411764706,3.737725106343193,27.060744330333446,True,"device in suspected abuse ring (RING-019, 4 devices)",NONE,P3 — Low
0816478a-96e7-443f-99e9-cf60df80ac28,POS-A8756576,MER-414EF8,2026-08-08 23:27:07.482743+00:00,931.15,1,45.5,v2.1.0,2.63,Pune,18.5204,73.8567,1,normal,,1.0,1.0,2.0,2.0,3.0,1.0,RING-013,5,40.0,2581.1438095238095,1421.0608309093466,1.0,1.1611000554198423,1.0,2581.1438095238095,1421.0608309093466,1.0,1.1611000554198423,1.0,1,0.07020979722421161,35.321307654311624,28.85,LOW,19.76952380952381,4.133635780025227,28.036795369574264,True,"device in suspected abuse ring (RING-013, 5 devices)",NONE,P3 — Low
b90a445c-df2f-4d45-aec8-fdf58d0ffcad,POS-198FC2BC,MER-7149CD,2026-08-04 18:08:20.156716+00:00,146.01,0,484.9,v2.2.0,0.56,Bengaluru,12.9716,77.5946,1,normal,,1.0,1.0,1.0,2.0,4.0,1.0,RING-006,4,43.75,2962.9039285714284,1307.791153797372,1.0,2.1539325452631677,1.0,2962.9039285714284,1307.791153797372,1.0,2.1539325452631677,1.0,1,0.10972597746054114,24.308968257148724,28.53,LOW,20.014285714285712,3.815961049350312,27.646207812986336,True,"transaction amount unusual for merchant; transaction amount unusual for device; device in suspected abuse ring (RING-006, 4 devices)",NONE,P3 — Low
711ac68b-4737-48ce-b11f-8e646bb3cdfe,POS-7B492CC9,MER-70B109,2026-08-16 08:01:36.598612+00:00,3954.25,0,319.3,v2.1.0,1.65,Mumbai,19.076,72.8777,1,normal,,1.0,1.0,1.0,4.0,5.0,1.0,RING-016,9,33.33,2306.2614999999996,1335.9878108499856,1.0,1.233535580651378,1.0,2306.2614999999996,1335.9878108499856,1.0,1.233535580651378,1.0,1,0.06885883591486208,35.69779253625158,28.19,LOW,19.737000000000002,3.797786197247022,27.332572394494047,True,No strong risk signals detected,NONE,P3 — Low
6c8b9976-9104-4975-876d-7c8e6f74c138,POS-AD5BA00A,MER-5FE21C,2026-08-16 15:28:19.911374+00:00,323.87,0,157.6,v2.3.0-beta,1.24,Pune,18.5204,73.8567,1,normal,,1.0,1.0,2.0,3.0,4.0,1.0,RING-015,3,25.0,2248.0832,1528.3198192451953,1.0,1.2590383084545276,1.0,2248.0832,1528.3198192451953,1.0,1.2590383084545276,1.0,1,0.05742334220849282,38.88462732431853,28.14,LOW,17.386,4.2937541848596785,25.973508369719355,True,No strong risk signals detected,NONE,P3 — Low
4108eca0-38dc-47b1-84e6-c2c8a94ff383,POS-A275E8CD,MER-DFFA45,2026-08-20 01:20:20.076771+00:00,756.76,1,18.4,v2.1.1,0.67,Kolkata,22.5726,88.3639,1,normal,,1.0,1.0,1.0,2.0,3.0,1.0,RING-027,3,50.0,3054.5785714285716,1233.8476638397697,1.0,1.8623195056978865,1.0,3054.5785714285716,1233.8476638397697,1.0,1.8623195056978865,1.0,1,0.11612573756874034,22.525487921994248,27.97,LOW,20.080000000000002,2.7326214520127006,25.545242904025404,True,"device in suspected abuse ring (RING-027, 3 devices)",NONE,P3 — Low
cd312ab9-a767-416c-ad38-34239789baf0,POS-483FD0E6,MER-A77E7B,2026-08-02 12:32:49.383610+00:00,3665.71,0,27.7,v2.2.0,1.82,Kolkata,22.5726,88.3639,1,normal,,1.0,1.0,2.0,2.0,2.0,1.0,RING-002,6,37.5,2158.114761904762,1218.6065965873443,1.0,1.2371467890598937,1.0,2158.114761904762,1218.6065965873443,1.0,1.2371467890598937,1.0,1,0.08107762435530713,32.292669760629536,27.64,LOW,18.47142857142857,4.3664176228508955,27.20426381713036,True,No strong risk signals detected,NONE,P3 — Low
8f50d696-c694-4518-9a0e-334f9012aa73,POS-62F7C65F,MER-BAFD17,2026-08-13 18:56:52.807382+00:00,3794.99,0,133.1,v2.1.0,2.27,Delhi,28.7041,77.1025,1,normal,,1.0,1.0,2.0,2.0,3.0,1.0,RING-024,9,41.67,1882.3920833333332,1405.9257134125548,1.0,1.3603833391910045,1.0,1882.3920833333332,1405.9257134125548,1.0,1.3603833391910045,1.0,1,0.09327418261118181,28.893742076129307,27.44,LOW,19.431250000000002,3.0817644755251337,25.59477895105027,True,"device in suspected abuse ring (RING-024, 9 devices)",NONE,P3 — Low
5fc8cc6b-7ea2-4763-a73a-dbca103422b4,POS-383A0EE8,MER-ECE86F,2026-08-10 14:50:34.083415+00:00,1030.64,1,326.5,v2.1.1,0.99,Mumbai,19.076,72.8777,1,normal,,1.0,1.0,2.0,3.0,3.0,1.0,RING-005,6,25.0,2314.9854545454546,1194.2476617229509,1.0,1.07544313940085,1.0,2314.9854545454546,1194.2476617229509,1.0,1.07544313940085,1.0,1,0.05952442566795735,38.29909896558014,27.38,LOW,16.707272727272727,4.2121628669029425,25.13159846107861,True,No strong risk signals detected,NONE,P3 — Low
55de1e30-7c7f-4f87-9ded-5e6fc985334a,POS-AA696464,MER-59201B,2026-08-13 20:02:22.824042+00:00,3809.5,1,45.7,v2.2.0,1.81,Nagpur,21.1458,79.0882,1,normal,,1.0,1.0,2.0,2.0,2.0,1.0,RING-021,8,34.38,2316.681578947368,1497.620392349377,1.0,0.99679359915151,1.0,2316.681578947368,1497.620392349377,1.0,0.99679359915151,1.0,1,0.07169400539818938,34.90768963632162,27.37,LOW,17.42105263157895,2.7655336931932575,22.952120017965463,True,No strong risk signals detected,NONE,P3 — Low
3b44ac8d-ab79-4a44-92d5-7ad505b2312a,POS-A77B64DE,MER-1A5D0B,2026-08-02 21:44:51.866620+00:00,4805.66,1,389.7,v2.1.0,2.3,Kolkata,22.5726,88.3639,1,normal,,1.0,1.0,2.0,2.0,2.0,1.0,RING-022,4,25.0,2840.5946153846153,1603.0580054214652,1.0,1.2258230070088716,1.0,2840.5946153846153,1603.0580054214652,1.0,1.2258230070088716,1.0,1,0.06735728922023176,36.1162424401407,27.07,LOW,16.872307692307693,4.181304397139541,25.234916486586776,True,No strong risk signals detected,NONE,P3 — Low
d6b0ed6e-563e-4e0c-95d6-15bafe3621ce,POS-BA41B435,MER-3AA9F7,2026-08-17 03:19:27.751730+00:00,4157.34,0,191.2,v2.1.1,0.75,Delhi,28.7041,77.1025,1,normal,,1.0,1.0,2.0,2.0,3.0,1.0,RING-014,11,45.45,2633.700588235294,1528.6532239134167,1.0,0.9967201114874994,1.0,2633.700588235294,1528.6532239134167,1.0,0.9967201114874994,1.0,1,0.0921356685292884,29.21102232445485,27.03,LOW,19.72941176470588,3.315998097459187,26.361407959624252,True,"device in suspected abuse ring (RING-014, 11 devices)",NONE,P3 — Low
8ca54485-e859-41f3-b731-50e079115fa4,POS-62F7C65F,MER-BAFD17,2026-08-02 22:45:17.642559+00:00,123.96,0,274.0,v2.1.0,2.92,Delhi,28.7041,77.1025,1,normal,,1.0,1.0,2.0,2.0,3.0,1.0,RING-024,9,41.67,1882.3920833333332,1405.9257134125548,1.0,1.250729015450718,1.0,1882.3920833333332,1405.9257134125548,1.0,1.250729015450718,1.0,1,0.09432505981567335,28.600884406906427,27.01,LOW,19.431250000000002,3.0817644755251337,25.59477895105027,True,"device in suspected abuse ring (RING-024, 9 devices)",NONE,P3 — Low
fd89941f-7073-4f05-a949-028f97ce9b80,POS-D2E37BD7,MER-94832D,2026-08-20 03:57:47.240824+00:00,430.89,0,138.7,v2.3.0-beta,2.24,Kolkata,22.5726,88.3639,1,normal,,1.0,1.0,2.0,2.0,2.0,1.0,RING-025,4,43.75,2453.624090909091,1501.0594007714594,1.0,1.3475376723063195,1.0,2453.624090909091,1501.0594007714594,1.0,1.3475376723063195,1.0,1,0.103016839374861,26.178665814455044,26.77,LOW,19.599090909090908,3.0944665038941603,25.78802391687923,True,"device in suspected abuse ring (RING-025, 4 devices)",NONE,P3 — Low
ee2d793d-525f-48ed-bf86-33dcda4a1725,POS-383A0EE8,MER-ECE86F,2026-08-15 11:02:22.892770+00:00,3325.5,1,466.3,v2.1.1,0.99,Mumbai,19.076,72.8777,1,normal,,1.0,1.0,2.0,2.0,2.0,1.0,RING-005,6,25.0,2314.9854545454546,1194.2476617229509,1.0,0.8461515796452704,1.0,2314.9854545454546,1194.2476617229509,1.0,0.8461515796452704,1.0,1,0.05991701065541821,38.18969367644809,26.65,LOW,16.707272727272727,4.2121628669029425,25.13159846107861,True,No strong risk signals detected,NONE,P3 — Low
19fc05a0-c93b-45c8-89ea-80117dc4d220,POS-D2E37BD7,MER-94832D,2026-08-02 12:49:51.170028+00:00,4328.04,0,307.9,v2.3.0-beta,1.77,Kolkata,22.5726,88.3639,1,normal,,1.0,1.0,2.0,2.0,3.0,1.0,RING-025,4,43.75,2453.624090909091,1501.0594007714594,1.0,1.2487286699830569,1.0,2453.624090909091,1501.0594007714594,1.0,1.2487286699830569,1.0,1,0.10262144425915987,26.288854228012234,26.51,LOW,19.599090909090908,3.0944665038941603,25.78802391687923,True,"device in suspected abuse ring (RING-025, 4 devices)",NONE,P3 — Low
c1afffbb-cd88-4e94-89b5-11b5ef80c777,POS-FC80D3D1,MER-FD74EE,2026-08-10 23:28:40.386382+00:00,2301.3,0,467.1,v2.1.1,0.9,Mumbai,19.076,72.8777,1,normal,,1.0,1.0,2.0,3.0,3.0,1.0,RING-005,6,25.0,2548.035714285714,1281.2515454569075,1.0,0.1925739837431576,1.0,2548.035714285714,1281.2515454569075,1.0,0.1925739837431576,1.0,1,0.04279266433827145,42.96189363279926,26.36,LOW,16.18,3.7677552999100135,23.71551059982003,True,No strong risk signals detected,NONE,P3 — Low
614a4cca-b861-4ea8-8681-949edaf93e9e,POS-A320C8AA,MER-9451DE,2026-08-06 19:17:33.998350+00:00,4984.11,1,23.2,v2.2.0,1.33,Nagpur,21.1458,79.0882,1,normal,,1.0,1.0,1.0,1.0,4.0,1.0,RING-021,8,34.38,2267.40875,1485.593210973204,1.0,1.8286979436452215,1.0,2267.40875,1485.593210973204,1.0,1.8286979436452215,1.0,1,0.1077883855627027,24.848934910417835,26.34,LOW,17.605416666666667,2.6642169567724063,22.93385058021148,True,No strong risk signals detected,NONE,P3 — Low
04329e10-86f9-4003-865f-389c7403a1a6,POS-E2ABAA01,MER-94FBB2,2026-08-03 07:42:47.815993+00:00,4706.35,0,174.8,v2.1.0,1.36,Nagpur,21.1458,79.0882,1,normal,,1.0,1.0,1.0,3.0,4.0,1.0,RING-020,6,37.5,2659.8722222222223,1705.8322061845388,1.0,1.1996946536466013,1.0,2659.8722222222223,1705.8322061845388,1.0,1.1996946536466013,1.0,1,0.09460408367459106,28.523126247693384,26.21,LOW,18.794814814814814,2.532566910605751,23.859948636026317,True,No strong risk signals detected,NONE,P3 — Low
cde39f04-8292-4401-a249-e4ea803be0af,POS-AD5BA00A,MER-5FE21C,2026-08-12 05:07:19.073839+00:00,4195.19,1,303.7,v2.3.0-beta,2.68,Pune,18.5204,73.8567,1,normal,,1.0,1.0,2.0,2.0,3.0,1.0,RING-015,3,25.0,2248.0832,1528.3198192451953,1.0,1.2740178956533026,1.0,2248.0832,1528.3198192451953,1.0,1.2740178956533026,1.0,1,0.07850957233182304,33.00833256768845,26.12,LOW,17.386,4.2937541848596785,25.973508369719355,True,No strong risk signals detected,NONE,P3 — Low
bc2ad8b4-7cbd-497a-8306-db3dd0dfc171,POS-BC2D02AD,MER-18BAD6,2026-08-03 21:46:46.991221+00:00,210.54,0,166.2,v2.2.0,0.72,Kolkata,22.5726,88.3639,1,normal,,1.0,1.0,2.0,2.0,2.0,1.0,RING-002,6,37.5,2335.4975,1752.3044759002357,1.0,1.2126645393109072,1.0,2335.4975,1752.3044759002357,1.0,1.2126645393109072,1.0,1,0.099516166184487,27.154230787091386,25.77,LOW,18.79625,3.0567496353697883,24.909749270739578,True,No strong risk signals detected,NONE,P3 — Low
42578a93-2758-4604-b686-ed8113966a10,POS-4FDF65E4,MER-8FF8CA,2026-08-18 08:08:14.671909+00:00,4295.35,1,4.9,v2.1.1,2.9,Delhi,28.7041,77.1025,1,normal,,1.0,1.0,1.0,2.0,2.0,1.0,RING-014,11,45.45,3183.962666666667,1339.940866160394,1.0,0.8294301348670844,1.0,3183.962666666667,1339.940866160394,1.0,0.8294301348670844,1.0,1,0.09996036991266855,27.030440426105958,25.77,LOW,19.449333333333335,2.6592036043755294,24.767740542084393,True,"device in suspected abuse ring (RING-014, 11 devices)",NONE,P3 — Low
328bde80-810c-4f0f-83e4-8dc2037b3aaf,POS-208DB4F3,MER-C166F5,2026-08-19 22:56:19.485401+00:00,4642.67,0,3.1,v2.1.1,2.35,Delhi,28.7041,77.1025,1,normal,,1.0,1.0,1.0,2.0,2.0,1.0,RING-014,11,45.45,2457.7596551724137,1368.3578227033483,1.0,1.5967390316891268,1.0,2457.7596551724137,1368.3578227033483,1.0,1.5967390316891268,1.0,1,0.1278201054773075,19.266510265898976,25.35,LOW,18.856206896551726,2.5027890353893247,23.861784967330376,True,"device in suspected abuse ring (RING-014, 11 devices)",NONE,P3 — Low
9ff9de5f-2a9e-4379-8675-3e51d662fe18,POS-2D6C822A,MER-CA6F11,2026-08-04 00:21:27.243325+00:00,4988.63,1,53.2,v2.1.0,1.54,Kolkata,22.5726,88.3639,1,normal,,1.0,1.0,1.0,2.0,4.0,1.0,RING-022,4,25.0,2545.241176470588,1381.450476821746,1.0,1.7687125702477804,1.0,2545.241176470588,1381.450476821746,1.0,1.7687125702477804,1.0,1,0.10196016314485656,26.473139551747728,25.32,LOW,16.407647058823528,3.4003704382974296,23.208387935418386,True,No strong risk signals detected,NONE,P3 — Low
9192b558-c5de-4ba4-a2be-41b5a56a1b64,POS-CC66C62A,MER-6E235F,2026-08-08 19:40:47.419914+00:00,1007.19,0,36.2,v2.2.0,2.91,Hyderabad,17.385,78.4867,1,normal,,1.0,1.0,2.0,2.0,2.0,1.0,RING-026,10,25.0,2195.7428571428572,1314.2045294656887,1.0,0.9043895607528326,1.0,2195.7428571428572,1314.2045294656887,1.0,0.9043895607528326,1.0,1,0.07588786192564034,33.7389488524936,25.27,LOW,16.797857142857143,3.3335593787824043,23.46497590042195,True,No strong risk signals detected,NONE,P3 — Low
9f313f55-1121-4b14-ad95-0b3a5dd2afad,POS-C9DBE224,MER-11AEAE,2026-08-13 12:52:55.451236+00:00,173.42,0,397.8,v2.3.0-beta,0.63,Bengaluru,12.9716,77.5946,1,normal,,1.0,1.0,1.0,2.0,2.0,1.0,RING-011,7,46.43,2968.946842105263,1331.3078654468263,1.0,2.0998349928376645,1.0,2968.946842105263,1331.3078654468263,1.0,2.0998349928376645,1.0,1,0.1525851651544039,12.365002055233141,24.59,LOW,18.607368421052634,2.87010228641819,24.347572993889013,True,"transaction amount unusual for merchant; transaction amount unusual for device; device in suspected abuse ring (RING-011, 7 devices)",NONE,P3 — Low
dac04582-81ef-4672-bb8a-6b3ce77b2e7f,POS-208DB4F3,MER-C166F5,2026-08-10 11:30:53.143211+00:00,157.99,0,451.3,v2.1.1,2.35,Delhi,28.7041,77.1025,1,normal,,1.0,1.0,1.0,1.0,4.0,1.0,RING-014,11,45.45,2457.7596551724137,1368.3578227033483,1.0,1.6806785601071468,1.0,2457.7596551724137,1368.3578227033483,1.0,1.6806785601071468,1.0,1,0.14049255272151528,15.734962195937536,24.37,LOW,18.856206896551726,2.5027890353893247,23.861784967330376,True,"device in suspected abuse ring (RING-014, 11 devices)",NONE,P3 — Low
f5c859fd-22be-4889-8e67-619e90df41f7,POS-F79A698C,MER-2ED01B,2026-08-12 13:26:01.787943+00:00,633.25,0,188.1,v2.1.1,1.01,Pune,18.5204,73.8567,1,normal,,1.0,1.0,2.0,2.0,2.0,1.0,RING-018,9,25.0,2856.096315789474,1334.8894103266905,1.0,1.6651913623657197,1.0,2856.096315789474,1334.8894103266905,1.0,1.6651913623657197,1.0,1,0.11001954122223967,24.22715812876086,24.23,LOW,16.063157894736843,3.2673826641035197,22.597923222943884,True,No strong risk signals detected,NONE,P3 — Low
030e236a-8dd9-44e3-83c5-801cc954b973,POS-3BD6788B,MER-FA377E,2026-08-07 14:57:06.972274+00:00,186.62,0,90.1,v2.1.0,2.91,Pune,18.5204,73.8567,1,normal,,1.0,1.0,1.0,2.0,3.0,1.0,RING-013,5,40.0,3079.3878947368416,1518.7384484373824,1.0,1.9047176277871856,1.0,3079.3878947368416,1518.7384484373824,1.0,1.9047176277871856,1.0,1,0.14279631168175844,15.092952381028129,24.0,LOW,18.007894736842104,2.390203568614021,22.788301874070147,True,"device in suspected abuse ring (RING-013, 5 devices)",NONE,P3 — Low
14160fac-8f4a-4e3b-9121-c5ba45c365ad,POS-FE25FE86,MER-76524C,2026-08-08 14:35:59.824337+00:00,2261.72,1,100.1,v2.1.0,2.43,Chennai,13.0827,80.2707,1,normal,,1.0,1.0,2.0,2.0,2.0,1.0,RING-003,5,25.0,1574.818,1069.1575891929538,1.0,0.6424703027347943,1.0,1574.818,1069.1575891929538,1.0,0.6424703027347943,1.0,1,0.08285776041993281,31.796582780573566,23.81,LOW,15.876,3.6874296980115804,23.25085939602316,True,No strong risk signals detected,NONE,P3 — Low
6afb1ae3-5f27-46e4-94a1-622dcd9f8a5d,POS-36A2CBE2,MER-7D9478,2026-08-18 13:20:03.733295+00:00,1266.32,1,491.9,v2.1.1,0.6,Mumbai,19.076,72.8777,1,normal,,1.0,1.0,1.0,2.0,4.0,1.0,RING-005,6,25.0,2618.4695454545454,1519.1792381774137,1.0,0.8900526754675394,1.0,2618.4695454545454,1519.1792381774137,1.0,0.8900526754675394,1.0,1,0.09057304489787849,29.64649310316368,23.8,LOW,15.77681818181818,2.723214813001155,21.223247807820492,True,No strong risk signals detected,NONE,P3 — Low
84382027-268f-40c9-b1b8-93fcbede83c1,POS-5CD2AFE7,MER-C65F5C,2026-08-14 03:34:45.985609+00:00,3375.46,1,81.8,v2.3.0-beta,1.57,Hyderabad,17.385,78.4867,1,normal,,1.0,1.0,2.0,2.0,2.0,1.0,RING-028,4,25.0,2688.934375,1486.2113316078517,1.0,0.4619300165456855,1.0,2688.934375,1486.2113316078517,1.0,0.4619300165456855,1.0,1,0.08087670979030526,32.34866048054228,23.46,LOW,16.08875,2.827373044600471,21.743496089200942,True,No strong risk signals detected,NONE,P3 — Low
fe0ff034-d270-459c-8a1a-cc036797e621,POS-BC46E34D,MER-0DC332,2026-08-18 11:36:55.937702+00:00,2056.53,0,313.8,v2.2.0,2.26,Mumbai,19.076,72.8777,1,normal,,1.0,1.0,2.0,2.0,4.0,1.0,RING-017,3,25.0,3000.683846153846,1225.9790338503408,1.0,0.77012234311105,1.0,3000.683846153846,1225.9790338503408,1.0,0.77012234311105,1.0,1,0.09210084586922701,29.220726677178586,23.29,LOW,15.803461538461537,3.0092616267884615,21.82198479203846,True,No strong risk signals detected,NONE,P3 — Low
d89844e6-f2c7-414a-b497-eeda81d10f36,POS-AD42C2FB,MER-96DF46,2026-08-18 14:32:22.100400+00:00,4663.61,0,8.2,v2.1.1,0.72,Mumbai,19.076,72.8777,1,normal,,1.0,1.0,1.0,2.0,3.0,1.0,RING-005,6,25.0,2719.7429411764706,1321.6126348365315,1.0,1.4708296573329624,1.0,2719.7429411764706,1321.6126348365315,1.0,1.4708296573329624,1.0,1,0.11532283579379526,22.749239984956827,23.12,LOW,15.586470588235292,2.6442128818810877,20.874896351997467,True,No strong risk signals detected,NONE,P3 — Low
970f24dc-28a6-4e4c-b752-acd4299ce142,POS-207CA2EB,MER-5B06DF,2026-08-06 15:01:45.907072+00:00,849.01,0,151.0,v2.1.1,1.49,Pune,18.5204,73.8567,1,normal,,1.0,1.0,2.0,2.0,3.0,1.0,RING-018,9,25.0,2430.8364705882354,1545.6545492684531,1.0,1.0234023322591081,1.0,2430.8364705882354,1545.6545492684531,1.0,1.0234023322591081,1.0,1,0.10492012992132588,25.648258235996497,22.8,LOW,15.987058823529413,2.843516231503441,21.674091286536296,True,No strong risk signals detected,NONE,P3 — Low
dea5c403-5e95-4f32-800a-72273ee28dae,POS-F5C825B8,MER-3430AF,2026-08-09 02:42:55.045780+00:00,4963.86,1,311.0,v2.1.1,1.86,Pune,18.5204,73.8567,1,normal,,1.0,1.0,1.0,2.0,4.0,1.0,RING-018,9,25.0,2814.7004347826087,1473.5331550068183,1.0,1.4585077763027643,1.0,2814.7004347826087,1473.5331550068183,1.0,1.4585077763027643,1.0,1,0.11933324867125733,21.631621139581625,22.7,LOW,15.827826086956522,2.810567649752268,21.448961386461058,True,No strong risk signals detected,NONE,P3 — Low
c0d31bcd-d8e3-4a1e-9b68-fd149ce0253e,POS-34F01FAC,MER-FE16C9,2026-08-10 11:02:01.578385+00:00,98.22,1,250.3,v2.1.1,2.99,Chennai,13.0827,80.2707,1,normal,,1.0,1.0,1.0,2.0,4.0,1.0,RING-007,5,25.0,2079.8388,1770.934695058234,1.0,1.1189677437173018,1.0,2079.8388,1770.934695058234,1.0,1.1189677437173018,1.0,1,0.10960127305463613,24.34372078722462,22.63,LOW,16.9284,2.5616086742513966,22.051617348502795,True,No strong risk signals detected,NONE,P3 — Low
dbf3286f-ddb8-4fe8-9f33-6df8fde6e9a1,POS-E566E75E,MER-4CD30C,2026-08-20 05:00:29.743803+00:00,67.49,0,7.1,v2.2.0,1.74,Nagpur,21.1458,79.0882,1,normal,,1.0,1.0,1.0,2.0,2.0,1.0,RING-021,8,34.38,2074.2726086956523,1428.40594102217,1.0,1.4049105727322828,1.0,2074.2726086956523,1428.40594102217,1.0,1.4049105727322828,1.0,1,0.13632806946518272,16.89551725865521,22.29,LOW,17.46217391304348,2.295406394047466,22.052986701138412,True,No strong risk signals detected,NONE,P3 — Low
e9e5d761-8f9c-4100-aeaf-8a18a8b16936,POS-BC46E34D,MER-0DC332,2026-08-18 11:02:27.317863+00:00,308.29,1,437.2,v2.2.0,1.89,Mumbai,19.076,72.8777,1,normal,,1.0,1.0,1.0,1.0,3.0,1.0,RING-017,3,25.0,3000.683846153846,1225.9790338503408,1.0,2.196117365643722,1.0,3000.683846153846,1225.9790338503408,1.0,2.196117365643722,1.0,1,0.14861593314704113,13.471144646691801,22.05,LOW,15.803461538461537,3.0092616267884615,21.82198479203846,True,transaction amount unusual for merchant; transaction amount unusual for device,NONE,P3 — Low
a374f548-4dad-41d3-94f8-2868429d734a,POS-3BF5E359,MER-A82822,2026-08-01 14:03:56.379807+00:00,4062.91,0,30.2,v2.2.0,2.98,Mumbai,19.076,72.8777,1,normal,,1.0,1.0,1.0,2.0,3.0,1.0,RING-017,3,25.0,2299.85,1362.93108093511,1.0,1.2935797155571216,1.0,2299.85,1362.93108093511,1.0,1.2935797155571216,1.0,1,0.12313948061173552,20.570903284207223,21.83,LOW,15.382499999999999,2.654223793761261,20.690947587522523,True,No strong risk signals detected,NONE,P3 — Low
463c1a6e-af53-4d6a-b638-d9eade1806c9,POS-E9D66DA1,MER-38119E,2026-08-14 04:16:03.700104+00:00,266.7,0,90.1,v2.1.1,0.58,Pune,18.5204,73.8567,1,normal,,1.0,1.0,1.0,2.0,3.0,1.0,RING-018,9,25.0,2766.648888888889,1324.2514590998585,1.0,1.887820377096805,1.0,2766.648888888889,1324.2514590998585,1.0,1.887820377096805,1.0,1,0.14527919947048407,14.40102307887912,21.45,LOW,15.618333333333332,2.420219362930947,20.458772059195226,True,No strong risk signals detected,NONE,P3 — Low
daade8a1-7e1c-4c2a-a038-517bf32dbd8e,POS-B93996C3,MER-901889,2026-08-01 12:10:30.038277+00:00,4982.1,0,245.1,v2.3.0-beta,0.66,Delhi,28.7041,77.1025,1,normal,,1.0,1.0,1.0,1.0,1.0,1.0,RING-008,2,16.67,2018.3841176470587,1336.1073761633963,1.0,2.218171933803096,1.0,2018.3841176470587,1336.1073761633963,1.0,2.218171933803096,1.0,1,0.16609016359387196,8.60143924414825,19.17,LOW,14.382352941176471,2.3631851636397565,19.108723268455982,True,transaction amount unusual for merchant; transaction amount unusual for device,NONE,P3 — Low
2e72bea7-898d-4182-a6aa-c7cfd9fb4536,POS-982191FD,MER-C18197,2026-08-06 09:09:36.424977+00:00,2077.06,0,432.5,v2.2.0,2.92,Delhi,28.7041,77.1025,1,normal,,1.0,1.0,2.0,2.0,3.0,1.0,,0,0.0,2351.2925,1199.8264441743231,1.0,0.22856013995317206,1.0,2351.2925,1199.8264441743231,1.0,0.22856013995317206,1.0,1,0.0859311538012375,30.940091823869068,18.51,LOW,12.313125,2.3291220627810243,16.97136912556205,True,No strong risk signals detected,NONE,P3 — Low
56ada972-0e85-495b-ba4e-7e0e68fa96fb,POS-73F6AE86,MER-2BE75A,2026-08-09 17:33:40.844559+00:00,2843.37,0,197.1,v2.3.0-beta,2.83,Chennai,13.0827,80.2707,1,normal,,1.0,1.0,2.0,2.0,2.0,1.0,,0,0.0,2249.5508695652175,1293.7362060008181,1.0,0.45899552604343435,1.0,2249.5508695652175,1293.7362060008181,1.0,0.45899552604343435,1.0,1,0.10435292192754952,25.806327333234453,17.41,LOW,12.30391304347826,2.488821808023801,17.28155665952586,True,No strong risk signals detected,NONE,P3 — Low
